transaction_id,transaction_date,customer_id,store_id,product_id,quantity,unit_price,total_amount,promotion,payment_method
T00000001,2023-02-02 11:41:46,C000092,S0001,P00081,1,8.73,8.73,False,cash
T00000002,2023-10-09 17:16:48,C000147,S0019,P00106,5,6.11,30.55,False,card
T00000003,2023-08-27 06:20:13,C000444,S0012,P00053,3,2.94,8.82,False,cash
T00000004,2023-06-09 18:02:31,C000136,S0011,P00075,5,6.99,34.95,False,cash
T00000005,2023-06-07 14:49:16,C000452,S0011,P00053,3,2.9,8.7,False,cash
T00000006,2023-11-09 12:42:41,C000410,S0006,P00113,2,4.04,8.08,True,card
T00000007,2023-02-01 06:49:16,C000246,S0008,P00115,4,2.81,11.24,False,cash
T00000008,2023-09-11 20:12:26,C000262,S0007,P00032,1,13.41,13.41,False,insurance
T00000009,2023-03-15 08:02:16,C000102,S0003,P00028,1,11.99,11.99,False,mobile
T00000010,2023-02-04 06:44:00,C000461,S0005,P00001,1,8.88,8.88,False,cash
T00000011,2023-07-11 15:19:13,C000118,S0019,P00179,1,2.28,2.28,False,card
T00000012,2023-12-22 03:02:13,C000258,S0001,P00028,3,11.79,35.37,False,mobile
T00000013,2023-09-25 19:31:58,C000377,S0016,P00129,2,23.26,46.52,False,card
T00000014,2023-10-05 01:18:59,C000170,S0006,P00048,1,16.24,16.24,False,mobile
T00000015,2023-09-19 03:52:54,C000473,S0008,P00056,3,9.84,29.52,True,cash
T00000016,2023-10-14 03:03:28,C000035,S0017,P00153,5,3.14,15.7,False,mobile
T00000017,2023-07-06 19:32:50,C000101,S0005,P00018,2,4.44,8.88,False,cash
T00000018,2023-02-16 15:12:02,C000265,S0009,P00192,1,14.79,14.79,False,cash
T00000019,2023-11-02 16:02:26,C000420,S0004,P00118,1,6.06,6.06,False,insurance
T00000020,2023-06-13 22:34:18,C000398,S0010,P00128,1,4.01,4.01,True,mobile
T00000021,2023-07-02 03:04:28,C000165,S0011,P00166,3,4.5,13.5,False,cash
T00000022,2023-05-15 23:17:29,C000174,S0004,P00188,1,1.6,1.6,True,mobile
T00000023,2023-03-08 10:45:13,C000411,S0006,P00188,1,2.17,2.17,False,card
T00000024,2023-12-04 08:13:09,C000130,S0010,P00030,4,15.04,60.16,False,insurance
T00000025,2023-10-12 11:46:24,C000212,S0008,P00056,1,11.0,11.0,False,mobile
T00000026,2023-08-23 08:48:21,C000329,S0018,P00027,1,6.95,6.95,False,mobile
T00000027,2023-05-27 11:29:31,C000347,S0001,P00191,1,6.36,6.36,False,mobile
T00000028,2023-10-27 11:38:44,C000012,S0003,P00043,1,12.92,12.92,False,cash
T00000029,2023-07-18 12:52:08,C000354,S0007,P00140,2,11.11,22.22,False,card
T00000030,2023-06-11 09:39:59,C000493,S0018,P00014,2,3.56,7.12,False,card
T00000031,2023-06-13 23:12:53,C000500,S0003,P00157,1,40.55,40.55,False,insurance
T00000032,2023-03-24 17:09:27,C000227,S0016,P00068,1,4.54,4.54,False,card
T00000033,2023-02-03 12:53:57,C000114,S0005,P00105,1,3.69,3.69,False,cash
T00000034,2023-07-21 20:51:10,C000071,S0012,P00122,1,13.68,13.68,False,cash
T00000035,2023-11-20 04:36:21,C000100,S0005,P00009,2,18.21,36.42,False,insurance
T00000036,2023-01-24 05:30:27,C000219,S0008,P00139,1,4.06,4.06,False,card
T00000037,2023-11-09 10:01:58,C000314,S0011,P00011,2,5.56,11.12,False,mobile
T00000038,2023-10-29 06:11:10,C000355,S0002,P00138,1,1.34,1.34,False,insurance
T00000039,2023-04-11 17:46:21,C000276,S0003,P00106,1,6.32,6.32,False,insurance
T00000040,2023-08-18 22:13:13,C000158,S0009,P00124,1,4.91,4.91,True,card
T00000041,2023-03-02 03:26:28,C000219,S0017,P00182,1,16.03,16.03,False,mobile
T00000042,2023-10-03 22:39:16,C000343,S0016,P00080,3,15.52,46.56,False,insurance
T00000043,2023-09-12 23:46:07,C000145,S0013,P00068,4,4.39,17.56,False,insurance
T00000044,2023-05-10 01:08:20,C000454,S0005,P00111,1,6.55,6.55,False,card
T00000045,2023-01-25 17:20:56,C000337,S0002,P00183,1,7.9,7.9,False,cash
T00000046,2023-12-20 08:01:05,C000285,S0014,P00056,1,10.66,10.66,False,cash
T00000047,2023-06-12 05:31:33,C000150,S0002,P00112,1,6.98,6.98,False,card
T00000048,2023-11-22 02:18:22,C000222,S0004,P00058,10,16.05,160.5,False,insurance
T00000049,2023-09-04 18:18:02,C000067,S0012,P00198,4,2.9,11.6,False,insurance
T00000050,2023-10-11 07:57:30,C000481,S0015,P00184,1,5.16,5.16,False,insurance
T00000051,2023-10-04 14:28:54,C000474,S0016,P00013,2,2.05,4.1,False,cash
T00000052,2023-03-12 20:21:49,C000042,S0013,P00179,1,2.14,2.14,False,cash
T00000053,2023-05-13 11:04:59,C000339,S0016,P00134,3,3.93,11.79,False,mobile
T00000054,2023-06-19 21:16:29,C000122,S0006,P00049,5,2.58,12.9,False,mobile
T00000055,2023-07-01 04:42:25,C000183,S0009,P00177,2,10.26,20.52,True,card
T00000056,2023-01-16 22:40:10,C000149,S0006,P00182,10,13.82,138.2,False,mobile
T00000057,2023-07-18 22:49:52,C000241,S0008,P00186,2,15.65,31.3,False,card
T00000058,2023-02-26 03:52:22,C000152,S0017,P00133,1,8.58,8.58,False,cash
T00000059,2023-09-28 14:07:55,C000149,S0014,P00067,1,8.2,8.2,False,mobile
T00000060,2023-09-06 15:06:57,C000018,S0012,P00151,1,55.09,55.09,False,card
T00000061,2023-12-02 19:12:12,C000411,S0013,P00182,1,15.96,15.96,False,card
T00000062,2023-09-29 02:14:32,C000171,S0010,P00197,1,8.1,8.1,False,cash
T00000063,2023-05-14 10:59:25,C000208,S0008,P00166,1,4.63,4.63,False,insurance
T00000064,2023-12-19 04:09:55,C000334,S0004,P00065,2,1.25,2.5,True,mobile
T00000065,2023-05-30 13:11:19,C000261,S0015,P00168,1,17.8,17.8,False,card
T00000066,2023-04-29 14:24:37,C000284,S0019,P00079,3,14.36,43.08,False,cash
T00000067,2023-11-26 14:45:38,C000067,S0015,P00130,1,15.4,15.4,True,cash
T00000068,2023-05-15 20:20:09,C000132,S0018,P00151,1,56.82,56.82,False,card
T00000069,2023-01-28 18:56:02,C000112,S0017,P00055,1,1.98,1.98,True,card
T00000070,2023-06-20 22:02:22,C000422,S0016,P00042,1,17.06,17.06,False,insurance
T00000071,2023-10-17 15:03:37,C000191,S0019,P00092,1,11.64,11.64,False,card
T00000072,2023-03-10 23:13:18,C000038,S0018,P00052,1,3.16,3.16,False,insurance
T00000073,2023-06-18 12:14:56,C000332,S0017,P00175,1,10.38,10.38,False,mobile
T00000074,2023-02-17 06:59:39,C000115,S0011,P00079,1,13.35,13.35,False,insurance
T00000075,2023-09-07 21:04:25,C000355,S0003,P00016,2,5.08,10.16,True,cash
T00000076,2023-06-23 03:45:30,C000141,S0013,P00038,1,22.9,22.9,False,card
T00000077,2023-05-01 04:35:42,C000398,S0011,P00166,1,4.79,4.79,False,cash
T00000078,2023-03-24 14:16:48,C000039,S0010,P00066,1,4.45,4.45,True,card
T00000079,2023-07-25 11:28:16,C000484,S0020,P00086,1,1.32,1.32,True,mobile
T00000080,2023-09-01 19:29:42,C000046,S0019,P00029,3,7.8,23.4,True,mobile
T00000081,2023-12-09 06:30:51,C000249,S0005,P00040,1,25.05,25.05,False,card
T00000082,2023-06-09 02:57:33,C000334,S0013,P00084,1,8.24,8.24,False,insurance
T00000083,2023-02-28 11:46:18,C000401,S0004,P00072,1,11.5,11.5,False,insurance
T00000084,2023-10-31 02:16:37,C000082,S0015,P00161,2,12.52,25.04,False,card
T00000085,2023-08-18 05:37:16,C000031,S0004,P00023,1,35.16,35.16,True,mobile
T00000086,2023-09-12 21:30:58,C000327,S0017,P00013,1,2.15,2.15,False,insurance
T00000087,2023-02-05 09:22:18,C000490,S0015,P00070,5,2.77,13.85,False,cash
T00000088,2023-04-24 16:50:06,C000093,S0010,P00045,1,4.97,4.97,False,cash
T00000089,2023-10-07 11:53:04,C000429,S0002,P00196,2,5.58,11.16,True,cash
T00000090,2023-10-30 22:37:18,C000162,S0001,P00136,4,4.14,16.56,False,card
T00000091,2023-06-08 10:03:10,C000338,S0011,P00115,2,2.87,5.74,False,card
T00000092,2023-10-20 22:25:17,C000311,S0015,P00091,4,2.96,11.84,False,mobile
T00000093,2023-11-03 09:01:13,C000064,S0016,P00124,4,6.18,24.72,False,cash
T00000094,2023-05-22 01:00:40,C000491,S0001,P00087,2,33.34,66.68,False,cash
T00000095,2023-11-23 21:41:37,C000370,S0018,P00023,5,33.71,168.55,True,cash
T00000096,2023-04-15 22:50:03,C000193,S0016,P00129,2,21.27,42.54,False,card
T00000097,2023-03-29 04:46:36,C000218,S0006,P00109,3,1.45,4.35,False,insurance
T00000098,2023-09-06 10:16:51,C000187,S0014,P00097,1,7.66,7.66,False,insurance
T00000099,2023-08-20 18:45:05,C000077,S0016,P00093,1,5.35,5.35,False,card
T00000100,2023-02-20 20:52:39,C000316,S0004,P00004,1,5.25,5.25,False,insurance
T00000101,2023-10-31 02:47:18,C000397,S0017,P00090,1,6.87,6.87,False,insurance
T00000102,2023-03-14 18:23:53,C000075,S0011,P00110,1,7.64,7.64,False,insurance
T00000103,2023-10-20 23:35:55,C000478,S0018,P00020,1,3.6,3.6,False,mobile
T00000104,2023-01-03 16:19:00,C000265,S0002,P00011,2,5.5,11.0,False,cash
T00000105,2023-10-18 01:13:01,C000334,S0016,P00017,5,34.47,172.35,False,cash
T00000106,2023-10-14 10:34:17,C000068,S0002,P00106,1,6.46,6.46,False,cash
T00000107,2023-10-12 01:15:46,C000030,S0009,P00168,1,14.9,14.9,True,card
T00000108,2023-08-31 00:08:14,C000157,S0020,P00091,1,2.28,2.28,True,card
T00000109,2023-06-21 15:36:38,C000393,S0001,P00061,1,5.14,5.14,True,card
T00000110,2023-09-14 16:19:29,C000203,S0008,P00111,1,7.06,7.06,False,card
T00000111,2023-04-11 20:56:04,C000474,S0013,P00047,1,4.16,4.16,False,cash
T00000112,2023-10-12 04:26:56,C000037,S0010,P00071,3,5.11,15.33,False,insurance
T00000113,2023-07-22 06:07:55,C000497,S0017,P00086,1,1.88,1.88,False,mobile
T00000114,2023-06-17 01:05:18,C000187,S0012,P00109,1,1.47,1.47,False,card
T00000115,2023-07-04 00:58:34,C000453,S0004,P00012,1,10.89,10.89,False,mobile
T00000116,2023-07-27 00:31:23,C000157,S0011,P00170,1,24.57,24.57,False,insurance
T00000117,2023-01-14 13:31:24,C000314,S0012,P00192,4,11.58,46.32,True,insurance
T00000118,2023-02-20 21:15:59,C000153,S0019,P00137,1,7.52,7.52,False,cash
T00000119,2023-03-31 08:31:24,C000474,S0017,P00064,3,5.81,17.43,True,cash
T00000120,2023-02-11 16:32:05,C000416,S0019,P00195,1,7.32,7.32,False,mobile
T00000121,2023-06-10 00:27:51,C000124,S0006,P00180,1,9.09,9.09,True,cash
T00000122,2023-09-01 07:10:06,C000032,S0004,P00196,5,7.26,36.3,False,mobile
T00000123,2023-08-27 05:05:26,C000225,S0001,P00198,1,2.81,2.81,False,insurance
T00000124,2023-06-21 11:29:47,C000296,S0018,P00020,4,3.83,15.32,False,mobile
T00000125,2023-11-08 05:58:45,C000171,S0012,P00094,1,10.04,10.04,False,cash
T00000126,2023-07-25 17:54:10,C000055,S0012,P00081,3,8.78,26.34,False,mobile
T00000127,2023-01-29 19:52:06,C000460,S0011,P00180,1,11.63,11.63,False,cash
T00000128,2023-10-06 11:01:48,C000108,S0013,P00068,10,3.96,39.6,False,card
T00000129,2023-07-29 03:42:40,C000479,S0006,P00021,1,7.9,7.9,False,cash
T00000130,2023-08-20 00:53:57,C000385,S0009,P00154,1,21.36,21.36,False,card
T00000131,2023-07-25 19:06:05,C000432,S0015,P00076,1,3.24,3.24,False,card
T00000132,2023-07-21 12:04:11,C000356,S0014,P00177,1,12.14,12.14,False,card
T00000133,2023-02-02 23:11:17,C000495,S0016,P00066,1,6.57,6.57,False,mobile
T00000134,2023-07-23 13:14:02,C000125,S0008,P00165,1,6.97,6.97,False,mobile
T00000135,2023-10-17 08:21:24,C000038,S0001,P00156,1,2.51,2.51,False,cash
T00000136,2023-04-21 15:18:29,C000175,S0013,P00132,2,6.66,13.32,True,mobile
T00000137,2023-08-08 10:23:42,C000474,S0009,P00136,2,3.65,7.3,True,card
T00000138,2023-01-12 05:13:28,C000311,S0018,P00014,2,3.82,7.64,False,mobile
T00000139,2023-05-07 11:45:11,C000137,S0011,P00149,1,7.28,7.28,False,insurance
T00000140,2023-06-08 23:09:47,C000103,S0014,P00017,4,33.63,134.52,False,insurance
T00000141,2023-12-24 17:12:10,C000090,S0006,P00120,2,3.61,7.22,False,cash
T00000142,2023-03-20 02:36:42,C000111,S0013,P00044,1,32.84,32.84,True,cash
T00000143,2023-04-11 15:55:34,C000247,S0015,P00178,3,4.09,12.27,False,card
T00000144,2023-05-29 16:54:22,C000261,S0007,P00168,1,16.99,16.99,False,cash
T00000145,2023-12-28 07:55:37,C000059,S0018,P00018,2,4.55,9.1,False,cash
T00000146,2023-11-07 15:19:46,C000388,S0012,P00155,5,2.98,14.9,False,card
T00000147,2023-01-13 15:04:39,C000134,S0002,P00153,5,3.31,16.55,False,cash
T00000148,2023-03-27 03:41:43,C000446,S0015,P00168,3,16.03,48.09,False,insurance
T00000149,2023-10-27 02:08:53,C000480,S0019,P00120,1,4.14,4.14,False,card
T00000150,2023-01-22 05:19:57,C000126,S0004,P00122,1,13.93,13.93,False,card
T00000151,2023-11-08 11:08:26,C000385,S0007,P00023,4,43.2,172.8,False,card
T00000152,2023-04-13 10:10:11,C000222,S0010,P00098,2,6.39,12.78,False,cash
T00000153,2023-12-01 00:36:33,C000260,S0013,P00091,3,2.91,8.73,False,mobile
T00000154,2023-04-17 20:50:06,C000248,S0004,P00162,2,3.01,6.02,False,insurance
T00000155,2023-06-08 02:11:30,C000106,S0004,P00020,1,3.58,3.58,False,card
T00000156,2023-08-29 22:30:10,C000407,S0008,P00109,4,1.31,5.24,False,cash
T00000157,2023-02-15 23:11:18,C000261,S0015,P00067,1,8.04,8.04,False,cash
T00000158,2023-07-22 18:13:58,C000204,S0011,P00111,1,6.08,6.08,False,card
T00000159,2023-07-03 19:48:55,C000052,S0006,P00190,1,6.93,6.93,False,insurance
T00000160,2023-10-13 08:08:05,C000102,S0015,P00054,1,3.85,3.85,False,card
T00000161,2023-12-29 13:59:24,C000183,S0007,P00073,1,38.36,38.36,False,card
T00000162,2023-08-30 19:26:35,C000248,S0008,P00021,1,7.1,7.1,False,mobile
T00000163,2023-05-29 22:39:10,C000219,S0011,P00075,1,7.36,7.36,False,mobile
T00000164,2023-05-28 22:11:44,C000078,S0002,P00038,3,23.55,70.65,False,insurance
T00000165,2023-06-02 03:17:15,C000187,S0016,P00159,1,5.84,5.84,False,mobile
T00000166,2023-10-24 07:16:56,C000038,S0004,P00047,1,4.34,4.34,False,cash
T00000167,2023-04-27 22:08:26,C000175,S0008,P00078,2,5.99,11.98,False,mobile
T00000168,2023-03-02 18:40:31,C000261,S0002,P00129,1,25.43,25.43,False,mobile
T00000169,2023-05-02 16:22:12,C000295,S0015,P00013,1,1.65,1.65,True,mobile
T00000170,2023-01-09 06:24:45,C000491,S0014,P00109,2,1.35,2.7,False,mobile
T00000171,2023-02-08 15:15:41,C000160,S0005,P00071,1,5.42,5.42,False,cash
T00000172,2023-02-02 18:39:29,C000194,S0014,P00140,1,12.13,12.13,False,card
T00000173,2023-10-08 20:16:55,C000220,S0016,P00010,1,5.32,5.32,False,insurance
T00000174,2023-09-20 22:31:53,C000152,S0020,P00030,3,10.85,32.55,True,mobile
T00000175,2023-09-11 14:59:23,C000445,S0003,P00040,1,23.63,23.63,False,mobile
T00000176,2023-06-18 02:57:34,C000454,S0001,P00093,3,4.45,13.35,False,cash
T00000177,2023-09-19 00:13:24,C000409,S0008,P00200,1,7.51,7.51,False,mobile
T00000178,2023-02-28 16:52:13,C000359,S0003,P00133,1,8.71,8.71,False,insurance
T00000179,2023-11-24 19:49:52,C000092,S0004,P00200,1,7.19,7.19,False,mobile
T00000180,2023-07-02 09:07:38,C000474,S0013,P00083,1,19.85,19.85,False,card
T00000181,2023-12-08 10:49:01,C000105,S0013,P00079,1,14.01,14.01,False,insurance
T00000182,2023-02-25 10:35:54,C000405,S0006,P00135,1,12.56,12.56,False,card
T00000183,2023-07-01 00:40:32,C000391,S0014,P00045,3,4.44,13.32,False,mobile
T00000184,2023-09-11 11:03:17,C000079,S0001,P00097,4,8.09,32.36,False,cash
T00000185,2023-06-30 09:47:15,C000156,S0005,P00184,1,5.84,5.84,False,card
T00000186,2023-06-12 09:37:16,C000010,S0014,P00081,1,8.03,8.03,False,mobile
T00000187,2023-03-02 12:02:46,C000432,S0010,P00154,5,22.65,113.25,False,insurance
T00000188,2023-05-19 16:36:05,C000186,S0001,P00084,1,9.35,9.35,False,insurance
T00000189,2023-03-28 21:51:43,C000208,S0016,P00105,3,4.39,13.17,False,card
T00000190,2023-04-20 18:00:34,C000004,S0019,P00118,1,6.49,6.49,False,mobile
T00000191,2023-09-06 20:48:33,C000160,S0017,P00159,1,5.95,5.95,False,mobile
T00000192,2023-08-18 10:08:56,C000497,S0020,P00069,1,4.49,4.49,True,mobile
T00000193,2023-08-10 00:28:05,C000180,S0007,P00038,1,21.18,21.18,False,card
T00000194,2023-05-12 16:47:42,C000289,S0014,P00185,1,12.73,12.73,True,card
T00000195,2023-12-16 07:52:28,C000187,S0014,P00163,2,32.04,64.08,False,cash
T00000196,2023-02-01 21:42:34,C000122,S0008,P00181,1,8.86,8.86,False,card
T00000197,2023-05-05 16:52:23,C000231,S0004,P00146,3,7.88,23.64,False,insurance
T00000198,2023-02-12 22:53:58,C000006,S0013,P00119,1,6.83,6.83,False,card
T00000199,2023-05-04 09:00:47,C000347,S0004,P00162,5,2.11,10.55,True,cash
T00000200,2023-12-17 03:08:17,C000439,S0001,P00111,1,6.72,6.72,False,card
T00000201,2023-05-14 07:40:42,C000171,S0001,P00089,1,3.2,3.2,False,insurance
T00000202,2023-11-27 17:21:40,C000407,S0018,P00020,1,2.5,2.5,True,cash
T00000203,2023-06-30 04:53:37,C000372,S0012,P00193,1,38.82,38.82,False,insurance
T00000204,2023-09-12 16:38:30,C000290,S0010,P00052,1,3.34,3.34,False,mobile
T00000205,2023-06-16 11:59:57,C000321,S0018,P00102,2,1.75,3.5,False,insurance
T00000206,2023-04-07 18:38:24,C000495,S0013,P00161,1,10.71,10.71,False,insurance
T00000207,2023-10-06 04:18:31,C000470,S0002,P00126,1,7.08,7.08,False,insurance
T00000208,2023-12-19 18:43:30,C000334,S0011,P00031,1,2.39,2.39,False,insurance
T00000209,2023-04-06 22:09:11,C000135,S0005,P00194,1,3.16,3.16,False,card
T00000210,2023-10-11 11:10:05,C000144,S0012,P00129,1,24.52,24.52,False,mobile
T00000211,2023-04-06 01:19:08,C000351,S0012,P00083,10,18.03,180.3,False,insurance
T00000212,2023-09-18 22:45:10,C000103,S0016,P00066,2,6.01,12.02,False,mobile
T00000213,2023-10-15 04:45:41,C000134,S0013,P00131,2,7.17,14.34,False,mobile
T00000214,2023-06-13 13:37:19,C000218,S0004,P00038,3,22.97,68.91,False,mobile
T00000215,2023-09-26 05:43:47,C000451,S0005,P00057,1,14.93,14.93,False,cash
T00000216,2023-04-10 02:18:08,C000316,S0006,P00125,3,3.49,10.47,True,insurance
T00000217,2023-01-29 20:21:31,C000066,S0009,P00139,3,3.94,11.82,False,card
T00000218,2023-02-05 02:04:17,C000131,S0002,P00101,1,7.75,7.75,True,mobile
T00000219,2023-06-12 17:11:57,C000366,S0018,P00123,1,1.49,1.49,False,insurance
T00000220,2023-11-25 13:08:05,C000060,S0003,P00184,1,4.67,4.67,True,insurance
T00000221,2023-02-16 10:30:41,C000268,S0007,P00110,1,8.43,8.43,False,cash
T00000222,2023-06-15 21:39:42,C000074,S0015,P00138,1,1.37,1.37,False,insurance
T00000223,2023-09-14 06:25:27,C000012,S0019,P00103,1,10.01,10.01,False,mobile
T00000224,2023-03-15 15:50:47,C000415,S0013,P00171,1,16.32,16.32,False,insurance
T00000225,2023-09-20 16:02:27,C000049,S0017,P00007,4,10.0,40.0,False,insurance
T00000226,2023-04-22 08:50:13,C000003,S0018,P00192,1,14.58,14.58,False,card
T00000227,2023-10-22 08:27:37,C000485,S0001,P00200,2,7.69,15.38,False,mobile
T00000228,2023-07-30 20:03:44,C000156,S0006,P00070,1,2.64,2.64,False,cash
T00000229,2023-07-19 01:46:55,C000335,S0003,P00136,3,4.48,13.44,False,insurance
T00000230,2023-03-06 08:17:13,C000214,S0019,P00020,3,3.62,10.86,False,insurance
T00000231,2023-06-18 14:34:01,C000350,S0015,P00114,4,16.3,65.2,False,cash
T00000232,2023-11-08 19:22:57,C000130,S0017,P00022,1,6.47,6.47,False,cash
T00000233,2023-01-08 02:33:41,C000340,S0011,P00112,1,5.49,5.49,True,card
T00000234,2023-10-04 02:25:36,C000486,S0003,P00190,1,7.51,7.51,False,card
T00000235,2023-06-29 08:46:20,C000169,S0004,P00003,1,4.77,4.77,True,mobile
T00000236,2023-09-19 21:13:42,C000014,S0011,P00013,1,2.05,2.05,False,mobile
T00000237,2023-08-30 10:34:17,C000195,S0017,P00129,1,23.18,23.18,False,insurance
T00000238,2023-06-07 06:45:53,C000041,S0001,P00140,1,11.75,11.75,False,insurance
T00000239,2023-04-23 08:31:00,C000133,S0016,P00038,5,22.94,114.7,False,cash
T00000240,2023-08-17 08:10:12,C000009,S0013,P00083,4,18.03,72.12,False,cash
T00000241,2023-02-21 00:59:57,C000450,S0014,P00066,1,6.94,6.94,False,mobile
T00000242,2023-08-01 14:40:48,C000209,S0001,P00143,1,5.14,5.14,False,cash
T00000243,2023-02-04 11:15:10,C000119,S0016,P00199,1,10.56,10.56,False,cash
T00000244,2023-08-25 13:03:36,C000345,S0017,P00162,1,3.0,3.0,False,card
T00000245,2023-08-17 20:43:08,C000062,S0013,P00185,1,17.19,17.19,False,cash
T00000246,2023-01-31 17:42:20,C000187,S0011,P00021,1,8.02,8.02,False,card
T00000247,2023-10-03 17:24:52,C000066,S0011,P00012,1,6.89,6.89,True,card
T00000248,2023-06-01 08:29:36,C000233,S0012,P00033,1,6.5,6.5,False,mobile
T00000249,2023-10-14 10:14:25,C000133,S0014,P00181,1,8.89,8.89,False,card
T00000250,2023-01-16 03:32:29,C000339,S0007,P00108,4,2.75,11.0,False,cash
T00000251,2023-03-07 07:43:55,C000031,S0015,P00180,1,10.85,10.85,False,card
T00000252,2023-06-29 19:30:14,C000285,S0005,P00041,1,19.04,19.04,False,cash
T00000253,2023-03-10 12:20:06,C000060,S0002,P00174,1,5.8,5.8,False,mobile
T00000254,2023-05-01 01:40:03,C000212,S0019,P00193,1,38.75,38.75,False,insurance
T00000255,2023-08-29 10:59:36,C000086,S0003,P00011,1,5.82,5.82,False,card
T00000256,2023-02-22 14:33:48,C000279,S0004,P00086,2,1.56,3.12,True,cash
T00000257,2023-09-04 16:24:47,C000320,S0001,P00019,1,3.28,3.28,False,mobile
T00000258,2023-02-07 15:19:42,C000372,S0001,P00118,1,5.78,5.78,False,cash
T00000259,2023-03-05 18:25:03,C000023,S0014,P00107,4,0.62,2.48,False,cash
T00000260,2023-08-02 21:39:47,C000191,S0003,P00096,2,6.29,12.58,False,insurance
T00000261,2023-10-16 19:52:11,C000317,S0010,P00109,1,1.3,1.3,False,cash
T00000262,2023-03-04 02:18:00,C000260,S0002,P00107,1,0.62,0.62,False,mobile
T00000263,2023-04-20 04:44:13,C000040,S0009,P00099,2,21.78,43.56,True,insurance
T00000264,2023-12-03 17:50:58,C000193,S0003,P00018,1,3.48,3.48,True,insurance
T00000265,2023-12-27 05:52:37,C000181,S0004,P00133,1,8.79,8.79,False,insurance
T00000266,2023-07-31 12:09:00,C000361,S0009,P00027,1,6.43,6.43,False,mobile
T00000267,2023-06-12 17:19:31,C000298,S0020,P00194,1,3.23,3.23,False,insurance
T00000268,2023-05-07 06:15:16,C000336,S0018,P00082,1,6.55,6.55,False,mobile
T00000269,2023-08-11 22:22:48,C000407,S0005,P00196,4,7.66,30.64,False,card
T00000270,2023-08-04 02:14:16,C000319,S0013,P00192,4,14.05,56.2,False,cash
T00000271,2023-04-18 06:57:45,C000337,S0008,P00081,1,8.46,8.46,False,insurance
T00000272,2023-01-09 07:12:52,C000002,S0016,P00141,5,3.08,15.4,False,insurance
T00000273,2023-02-25 03:29:21,C000396,S0008,P00105,4,4.13,16.52,False,insurance
T00000274,2023-12-15 21:58:24,C000119,S0010,P00048,3,14.55,43.65,False,insurance
T00000275,2023-06-02 05:00:05,C000095,S0004,P00003,1,5.32,5.32,False,card
T00000276,2023-06-25 13:24:10,C000017,S0007,P00147,1,7.09,7.09,False,mobile
T00000277,2023-06-20 00:39:06,C000236,S0019,P00095,1,3.37,3.37,False,mobile
T00000278,2023-10-12 21:58:30,C000266,S0005,P00090,5,6.65,33.25,False,mobile
T00000279,2023-01-24 15:27:38,C000091,S0017,P00178,1,4.32,4.32,False,card
T00000280,2023-01-31 02:43:45,C000210,S0019,P00179,1,1.73,1.73,True,insurance
T00000281,2023-04-11 09:48:05,C000487,S0015,P00061,2,7.44,14.88,False,card
T00000282,2023-06-27 03:26:50,C000425,S0013,P00006,1,5.39,5.39,False,insurance
T00000283,2023-09-02 06:56:23,C000262,S0010,P00191,2,6.8,13.6,False,cash
T00000284,2023-06-28 14:48:59,C000093,S0001,P00100,1,9.02,9.02,True,insurance
T00000285,2023-06-10 14:02:40,C000238,S0019,P00125,1,4.52,4.52,False,mobile
T00000286,2023-12-08 08:51:07,C000145,S0003,P00014,10,3.35,33.5,False,mobile
T00000287,2023-02-28 14:39:41,C000337,S0007,P00027,1,7.04,7.04,False,mobile
T00000288,2023-07-28 02:36:59,C000479,S0006,P00146,1,8.35,8.35,False,mobile
T00000289,2023-07-17 09:02:58,C000451,S0009,P00165,5,7.04,35.2,False,insurance
T00000290,2023-06-22 08:24:12,C000174,S0004,P00149,3,7.29,21.87,False,mobile
T00000291,2023-10-21 23:10:17,C000136,S0006,P00188,1,2.02,2.02,False,card
T00000292,2023-04-08 04:17:58,C000391,S0003,P00189,1,7.53,7.53,False,card
T00000293,2023-12-14 04:09:35,C000325,S0017,P00165,2,6.51,13.02,False,insurance
T00000294,2023-05-01 16:35:12,C000095,S0010,P00041,10,18.92,189.2,False,mobile
T00000295,2023-07-18 09:09:33,C000324,S0011,P00190,3,6.44,19.32,False,card
T00000296,2023-07-09 12:35:39,C000254,S0019,P00050,2,16.68,33.36,False,mobile
T00000297,2023-11-06 07:39:35,C000309,S0014,P00095,1,3.33,3.33,False,cash
T00000298,2023-06-09 18:19:50,C000382,S0018,P00116,5,6.79,33.95,False,card
T00000299,2023-04-14 13:54:25,C000046,S0005,P00071,3,6.01,18.03,False,cash
T00000300,2023-01-08 20:48:11,C000369,S0002,P00093,1,5.19,5.19,False,card
T00000301,2023-05-13 09:05:35,C000051,S0006,P00008,1,37.28,37.28,False,insurance
T00000302,2023-10-28 18:29:11,C000197,S0020,P00041,1,13.16,13.16,True,mobile
T00000303,2023-01-04 14:37:40,C000088,S0005,P00184,4,5.69,22.76,False,insurance
T00000304,2023-11-23 04:51:38,C000243,S0018,P00047,3,4.36,13.08,False,cash
T00000305,2023-07-17 14:08:15,C000297,S0018,P00189,2,8.92,17.84,False,insurance
T00000306,2023-02-21 01:12:57,C000114,S0002,P00019,2,2.15,4.3,True,insurance
T00000307,2023-04-20 23:50:19,C000058,S0009,P00045,1,4.88,4.88,False,cash
T00000308,2023-07-21 16:03:35,C000096,S0011,P00060,1,9.9,9.9,False,mobile
T00000309,2023-04-25 21:53:12,C000063,S0005,P00130,1,13.98,13.98,True,cash
T00000310,2023-02-09 12:31:03,C000248,S0003,P00178,3,4.3,12.9,False,insurance
T00000311,2023-08-31 10:04:44,C000372,S0004,P00064,5,8.13,40.65,False,card
T00000312,2023-09-02 16:41:22,C000008,S0006,P00165,2,7.2,14.4,False,insurance
T00000313,2023-02-13 06:29:07,C000145,S0008,P00020,5,3.57,17.85,False,insurance
T00000314,2023-04-13 08:51:30,C000356,S0004,P00163,2,31.29,62.58,False,insurance
T00000315,2023-03-30 18:28:36,C000226,S0014,P00039,1,4.62,4.62,False,cash
T00000316,2023-08-29 00:42:58,C000164,S0013,P00100,4,11.54,46.16,False,cash
T00000317,2023-09-23 19:51:44,C000247,S0001,P00038,1,22.77,22.77,False,card
T00000318,2023-09-22 15:01:30,C000494,S0004,P00102,4,1.79,7.16,False,mobile
T00000319,2023-12-08 17:01:06,C000429,S0005,P00156,1,2.49,2.49,False,card
T00000320,2023-10-07 18:54:16,C000371,S0010,P00005,1,14.61,14.61,False,cash
T00000321,2023-04-27 17:27:20,C000444,S0017,P00069,1,5.51,5.51,False,insurance
T00000322,2023-02-09 05:13:29,C000283,S0011,P00154,1,22.49,22.49,False,insurance
T00000323,2023-08-12 17:31:11,C000435,S0003,P00088,3,4.36,13.08,False,card
T00000324,2023-11-30 10:16:47,C000002,S0017,P00053,1,3.01,3.01,False,mobile
T00000325,2023-12-21 22:57:25,C000163,S0011,P00107,1,0.67,0.67,False,insurance
T00000326,2023-03-25 19:08:58,C000035,S0016,P00194,1,2.55,2.55,True,mobile
T00000327,2023-03-28 01:40:29,C000321,S0010,P00014,4,3.77,15.08,False,card
T00000328,2023-01-14 14:50:09,C000347,S0010,P00075,1,6.62,6.62,False,card
T00000329,2023-02-21 10:03:58,C000334,S0019,P00152,1,2.59,2.59,False,mobile
T00000330,2023-07-21 23:11:28,C000253,S0008,P00180,1,11.61,11.61,False,cash
T00000331,2023-07-19 00:52:25,C000317,S0011,P00016,1,5.81,5.81,True,mobile
T00000332,2023-05-16 00:22:37,C000365,S0010,P00148,1,8.1,8.1,False,insurance
T00000333,2023-04-23 19:46:14,C000163,S0003,P00083,1,19.27,19.27,False,insurance
T00000334,2023-10-30 01:02:36,C000436,S0019,P00174,1,5.59,5.59,False,insurance
T00000335,2023-06-17 10:51:23,C000333,S0016,P00053,1,2.96,2.96,False,cash
T00000336,2023-10-22 04:53:06,C000331,S0014,P00061,1,7.81,7.81,False,mobile
T00000337,2023-12-17 14:37:08,C000465,S0002,P00023,1,43.02,43.02,False,cash
T00000338,2023-04-26 10:31:31,C000183,S0020,P00084,1,5.9,5.9,True,mobile
T00000339,2023-03-15 19:07:19,C000498,S0009,P00100,1,11.27,11.27,False,card
T00000340,2023-12-13 20:31:45,C000063,S0003,P00009,1,19.99,19.99,False,insurance
T00000341,2023-08-20 01:53:04,C000298,S0001,P00062,2,13.84,27.68,False,card
T00000342,2023-04-16 21:27:29,C000394,S0011,P00130,1,18.53,18.53,False,insurance
T00000343,2023-08-15 08:34:08,C000306,S0002,P00177,1,11.35,11.35,False,insurance
T00000344,2023-07-07 11:32:21,C000113,S0012,P00032,1,14.81,14.81,False,insurance
T00000345,2023-11-26 14:43:46,C000445,S0006,P00192,1,15.6,15.6,False,mobile
T00000346,2023-04-04 04:06:39,C000453,S0018,P00083,1,19.42,19.42,False,cash
T00000347,2023-12-27 20:43:13,C000281,S0017,P00084,2,8.88,17.76,False,mobile
T00000348,2023-12-07 17:16:36,C000273,S0017,P00149,1,7.38,7.38,False,insurance
T00000349,2023-03-07 18:36:45,C000242,S0013,P00127,5,31.69,158.45,False,insurance
T00000350,2023-03-01 22:00:50,C000189,S0016,P00003,1,5.22,5.22,False,cash
T00000351,2023-07-14 01:39:29,C000131,S0004,P00031,1,2.37,2.37,False,mobile
T00000352,2023-01-17 08:20:21,C000261,S0009,P00191,1,6.43,6.43,False,cash
T00000353,2023-04-19 18:17:56,C000022,S0020,P00005,1,16.09,16.09,False,insurance
T00000354,2023-06-08 09:00:28,C000065,S0005,P00050,4,16.24,64.96,False,cash
T00000355,2023-12-19 20:26:43,C000474,S0006,P00097,1,8.12,8.12,False,insurance
T00000356,2023-12-28 05:23:35,C000028,S0003,P00111,1,6.8,6.8,False,card
T00000357,2023-02-25 03:51:10,C000316,S0016,P00196,1,6.91,6.91,False,insurance
T00000358,2023-11-21 13:41:34,C000430,S0002,P00128,1,4.75,4.75,False,cash
T00000359,2023-02-03 02:21:15,C000073,S0001,P00044,1,45.59,45.59,False,card
T00000360,2023-09-30 11:50:23,C000391,S0009,P00198,1,2.89,2.89,False,insurance
T00000361,2023-11-04 19:32:05,C000296,S0020,P00080,1,16.46,16.46,False,insurance
T00000362,2023-11-21 05:57:48,C000249,S0005,P00056,1,8.21,8.21,True,card
T00000363,2023-03-23 07:46:45,C000438,S0005,P00066,2,6.47,12.94,False,cash
T00000364,2023-11-22 05:09:00,C000223,S0010,P00148,2,7.62,15.24,False,cash
T00000365,2023-02-12 05:12:33,C000042,S0019,P00157,1,43.07,43.07,False,cash
T00000366,2023-07-08 20:44:48,C000461,S0014,P00057,2,13.99,27.98,False,cash
T00000367,2023-06-20 21:56:52,C000217,S0010,P00182,1,15.34,15.34,False,card
T00000368,2023-04-25 23:57:22,C000075,S0001,P00115,3,2.56,7.68,False,mobile
T00000369,2023-01-09 01:11:22,C000238,S0007,P00026,1,16.35,16.35,False,mobile
T00000370,2023-10-09 00:18:02,C000024,S0010,P00038,1,21.94,21.94,False,insurance
T00000371,2023-05-03 03:39:31,C000174,S0005,P00076,3,3.44,10.32,False,card
T00000372,2023-08-29 20:16:22,C000293,S0019,P00198,1,2.89,2.89,False,card
T00000373,2023-05-30 07:40:52,C000101,S0005,P00169,1,56.88,56.88,False,card
T00000374,2023-05-17 00:16:26,C000428,S0002,P00141,1,3.12,3.12,False,mobile
T00000375,2023-11-19 14:40:52,C000090,S0010,P00032,1,16.1,16.1,False,insurance
T00000376,2023-02-04 09:15:39,C000096,S0012,P00167,1,8.36,8.36,False,mobile
T00000377,2023-09-26 03:05:21,C000312,S0019,P00124,2,6.36,12.72,False,mobile
T00000378,2023-09-29 19:57:15,C000301,S0015,P00171,3,18.03,54.09,False,insurance
T00000379,2023-05-19 07:36:19,C000326,S0014,P00169,4,58.47,233.88,False,insurance
T00000380,2023-04-06 12:51:18,C000353,S0012,P00184,1,5.45,5.45,False,mobile
T00000381,2023-01-02 22:21:45,C000006,S0012,P00112,1,6.3,6.3,False,insurance
T00000382,2023-12-07 23:59:59,C000286,S0012,P00021,1,7.49,7.49,False,mobile
T00000383,2023-12-11 23:22:56,C000266,S0008,P00100,1,12.11,12.11,False,card
T00000384,2023-03-29 17:07:08,C000304,S0013,P00174,5,5.9,29.5,False,card
T00000385,2023-01-12 14:46:29,C000416,S0003,P00113,10,5.78,57.8,False,insurance
T00000386,2023-02-14 16:24:47,C000085,S0008,P00053,2,2.7,5.4,True,insurance
T00000387,2023-01-25 14:55:41,C000312,S0004,P00039,2,4.61,9.22,False,card
T00000388,2023-10-30 12:36:01,C000353,S0008,P00163,1,31.28,31.28,False,cash
T00000389,2023-11-21 15:44:19,C000465,S0012,P00136,4,3.82,15.28,True,cash
T00000390,2023-02-25 19:05:30,C000282,S0006,P00070,3,2.52,7.56,False,insurance
T00000391,2023-09-29 19:30:57,C000290,S0020,P00134,3,3.43,10.29,True,cash
T00000392,2023-03-07 06:05:16,C000044,S0015,P00129,2,25.58,51.16,False,insurance
T00000393,2023-05-14 15:56:16,C000387,S0016,P00054,1,3.57,3.57,False,card
T00000394,2023-08-07 04:12:29,C000211,S0010,P00096,1,4.47,4.47,True,mobile
T00000395,2023-09-20 01:16:50,C000289,S0015,P00104,2,18.75,37.5,False,insurance
T00000396,2023-11-15 08:10:27,C000238,S0015,P00020,1,3.21,3.21,False,mobile
T00000397,2023-01-17 07:14:25,C000398,S0003,P00002,1,3.5,3.5,False,insurance
T00000398,2023-03-13 12:03:11,C000068,S0017,P00121,1,5.29,5.29,False,insurance
T00000399,2023-04-13 02:31:24,C000249,S0010,P00123,4,1.42,5.68,False,cash
T00000400,2023-04-23 22:59:15,C000029,S0002,P00197,1,8.7,8.7,False,card
T00000401,2023-12-30 06:46:17,C000176,S0005,P00078,1,6.04,6.04,False,mobile
T00000402,2023-10-10 23:24:31,C000028,S0018,P00193,3,40.13,120.39,False,cash
T00000403,2023-04-27 15:09:53,C000253,S0009,P00166,2,4.53,9.06,False,cash
T00000404,2023-12-20 17:52:33,C000189,S0017,P00144,1,16.02,16.02,False,cash
T00000405,2023-07-01 17:56:45,C000434,S0011,P00065,1,1.59,1.59,False,mobile
T00000406,2023-07-02 06:28:30,C000216,S0001,P00136,1,4.62,4.62,False,cash
T00000407,2023-06-07 20:47:35,C000286,S0016,P00189,1,8.55,8.55,False,cash
T00000408,2023-02-22 09:05:19,C000156,S0001,P00102,4,1.65,6.6,False,mobile
T00000409,2023-12-07 02:40:41,C000028,S0013,P00178,2,4.11,8.22,False,card
T00000410,2023-01-06 01:44:50,C000217,S0019,P00058,1,16.42,16.42,False,card
T00000411,2023-03-05 10:29:50,C000451,S0020,P00083,1,19.46,19.46,False,cash
T00000412,2023-03-25 14:16:30,C000207,S0007,P00027,4,7.08,28.32,False,insurance
T00000413,2023-04-12 15:56:35,C000323,S0004,P00102,2,1.58,3.16,False,card
T00000414,2023-02-17 23:35:56,C000458,S0019,P00134,1,3.95,3.95,False,card
T00000415,2023-01-07 12:54:39,C000427,S0016,P00100,1,10.73,10.73,False,mobile
T00000416,2023-09-04 16:01:34,C000074,S0017,P00050,2,16.74,33.48,False,cash
T00000417,2023-12-19 19:53:30,C000439,S0012,P00085,3,23.42,70.26,False,insurance
T00000418,2023-02-14 08:19:43,C000124,S0004,P00112,1,6.66,6.66,False,card
T00000419,2023-04-18 22:31:53,C000161,S0016,P00092,1,8.69,8.69,True,mobile
T00000420,2023-07-04 07:17:54,C000408,S0019,P00132,3,7.93,23.79,False,insurance
T00000421,2023-12-04 14:39:39,C000416,S0004,P00073,1,38.46,38.46,False,insurance
T00000422,2023-09-10 17:04:36,C000149,S0016,P00112,1,6.36,6.36,False,card
T00000423,2023-10-06 21:25:10,C000463,S0020,P00089,1,3.1,3.1,False,insurance
T00000424,2023-07-31 12:38:05,C000334,S0014,P00043,1,12.76,12.76,True,mobile
T00000425,2023-06-01 19:13:29,C000070,S0017,P00022,1,6.57,6.57,False,mobile
T00000426,2023-03-14 17:14:24,C000168,S0011,P00107,1,0.56,0.56,True,mobile
T00000427,2023-11-11 14:39:02,C000366,S0019,P00152,2,1.79,3.58,True,insurance
T00000428,2023-10-20 16:49:55,C000390,S0014,P00112,4,6.82,27.28,False,mobile
T00000429,2023-01-10 03:17:06,C000077,S0009,P00193,2,35.0,70.0,False,card
T00000430,2023-09-18 09:47:48,C000232,S0004,P00146,1,8.95,8.95,False,mobile
T00000431,2023-01-31 17:12:52,C000043,S0018,P00145,1,21.31,21.31,False,card
T00000432,2023-09-26 23:45:52,C000051,S0018,P00127,3,30.88,92.64,False,card
T00000433,2023-10-28 15:31:58,C000499,S0012,P00174,1,5.32,5.32,False,cash
T00000434,2023-02-17 16:55:13,C000326,S0013,P00042,1,16.53,16.53,False,insurance
T00000435,2023-06-07 21:59:24,C000007,S0016,P00070,2,2.27,4.54,True,card
T00000436,2023-02-15 01:06:47,C000303,S0011,P00178,1,3.4,3.4,True,mobile
T00000437,2023-07-26 11:46:39,C000292,S0013,P00107,1,0.74,0.74,False,card
T00000438,2023-12-04 15:11:12,C000284,S0006,P00170,1,24.1,24.1,False,mobile
T00000439,2023-01-30 10:28:35,C000113,S0002,P00074,1,3.41,3.41,False,mobile
T00000440,2023-05-25 17:14:35,C000115,S0019,P00145,1,21.21,21.21,False,mobile
T00000441,2023-04-20 13:05:16,C000499,S0008,P00044,1,44.96,44.96,False,insurance
T00000442,2023-02-18 03:02:42,C000316,S0002,P00022,1,7.23,7.23,False,mobile
T00000443,2023-06-27 20:16:13,C000162,S0013,P00186,1,16.64,16.64,False,mobile
T00000444,2023-07-05 01:08:34,C000083,S0004,P00036,1,27.59,27.59,False,insurance
T00000445,2023-08-30 06:46:55,C000102,S0015,P00134,1,4.32,4.32,False,card
T00000446,2023-12-14 20:19:30,C000038,S0004,P00049,1,2.68,2.68,False,card
T00000447,2023-07-09 15:39:17,C000294,S0007,P00142,1,9.68,9.68,False,insurance
T00000448,2023-04-15 06:23:39,C000218,S0007,P00081,1,9.27,9.27,False,mobile
T00000449,2023-12-16 13:02:42,C000178,S0009,P00052,1,2.71,2.71,True,cash
T00000450,2023-12-03 15:07:36,C000269,S0009,P00134,1,3.85,3.85,False,cash
T00000451,2023-07-01 16:42:13,C000339,S0002,P00133,3,8.13,24.39,False,mobile
T00000452,2023-01-10 01:10:21,C000216,S0015,P00097,4,7.53,30.12,False,mobile
T00000453,2023-08-06 06:50:02,C000262,S0020,P00080,1,13.12,13.12,True,insurance
T00000454,2023-07-22 02:12:36,C000127,S0017,P00122,5,10.0,50.0,True,card
T00000455,2023-02-23 22:44:56,C000188,S0010,P00146,1,7.84,7.84,False,insurance
T00000456,2023-08-19 18:24:24,C000008,S0015,P00164,1,13.76,13.76,False,mobile
T00000457,2023-11-03 01:10:22,C000423,S0003,P00147,2,6.79,13.58,False,cash
T00000458,2023-02-08 13:07:11,C000449,S0003,P00126,1,4.66,4.66,True,mobile
T00000459,2023-09-21 06:56:48,C000191,S0019,P00192,1,13.97,13.97,False,cash
T00000460,2023-02-21 02:00:24,C000292,S0013,P00171,1,12.18,12.18,True,insurance
T00000461,2023-09-30 13:44:47,C000284,S0019,P00113,2,5.32,10.64,False,insurance
T00000462,2023-06-02 13:22:58,C000172,S0013,P00035,4,5.28,21.12,False,card
T00000463,2023-01-03 08:52:49,C000056,S0008,P00183,1,8.09,8.09,False,cash
T00000464,2023-12-18 17:00:08,C000407,S0013,P00084,1,8.51,8.51,False,insurance
T00000465,2023-03-02 09:55:02,C000378,S0019,P00045,1,4.69,4.69,False,mobile
T00000466,2023-08-05 23:01:40,C000439,S0002,P00112,1,5.59,5.59,True,card
T00000467,2023-03-08 01:18:23,C000185,S0020,P00029,1,9.77,9.77,False,card
T00000468,2023-12-06 14:53:28,C000387,S0007,P00039,3,4.18,12.54,False,cash
T00000469,2023-09-26 18:00:43,C000132,S0016,P00181,1,8.03,8.03,False,mobile
T00000470,2023-10-20 18:53:49,C000267,S0017,P00127,10,33.17,331.7,False,mobile
T00000471,2023-06-07 06:39:00,C000227,S0002,P00166,1,3.92,3.92,True,card
T00000472,2023-06-20 03:02:44,C000399,S0010,P00159,1,5.99,5.99,False,insurance
T00000473,2023-08-19 21:15:18,C000001,S0001,P00164,1,10.26,10.26,True,cash
T00000474,2023-10-13 15:41:37,C000311,S0010,P00119,1,5.6,5.6,True,card
T00000475,2023-11-05 07:12:48,C000092,S0004,P00080,10,15.85,158.5,False,card
T00000476,2023-01-07 11:49:19,C000318,S0010,P00119,1,5.29,5.29,True,card
T00000477,2023-08-30 12:52:20,C000376,S0020,P00002,5,3.36,16.8,False,card
T00000478,2023-02-09 17:28:55,C000232,S0006,P00094,1,9.66,9.66,False,card
T00000479,2023-04-15 19:22:18,C000484,S0008,P00195,1,6.43,6.43,False,cash
T00000480,2023-10-29 21:53:18,C000081,S0004,P00092,2,11.5,23.0,False,card
T00000481,2023-04-02 04:28:59,C000304,S0007,P00142,3,9.47,28.41,False,mobile
T00000482,2023-10-18 00:59:39,C000068,S0007,P00133,3,8.82,26.46,False,cash
T00000483,2023-06-18 12:50:10,C000252,S0017,P00195,1,6.97,6.97,False,cash
T00000484,2023-03-26 16:20:58,C000339,S0003,P00128,1,4.22,4.22,True,card
T00000485,2023-05-02 15:57:26,C000451,S0005,P00200,1,8.19,8.19,False,cash
T00000486,2023-07-13 04:48:11,C000276,S0011,P00110,4,8.0,32.0,False,cash
T00000487,2023-10-06 12:19:33,C000037,S0012,P00092,1,10.06,10.06,True,cash
T00000488,2023-08-09 14:09:15,C000367,S0014,P00058,1,15.96,15.96,False,insurance
T00000489,2023-12-06 16:38:37,C000434,S0019,P00053,1,3.06,3.06,False,mobile
T00000490,2023-11-12 20:34:03,C000331,S0018,P00116,1,6.47,6.47,False,cash
T00000491,2023-10-02 05:17:47,C000489,S0001,P00108,5,2.87,14.35,False,card
T00000492,2023-08-08 12:44:39,C000164,S0004,P00130,3,17.64,52.92,False,cash
T00000493,2023-04-16 12:10:49,C000207,S0006,P00128,1,5.25,5.25,False,mobile
T00000494,2023-05-31 04:13:31,C000061,S0015,P00094,3,8.65,25.95,False,cash
T00000495,2023-02-13 06:39:37,C000445,S0018,P00027,1,5.9,5.9,True,insurance
T00000496,2023-05-17 04:52:18,C000168,S0012,P00020,3,3.73,11.19,False,cash
T00000497,2023-12-04 05:39:42,C000378,S0019,P00154,2,21.44,42.88,False,insurance
T00000498,2023-06-05 00:30:21,C000011,S0013,P00149,1,5.34,5.34,True,mobile
T00000499,2023-02-11 09:32:06,C000226,S0008,P00191,1,6.56,6.56,False,cash
T00000500,2023-08-26 07:16:10,C000064,S0009,P00002,4,2.8,11.2,True,insurance
T00000501,2023-12-17 09:24:13,C000345,S0015,P00124,1,6.38,6.38,False,mobile
T00000502,2023-11-12 18:23:54,C000020,S0020,P00153,4,3.32,13.28,False,insurance
T00000503,2023-04-10 18:19:55,C000229,S0007,P00080,2,12.12,24.24,True,card
T00000504,2023-06-15 05:14:35,C000202,S0008,P00136,1,4.35,4.35,False,card
T00000505,2023-07-13 06:57:37,C000413,S0011,P00090,1,7.39,7.39,False,insurance
T00000506,2023-04-01 05:07:35,C000075,S0019,P00042,1,18.59,18.59,False,cash
T00000507,2023-04-08 19:17:35,C000498,S0011,P00127,1,27.92,27.92,False,mobile
T00000508,2023-03-28 03:28:56,C000208,S0018,P00172,1,7.84,7.84,False,mobile
T00000509,2023-12-29 00:39:44,C000091,S0007,P00006,1,5.1,5.1,False,insurance
T00000510,2023-09-29 13:10:51,C000286,S0012,P00143,1,3.23,3.23,True,cash
T00000511,2023-11-03 01:43:17,C000156,S0015,P00142,2,9.41,18.82,False,mobile
T00000512,2023-10-25 05:32:41,C000351,S0013,P00096,4,6.76,27.04,False,cash
T00000513,2023-12-16 03:04:39,C000215,S0001,P00036,2,28.32,56.64,False,mobile
T00000514,2023-02-08 07:42:33,C000369,S0020,P00102,4,1.67,6.68,False,insurance
T00000515,2023-11-17 21:56:28,C000143,S0013,P00198,1,2.68,2.68,False,insurance
T00000516,2023-01-25 05:27:29,C000387,S0009,P00179,2,2.19,4.38,False,cash
T00000517,2023-06-23 01:16:41,C000485,S0002,P00013,4,1.88,7.52,False,mobile
T00000518,2023-08-05 08:58:21,C000064,S0001,P00039,2,4.12,8.24,False,card
T00000519,2023-05-11 06:16:28,C000200,S0010,P00194,1,3.24,3.24,False,insurance
T00000520,2023-02-23 04:58:10,C000299,S0001,P00001,3,9.29,27.87,False,cash
T00000521,2023-03-11 23:56:40,C000011,S0007,P00129,1,24.15,24.15,False,mobile
T00000522,2023-10-28 04:15:59,C000125,S0012,P00191,2,5.08,10.16,True,card
T00000523,2023-04-27 00:22:19,C000389,S0016,P00018,1,4.66,4.66,False,cash
T00000524,2023-04-23 23:05:01,C000274,S0019,P00129,1,25.13,25.13,False,mobile
T00000525,2023-12-03 02:29:22,C000098,S0014,P00117,1,8.91,8.91,True,mobile
T00000526,2023-02-22 08:51:54,C000028,S0005,P00050,1,15.43,15.43,False,mobile
T00000527,2023-11-30 03:46:19,C000445,S0006,P00174,3,4.14,12.42,True,insurance
T00000528,2023-12-02 05:35:53,C000356,S0010,P00019,1,2.0,2.0,True,cash
T00000529,2023-08-06 21:01:01,C000061,S0002,P00047,1,4.38,4.38,False,card
T00000530,2023-03-02 06:05:06,C000469,S0003,P00022,10,6.11,61.1,False,insurance
T00000531,2023-02-26 17:36:02,C000443,S0010,P00068,1,4.29,4.29,False,mobile
T00000532,2023-04-14 15:18:52,C000183,S0015,P00109,1,1.31,1.31,False,mobile
T00000533,2023-07-30 04:18:11,C000417,S0010,P00107,1,0.64,0.64,False,cash
T00000534,2023-02-25 21:57:59,C000298,S0019,P00037,3,1.41,4.23,False,card
T00000535,2023-06-15 20:37:40,C000357,S0005,P00148,2,8.27,16.54,False,cash
T00000536,2023-02-12 00:55:16,C000249,S0018,P00040,1,24.46,24.46,False,mobile
T00000537,2023-07-16 15:55:20,C000045,S0016,P00095,2,3.49,6.98,False,insurance
T00000538,2023-01-08 16:44:56,C000428,S0009,P00003,1,5.2,5.2,False,insurance
T00000539,2023-09-16 02:08:24,C000051,S0001,P00028,1,11.76,11.76,False,card
T00000540,2023-01-21 03:56:03,C000456,S0018,P00025,1,7.85,7.85,False,cash
T00000541,2023-03-12 21:57:49,C000063,S0012,P00149,2,7.56,15.12,False,cash
T00000542,2023-03-05 13:40:04,C000308,S0008,P00010,3,5.47,16.41,False,insurance
T00000543,2023-10-30 11:33:52,C000115,S0008,P00090,1,7.32,7.32,False,mobile
T00000544,2023-01-20 10:20:40,C000190,S0015,P00019,1,2.85,2.85,True,cash
T00000545,2023-06-06 06:00:45,C000391,S0009,P00130,1,14.22,14.22,True,card
T00000546,2023-08-04 04:13:57,C000492,S0019,P00013,2,1.78,3.56,False,mobile
T00000547,2023-07-07 19:44:14,C000306,S0004,P00083,1,19.26,19.26,False,cash
T00000548,2023-09-05 18:43:20,C000472,S0004,P00008,1,31.4,31.4,True,card
T00000549,2023-10-20 07:53:35,C000306,S0014,P00113,2,3.83,7.66,True,mobile
T00000550,2023-05-24 06:45:20,C000112,S0018,P00196,1,5.41,5.41,True,insurance
T00000551,2023-10-29 11:18:41,C000236,S0011,P00062,2,9.2,18.4,True,mobile
T00000552,2023-04-26 17:58:13,C000045,S0019,P00064,4,8.1,32.4,False,insurance
T00000553,2023-12-25 07:55:01,C000001,S0016,P00181,1,7.53,7.53,False,insurance
T00000554,2023-07-03 15:32:28,C000431,S0012,P00102,3,1.67,5.01,False,insurance
T00000555,2023-09-25 21:48:45,C000101,S0003,P00113,3,4.24,12.72,True,card
T00000556,2023-11-15 12:02:36,C000148,S0014,P00062,5,14.16,70.8,False,insurance
T00000557,2023-10-16 12:36:05,C000012,S0007,P00040,1,24.41,24.41,False,mobile
T00000558,2023-11-06 19:29:10,C000475,S0007,P00024,10,3.88,38.8,True,card
T00000559,2023-07-15 06:58:57,C000317,S0005,P00132,1,8.15,8.15,False,insurance
T00000560,2023-01-16 19:47:53,C000019,S0006,P00195,2,7.16,14.32,False,insurance
T00000561,2023-06-29 11:34:40,C000147,S0003,P00145,1,19.32,19.32,False,mobile
T00000562,2023-03-08 01:34:12,C000350,S0015,P00188,1,2.21,2.21,False,card
T00000563,2023-11-20 15:19:21,C000006,S0003,P00015,5,7.17,35.85,True,card
T00000564,2023-03-28 04:12:11,C000020,S0002,P00141,2,3.07,6.14,False,mobile
T00000565,2023-03-25 00:25:05,C000220,S0001,P00174,1,5.43,5.43,False,card
T00000566,2023-04-01 18:38:59,C000456,S0010,P00168,2,17.37,34.74,False,card
T00000567,2023-08-22 21:27:32,C000449,S0002,P00026,2,15.38,30.76,False,card
T00000568,2023-07-27 22:17:18,C000102,S0005,P00043,2,15.13,30.26,False,cash
T00000569,2023-12-12 09:04:26,C000489,S0006,P00137,1,8.18,8.18,False,insurance
T00000570,2023-06-01 12:28:07,C000463,S0003,P00010,4,5.35,21.4,False,insurance
T00000571,2023-04-13 17:58:55,C000245,S0014,P00102,1,1.53,1.53,False,mobile
T00000572,2023-01-18 22:17:02,C000420,S0010,P00143,1,5.4,5.4,False,mobile
T00000573,2023-01-03 13:48:54,C000185,S0008,P00045,2,4.73,9.46,False,cash
T00000574,2023-05-16 23:53:35,C000312,S0004,P00011,4,5.64,22.56,False,mobile
T00000575,2023-12-03 23:56:27,C000420,S0010,P00096,10,6.05,60.5,False,cash
T00000576,2023-07-10 15:30:21,C000146,S0005,P00044,1,45.62,45.62,False,cash
T00000577,2023-11-22 06:01:56,C000379,S0008,P00157,5,39.71,198.55,False,insurance
T00000578,2023-02-07 00:12:20,C000052,S0011,P00192,1,11.25,11.25,True,mobile
T00000579,2023-02-03 23:15:08,C000208,S0013,P00048,3,10.27,30.81,True,insurance
T00000580,2023-10-31 09:05:38,C000210,S0010,P00094,1,9.35,9.35,False,cash
T00000581,2023-02-08 20:29:54,C000130,S0019,P00086,1,1.77,1.77,False,card
T00000582,2023-01-19 21:56:19,C000397,S0016,P00166,2,4.59,9.18,False,insurance
T00000583,2023-05-28 02:09:13,C000020,S0011,P00029,1,10.68,10.68,False,cash
T00000584,2023-12-03 15:25:07,C000135,S0004,P00015,1,11.44,11.44,False,mobile
T00000585,2023-09-08 22:27:12,C000305,S0004,P00165,1,7.45,7.45,False,cash
T00000586,2023-02-06 01:51:08,C000076,S0015,P00158,1,6.13,6.13,False,card
T00000587,2023-11-01 17:10:37,C000217,S0008,P00115,5,2.33,11.65,True,insurance
T00000588,2023-11-04 01:28:15,C000046,S0018,P00138,1,1.3,1.3,False,card
T00000589,2023-10-19 10:53:06,C000095,S0018,P00047,4,4.46,17.84,False,mobile
T00000590,2023-11-25 13:34:41,C000004,S0005,P00039,1,4.28,4.28,False,mobile
T00000591,2023-03-29 07:34:28,C000471,S0016,P00099,1,25.99,25.99,False,cash
T00000592,2023-12-23 13:31:47,C000078,S0015,P00047,3,4.39,13.17,False,mobile
T00000593,2023-10-19 22:29:53,C000402,S0002,P00117,1,9.81,9.81,True,insurance
T00000594,2023-07-30 21:19:44,C000472,S0011,P00084,4,9.17,36.68,False,card
T00000595,2023-10-11 17:30:57,C000041,S0011,P00110,2,8.48,16.96,False,card
T00000596,2023-08-17 12:37:50,C000432,S0011,P00167,1,8.65,8.65,False,mobile
T00000597,2023-08-22 20:44:02,C000016,S0010,P00127,1,29.96,29.96,False,insurance
T00000598,2023-08-13 07:51:28,C000047,S0017,P00067,3,5.36,16.08,True,mobile
T00000599,2023-10-11 13:18:44,C000319,S0017,P00030,1,14.86,14.86,False,mobile
T00000600,2023-09-27 00:16:46,C000306,S0017,P00121,10,5.51,55.1,False,cash
T00000601,2023-02-18 23:26:53,C000375,S0004,P00159,1,6.4,6.4,False,insurance
T00000602,2023-10-28 16:24:56,C000044,S0003,P00146,1,8.87,8.87,False,cash
T00000603,2023-07-15 03:05:25,C000348,S0020,P00018,3,4.75,14.25,False,card
T00000604,2023-04-28 14:27:24,C000382,S0001,P00081,10,8.14,81.4,False,mobile
T00000605,2023-07-07 04:15:04,C000004,S0016,P00081,1,8.63,8.63,False,insurance
T00000606,2023-12-18 23:34:04,C000322,S0015,P00134,1,3.37,3.37,False,card
T00000607,2023-11-09 03:45:01,C000342,S0007,P00037,1,1.58,1.58,False,mobile
T00000608,2023-10-31 11:11:25,C000194,S0020,P00084,1,8.23,8.23,False,cash
T00000609,2023-06-18 11:00:55,C000413,S0002,P00037,1,1.36,1.36,False,cash
T00000610,2023-10-13 10:13:42,C000292,S0001,P00160,3,4.71,14.13,False,card
T00000611,2023-05-21 04:08:30,C000011,S0007,P00012,1,11.06,11.06,False,card
T00000612,2023-09-07 18:20:30,C000324,S0010,P00014,2,3.86,7.72,False,card
T00000613,2023-08-21 19:13:29,C000180,S0003,P00125,1,4.94,4.94,False,cash
T00000614,2023-04-01 22:14:29,C000457,S0014,P00132,4,8.0,32.0,False,card
T00000615,2023-04-07 23:49:25,C000256,S0006,P00027,2,6.72,13.44,False,mobile
T00000616,2023-01-23 06:03:33,C000315,S0005,P00156,2,2.42,4.84,False,insurance
T00000617,2023-02-20 21:01:00,C000207,S0003,P00108,2,2.8,5.6,False,card
T00000618,2023-06-07 20:05:33,C000038,S0020,P00067,3,7.77,23.31,False,insurance
T00000619,2023-06-23 22:44:09,C000012,S0020,P00159,1,6.33,6.33,False,card
T00000620,2023-03-02 02:29:41,C000211,S0009,P00019,4,3.07,12.28,False,insurance
T00000621,2023-06-01 17:56:44,C000463,S0010,P00148,1,7.34,7.34,False,mobile
T00000622,2023-08-08 22:05:41,C000421,S0019,P00076,1,3.2,3.2,False,insurance
T00000623,2023-03-26 15:43:51,C000451,S0017,P00150,1,20.1,20.1,False,card
T00000624,2023-05-04 02:50:15,C000185,S0013,P00016,1,6.92,6.92,False,card
T00000625,2023-05-14 18:34:59,C000194,S0007,P00082,3,6.46,19.38,False,cash
T00000626,2023-07-03 20:09:03,C000104,S0016,P00010,1,5.15,5.15,False,mobile
T00000627,2023-05-14 08:48:16,C000217,S0002,P00028,5,11.02,55.1,False,cash
T00000628,2023-09-26 05:56:54,C000392,S0018,P00168,4,17.62,70.48,False,cash
T00000629,2023-04-30 05:00:04,C000450,S0001,P00074,1,3.16,3.16,False,card
T00000630,2023-06-07 22:31:19,C000447,S0011,P00143,1,4.64,4.64,False,card
T00000631,2023-05-19 02:59:53,C000499,S0001,P00140,2,11.7,23.4,False,cash
T00000632,2023-03-08 13:57:08,C000018,S0010,P00028,2,11.41,22.82,False,card
T00000633,2023-09-07 14:39:14,C000194,S0015,P00085,1,22.93,22.93,False,mobile
T00000634,2023-03-27 16:51:27,C000012,S0010,P00048,10,16.59,165.9,False,insurance
T00000635,2023-04-19 01:30:46,C000051,S0013,P00150,1,15.72,15.72,True,card
T00000636,2023-10-16 13:28:52,C000379,S0001,P00163,2,30.78,61.56,False,cash
T00000637,2023-12-12 09:13:23,C000102,S0014,P00100,2,12.14,24.28,False,cash
T00000638,2023-09-02 04:29:09,C000101,S0008,P00047,1,4.65,4.65,False,cash
T00000639,2023-11-30 13:12:59,C000037,S0001,P00079,5,14.48,72.4,False,mobile
T00000640,2023-11-07 22:12:34,C000142,S0018,P00141,1,3.17,3.17,False,card
T00000641,2023-06-25 01:14:01,C000485,S0016,P00183,2,6.43,12.86,True,card
T00000642,2023-10-08 09:15:18,C000191,S0011,P00031,1,2.62,2.62,False,insurance
T00000643,2023-04-30 12:33:48,C000393,S0013,P00170,1,21.85,21.85,False,cash
T00000644,2023-06-17 14:54:08,C000449,S0013,P00165,2,6.64,13.28,False,cash
T00000645,2023-07-14 21:33:30,C000281,S0015,P00090,5,6.99,34.95,False,card
T00000646,2023-12-16 14:52:02,C000442,S0007,P00111,1,6.01,6.01,False,insurance
T00000647,2023-11-05 21:01:28,C000180,S0018,P00179,1,1.68,1.68,True,card
T00000648,2023-06-28 02:06:50,C000232,S0010,P00104,4,19.99,79.96,False,cash
T00000649,2023-08-26 13:00:11,C000409,S0001,P00106,3,6.55,19.65,False,insurance
T00000650,2023-03-15 15:47:11,C000455,S0006,P00137,4,6.36,25.44,True,cash
T00000651,2023-10-20 19:10:02,C000453,S0001,P00111,1,6.25,6.25,False,card
T00000652,2023-07-21 07:20:23,C000115,S0005,P00187,2,1.34,2.68,False,mobile
T00000653,2023-07-13 21:51:43,C000338,S0014,P00009,1,19.94,19.94,False,mobile
T00000654,2023-10-06 22:15:11,C000456,S0015,P00083,1,17.73,17.73,False,insurance
T00000655,2023-08-19 09:10:06,C000051,S0012,P00182,1,15.41,15.41,False,cash
T00000656,2023-01-27 09:04:20,C000401,S0007,P00025,3,7.65,22.95,False,mobile
T00000657,2023-04-15 21:19:39,C000156,S0002,P00178,3,2.93,8.79,True,insurance
T00000658,2023-03-06 07:49:00,C000016,S0012,P00054,1,3.57,3.57,False,cash
T00000659,2023-09-25 12:01:36,C000430,S0012,P00169,3,65.88,197.64,False,mobile
T00000660,2023-01-13 19:02:44,C000213,S0004,P00102,1,1.7,1.7,False,cash
T00000661,2023-03-15 16:12:23,C000206,S0006,P00014,1,3.6,3.6,False,cash
T00000662,2023-08-06 11:16:48,C000478,S0005,P00042,3,15.53,46.59,False,cash
T00000663,2023-09-10 21:45:23,C000154,S0008,P00075,1,7.54,7.54,False,mobile
T00000664,2023-07-03 04:52:18,C000491,S0006,P00039,4,3.44,13.76,True,mobile
T00000665,2023-11-10 07:14:31,C000498,S0008,P00125,4,4.52,18.08,False,card
T00000666,2023-12-01 11:51:39,C000153,S0010,P00001,1,9.11,9.11,False,insurance
T00000667,2023-02-18 02:03:01,C000374,S0010,P00189,1,7.69,7.69,False,insurance
T00000668,2023-12-13 17:08:13,C000140,S0009,P00037,1,1.37,1.37,False,card
T00000669,2023-08-12 15:13:17,C000069,S0009,P00033,1,5.26,5.26,True,cash
T00000670,2023-08-20 14:00:38,C000225,S0008,P00122,1,13.04,13.04,False,cash
T00000671,2023-02-04 14:45:23,C000043,S0019,P00190,3,7.23,21.69,False,cash
T00000672,2023-08-15 08:40:22,C000333,S0002,P00021,1,7.39,7.39,False,mobile
T00000673,2023-09-22 03:51:06,C000081,S0008,P00083,2,19.99,39.98,False,insurance
T00000674,2023-07-31 09:47:29,C000162,S0006,P00086,1,2.04,2.04,False,card
T00000675,2023-01-31 18:07:58,C000318,S0005,P00150,1,17.91,17.91,False,cash
T00000676,2023-07-10 10:54:54,C000327,S0013,P00092,1,11.16,11.16,False,mobile
T00000677,2023-12-07 16:22:13,C000392,S0005,P00072,1,12.12,12.12,False,mobile
T00000678,2023-09-21 07:46:00,C000184,S0016,P00041,1,18.76,18.76,False,insurance
T00000679,2023-02-20 00:23:44,C000270,S0002,P00177,2,11.2,22.4,False,insurance
T00000680,2023-12-16 10:01:22,C000401,S0004,P00072,1,10.87,10.87,False,card
T00000681,2023-12-16 00:46:41,C000005,S0012,P00142,1,9.44,9.44,False,insurance
T00000682,2023-03-03 15:50:21,C000434,S0015,P00035,1,5.62,5.62,False,mobile
T00000683,2023-10-19 12:31:27,C000397,S0007,P00085,1,25.98,25.98,False,insurance
T00000684,2023-05-29 01:04:50,C000153,S0013,P00055,1,1.75,1.75,True,mobile
T00000685,2023-08-05 02:24:22,C000058,S0019,P00071,1,5.14,5.14,False,cash
T00000686,2023-06-12 01:08:51,C000367,S0011,P00101,1,9.18,9.18,False,mobile
T00000687,2023-10-12 21:00:15,C000452,S0003,P00149,1,6.97,6.97,False,insurance
T00000688,2023-12-29 18:49:14,C000385,S0008,P00023,3,37.67,113.01,False,insurance
T00000689,2023-10-17 10:07:24,C000029,S0005,P00143,5,4.81,24.05,False,cash
T00000690,2023-12-06 00:27:39,C000213,S0014,P00016,1,6.86,6.86,False,mobile
T00000691,2023-12-11 08:29:33,C000338,S0015,P00115,2,2.76,5.52,False,insurance
T00000692,2023-02-02 19:09:39,C000492,S0001,P00085,1,25.32,25.32,False,cash
T00000693,2023-04-03 05:33:25,C000100,S0003,P00081,3,6.74,20.22,True,mobile
T00000694,2023-09-20 18:08:21,C000406,S0012,P00078,5,6.04,30.2,False,card
T00000695,2023-08-03 18:54:11,C000172,S0012,P00174,1,5.81,5.81,False,card
T00000696,2023-01-19 06:04:37,C000377,S0010,P00025,3,7.67,23.01,False,insurance
T00000697,2023-02-04 14:20:59,C000393,S0017,P00060,1,6.83,6.83,True,card
T00000698,2023-07-09 11:30:07,C000489,S0013,P00174,1,5.72,5.72,False,mobile
T00000699,2023-08-13 06:49:25,C000075,S0008,P00080,1,15.92,15.92,False,cash
T00000700,2023-03-03 01:11:46,C000070,S0011,P00189,1,8.45,8.45,False,insurance
T00000701,2023-03-04 08:24:03,C000212,S0006,P00107,3,0.69,2.07,False,mobile
T00000702,2023-02-17 01:54:58,C000104,S0015,P00124,3,6.45,19.35,False,cash
T00000703,2023-07-25 15:24:31,C000295,S0001,P00089,1,2.89,2.89,False,mobile
T00000704,2023-01-03 20:36:33,C000297,S0013,P00151,1,52.77,52.77,False,mobile
T00000705,2023-07-28 08:45:11,C000342,S0016,P00086,1,2.14,2.14,False,cash
T00000706,2023-06-23 05:42:46,C000357,S0002,P00015,5,8.46,42.3,True,insurance
T00000707,2023-06-19 14:50:47,C000087,S0007,P00037,4,1.41,5.64,False,cash
T00000708,2023-09-05 06:09:27,C000399,S0020,P00159,5,6.18,30.9,False,mobile
T00000709,2023-07-10 05:42:40,C000355,S0005,P00137,3,7.47,22.41,False,card
T00000710,2023-09-22 21:36:47,C000009,S0013,P00021,1,7.15,7.15,False,mobile
T00000711,2023-10-06 01:38:05,C000395,S0003,P00175,1,9.8,9.8,False,insurance
T00000712,2023-12-01 22:08:56,C000099,S0018,P00053,1,3.26,3.26,False,card
T00000713,2023-10-18 22:12:07,C000378,S0006,P00034,4,8.64,34.56,False,insurance
T00000714,2023-07-08 10:40:53,C000330,S0016,P00195,1,6.53,6.53,False,insurance
T00000715,2023-06-29 03:27:02,C000309,S0006,P00128,2,4.61,9.22,False,mobile
T00000716,2023-03-27 19:09:01,C000036,S0013,P00052,2,3.26,6.52,False,cash
T00000717,2023-08-07 06:02:54,C000305,S0015,P00130,1,18.89,18.89,False,mobile
T00000718,2023-02-20 15:29:14,C000331,S0007,P00002,10,3.6,36.0,False,card
T00000719,2023-12-05 23:16:48,C000199,S0005,P00019,3,3.06,9.18,False,card
T00000720,2023-11-04 14:18:24,C000261,S0015,P00120,1,3.75,3.75,False,card
T00000721,2023-02-13 13:59:33,C000434,S0016,P00037,1,1.06,1.06,True,card
T00000722,2023-10-14 02:06:38,C000245,S0006,P00016,3,6.24,18.72,False,insurance
T00000723,2023-02-12 15:01:00,C000369,S0010,P00063,1,8.31,8.31,True,insurance
T00000724,2023-09-20 12:37:24,C000368,S0014,P00141,1,2.85,2.85,False,card
T00000725,2023-02-01 22:13:33,C000359,S0018,P00191,3,6.63,19.89,False,cash
T00000726,2023-06-27 16:51:28,C000095,S0019,P00118,2,5.67,11.34,True,insurance
T00000727,2023-08-28 11:05:37,C000290,S0011,P00046,1,4.94,4.94,False,insurance
T00000728,2023-09-23 06:53:30,C000097,S0006,P00199,4,10.13,40.52,False,cash
T00000729,2023-06-02 08:57:44,C000016,S0020,P00034,1,7.17,7.17,True,cash
T00000730,2023-12-02 11:18:10,C000398,S0009,P00165,2,7.84,15.68,False,mobile
T00000731,2023-10-09 20:28:19,C000081,S0004,P00192,1,11.0,11.0,True,card
T00000732,2023-03-17 19:24:03,C000229,S0012,P00036,3,31.18,93.54,False,cash
T00000733,2023-09-02 07:52:40,C000232,S0017,P00046,2,4.29,8.58,False,card
T00000734,2023-09-23 21:57:01,C000049,S0012,P00031,4,2.45,9.8,False,card
T00000735,2023-05-02 10:39:34,C000464,S0008,P00174,1,5.88,5.88,False,card
T00000736,2023-09-26 17:11:20,C000344,S0008,P00156,1,2.55,2.55,False,mobile
T00000737,2023-11-24 00:07:49,C000077,S0009,P00178,1,3.94,3.94,False,mobile
T00000738,2023-10-25 10:18:38,C000180,S0002,P00142,2,10.14,20.28,False,mobile
T00000739,2023-10-05 13:28:51,C000436,S0013,P00104,1,14.4,14.4,True,cash
T00000740,2023-08-19 22:58:11,C000273,S0019,P00102,1,1.68,1.68,False,card
T00000741,2023-04-09 11:23:35,C000068,S0020,P00188,1,2.1,2.1,False,card
T00000742,2023-10-17 11:04:04,C000175,S0013,P00090,1,7.06,7.06,False,mobile
T00000743,2023-05-13 13:34:53,C000199,S0018,P00037,3,1.42,4.26,False,cash
T00000744,2023-07-13 17:16:17,C000356,S0009,P00146,3,7.46,22.38,False,cash
T00000745,2023-04-25 10:56:51,C000017,S0020,P00024,1,4.35,4.35,True,card
T00000746,2023-04-24 22:31:02,C000378,S0020,P00039,4,4.58,18.32,False,insurance
T00000747,2023-02-27 08:53:43,C000392,S0007,P00154,1,23.02,23.02,False,cash
T00000748,2023-12-16 21:53:48,C000316,S0015,P00050,1,15.64,15.64,False,mobile
T00000749,2023-02-23 19:02:08,C000344,S0013,P00181,1,8.01,8.01,False,mobile
T00000750,2023-02-01 09:33:25,C000260,S0011,P00048,1,16.32,16.32,False,insurance
T00000751,2023-12-07 18:00:35,C000170,S0001,P00163,1,26.8,26.8,False,cash
T00000752,2023-07-22 00:35:42,C000425,S0012,P00083,1,21.48,21.48,False,card
T00000753,2023-06-09 09:31:47,C000273,S0020,P00067,4,8.41,33.64,False,insurance
T00000754,2023-09-26 10:43:28,C000236,S0004,P00156,3,2.26,6.78,False,mobile
T00000755,2023-05-20 12:40:55,C000194,S0001,P00050,5,14.81,74.05,False,mobile
T00000756,2023-02-16 13:31:23,C000367,S0006,P00109,1,1.39,1.39,False,mobile
T00000757,2023-09-23 14:32:04,C000340,S0009,P00176,5,20.23,101.15,False,mobile
T00000758,2023-03-06 01:31:54,C000425,S0012,P00100,1,12.5,12.5,False,card
T00000759,2023-07-21 06:56:51,C000390,S0001,P00178,1,4.3,4.3,False,cash
T00000760,2023-12-12 11:02:31,C000192,S0004,P00035,1,5.65,5.65,False,insurance
T00000761,2023-12-07 18:07:09,C000434,S0001,P00127,3,27.96,83.88,True,card
T00000762,2023-05-12 07:48:01,C000181,S0003,P00015,2,8.34,16.68,True,mobile
T00000763,2023-10-12 00:42:50,C000373,S0014,P00197,1,8.58,8.58,False,insurance
T00000764,2023-08-12 00:20:09,C000299,S0009,P00172,3,7.46,22.38,False,card
T00000765,2023-06-24 11:46:21,C000416,S0009,P00065,2,1.68,3.36,False,mobile
T00000766,2023-02-20 22:24:43,C000421,S0006,P00190,4,7.08,28.32,False,card
T00000767,2023-05-17 23:52:35,C000290,S0013,P00122,1,13.05,13.05,False,insurance
T00000768,2023-08-26 07:09:23,C000115,S0019,P00018,1,4.77,4.77,False,mobile
T00000769,2023-12-26 03:12:48,C000416,S0007,P00122,1,12.72,12.72,False,cash
T00000770,2023-01-02 18:43:26,C000325,S0017,P00061,1,7.76,7.76,False,insurance
T00000771,2023-09-19 06:21:13,C000485,S0006,P00177,1,12.56,12.56,False,card
T00000772,2023-11-05 01:35:56,C000106,S0013,P00023,1,45.84,45.84,False,cash
T00000773,2023-12-13 05:38:12,C000423,S0002,P00062,4,10.62,42.48,True,insurance
T00000774,2023-06-04 06:20:56,C000280,S0003,P00014,1,3.86,3.86,False,cash
T00000775,2023-02-13 03:01:43,C000419,S0012,P00156,1,2.53,2.53,False,insurance
T00000776,2023-04-09 15:10:09,C000153,S0006,P00031,1,2.01,2.01,True,mobile
T00000777,2023-11-06 14:15:44,C000445,S0007,P00116,2,7.39,14.78,False,mobile
T00000778,2023-11-16 13:38:22,C000080,S0010,P00046,2,3.24,6.48,True,card
T00000779,2023-08-20 21:28:39,C000229,S0012,P00161,2,12.84,25.68,False,mobile
T00000780,2023-02-14 16:15:39,C000094,S0004,P00042,10,15.27,152.7,True,mobile
T00000781,2023-02-14 09:06:28,C000395,S0012,P00172,1,8.13,8.13,False,cash
T00000782,2023-06-24 01:18:42,C000007,S0018,P00110,1,5.46,5.46,True,insurance
T00000783,2023-08-03 03:01:19,C000234,S0010,P00047,1,4.27,4.27,False,mobile
T00000784,2023-01-12 18:51:34,C000229,S0003,P00098,1,6.25,6.25,False,mobile
T00000785,2023-09-07 17:44:16,C000374,S0017,P00135,1,11.35,11.35,False,card
T00000786,2023-07-18 04:50:22,C000265,S0009,P00093,1,4.86,4.86,False,insurance
T00000787,2023-01-05 11:28:34,C000261,S0007,P00094,3,10.04,30.12,False,cash
T00000788,2023-02-04 19:50:20,C000374,S0008,P00087,5,24.02,120.1,True,insurance
T00000789,2023-06-15 08:55:18,C000037,S0012,P00187,4,1.47,5.88,False,card
T00000790,2023-09-21 00:30:23,C000354,S0001,P00006,1,5.8,5.8,False,card
T00000791,2023-10-28 10:41:25,C000359,S0005,P00089,1,3.07,3.07,False,mobile
T00000792,2023-06-06 23:51:03,C000302,S0007,P00107,1,0.64,0.64,False,mobile
T00000793,2023-04-18 12:15:23,C000301,S0006,P00109,3,1.51,4.53,False,insurance
T00000794,2023-12-19 11:09:34,C000351,S0004,P00146,1,9.17,9.17,False,mobile
T00000795,2023-06-16 21:52:34,C000095,S0001,P00129,5,22.01,110.05,False,cash
T00000796,2023-04-25 19:14:40,C000150,S0002,P00125,1,4.66,4.66,False,cash
T00000797,2023-06-11 00:03:22,C000453,S0018,P00133,5,8.67,43.35,False,mobile
T00000798,2023-01-05 09:37:57,C000362,S0008,P00001,10,8.76,87.6,False,cash
T00000799,2023-04-20 21:38:15,C000140,S0009,P00183,1,7.39,7.39,False,mobile
T00000800,2023-07-07 15:53:01,C000137,S0014,P00077,2,6.11,12.22,False,card
T00000801,2023-12-01 07:30:31,C000127,S0015,P00018,2,4.56,9.12,False,insurance
T00000802,2023-09-26 17:08:35,C000277,S0003,P00049,1,2.73,2.73,False,insurance
T00000803,2023-10-12 09:23:05,C000159,S0008,P00130,4,13.99,55.96,True,cash
T00000804,2023-07-18 08:15:41,C000416,S0008,P00138,1,1.29,1.29,False,cash
T00000805,2023-02-10 06:06:01,C000148,S0013,P00194,1,3.21,3.21,False,insurance
T00000806,2023-05-23 07:08:01,C000157,S0008,P00171,5,15.9,79.5,False,card
T00000807,2023-12-29 22:05:42,C000069,S0004,P00053,1,3.38,3.38,False,card
T00000808,2023-01-17 01:52:40,C000367,S0014,P00144,3,15.72,47.16,False,insurance
T00000809,2023-11-17 00:41:29,C000230,S0016,P00009,1,19.8,19.8,False,cash
T00000810,2023-09-07 03:45:15,C000356,S0012,P00002,1,4.14,4.14,False,card
T00000811,2023-04-14 08:13:27,C000184,S0013,P00094,1,9.08,9.08,False,insurance
T00000812,2023-10-11 04:30:33,C000321,S0016,P00008,3,35.35,106.05,False,mobile
T00000813,2023-11-01 15:07:43,C000403,S0009,P00049,2,2.61,5.22,False,insurance
T00000814,2023-01-16 17:33:43,C000275,S0003,P00027,1,6.81,6.81,False,mobile
T00000815,2023-02-08 17:40:51,C000004,S0019,P00191,3,6.19,18.57,False,mobile
T00000816,2023-08-31 07:59:19,C000441,S0006,P00080,3,15.96,47.88,False,card
T00000817,2023-12-30 16:10:45,C000117,S0012,P00187,3,1.35,4.05,False,mobile
T00000818,2023-01-09 17:22:17,C000214,S0008,P00119,2,6.28,12.56,False,card
T00000819,2023-08-31 07:25:19,C000346,S0014,P00020,4,3.82,15.28,False,mobile
T00000820,2023-02-19 16:40:43,C000332,S0001,P00091,5,2.74,13.7,False,card
T00000821,2023-08-25 15:29:32,C000101,S0005,P00094,1,9.11,9.11,False,insurance
T00000822,2023-08-15 21:16:43,C000242,S0003,P00179,10,2.09,20.9,False,mobile
T00000823,2023-02-02 22:05:24,C000200,S0007,P00001,1,8.85,8.85,False,mobile
T00000824,2023-09-05 18:50:27,C000195,S0014,P00036,1,28.28,28.28,False,insurance
T00000825,2023-11-23 12:29:02,C000013,S0019,P00110,3,7.38,22.14,False,insurance
T00000826,2023-11-11 07:02:38,C000020,S0020,P00047,1,3.93,3.93,False,card
T00000827,2023-01-11 13:20:22,C000441,S0009,P00137,1,7.67,7.67,False,mobile
T00000828,2023-03-31 12:19:37,C000020,S0009,P00198,1,2.74,2.74,False,cash
T00000829,2023-03-29 15:52:26,C000452,S0003,P00122,4,14.11,56.44,False,insurance
T00000830,2023-06-14 23:57:42,C000317,S0008,P00044,1,46.17,46.17,False,insurance
T00000831,2023-02-22 01:26:20,C000063,S0007,P00045,5,4.24,21.2,False,mobile
T00000832,2023-11-07 23:34:21,C000142,S0006,P00008,1,38.44,38.44,False,mobile
T00000833,2023-10-10 17:50:41,C000229,S0002,P00037,1,1.04,1.04,True,card
T00000834,2023-10-22 05:44:37,C000097,S0017,P00068,3,3.07,9.21,True,card
T00000835,2023-03-14 03:30:43,C000422,S0002,P00022,4,5.61,22.44,True,mobile
T00000836,2023-01-06 07:18:21,C000432,S0002,P00172,5,7.17,35.85,False,cash
T00000837,2023-11-28 11:20:08,C000104,S0008,P00014,5,3.6,18.0,False,card
T00000838,2023-04-16 03:54:14,C000126,S0001,P00142,1,7.04,7.04,True,insurance
T00000839,2023-08-27 21:09:59,C000366,S0007,P00125,1,4.44,4.44,False,insurance
T00000840,2023-11-28 00:50:16,C000474,S0011,P00150,1,20.8,20.8,False,card
T00000841,2023-01-14 03:55:02,C000348,S0010,P00034,2,8.2,16.4,False,mobile
T00000842,2023-01-02 23:48:55,C000313,S0007,P00088,2,4.36,8.72,False,cash
T00000843,2023-01-02 23:26:06,C000395,S0018,P00154,3,23.4,70.2,False,cash
T00000844,2023-02-26 21:39:42,C000015,S0018,P00164,1,13.24,13.24,False,card
T00000845,2023-01-19 19:17:00,C000377,S0014,P00056,1,10.91,10.91,False,cash
T00000846,2023-10-26 11:21:10,C000283,S0002,P00016,1,6.81,6.81,False,card
T00000847,2023-08-09 13:21:45,C000091,S0009,P00014,2,3.42,6.84,False,card
T00000848,2023-12-23 17:41:19,C000218,S0016,P00061,2,6.97,13.94,False,cash
T00000849,2023-10-19 17:44:43,C000438,S0013,P00089,10,3.01,30.1,False,insurance
T00000850,2023-12-17 14:24:35,C000262,S0017,P00168,1,17.45,17.45,False,card
T00000851,2023-03-28 19:59:51,C000272,S0003,P00068,1,3.99,3.99,False,mobile
T00000852,2023-04-15 18:13:02,C000142,S0002,P00118,1,6.27,6.27,False,cash
T00000853,2023-11-06 04:26:09,C000225,S0019,P00047,10,4.14,41.4,False,cash
T00000854,2023-03-31 03:17:46,C000145,S0020,P00101,1,8.67,8.67,False,mobile
T00000855,2023-01-21 19:58:41,C000231,S0017,P00056,2,11.9,23.8,False,insurance
T00000856,2023-09-01 13:31:15,C000056,S0019,P00178,2,4.1,8.2,False,card
T00000857,2023-10-19 13:13:13,C000305,S0003,P00192,1,14.36,14.36,False,insurance
T00000858,2023-12-19 10:09:44,C000477,S0002,P00005,1,14.74,14.74,False,cash
T00000859,2023-12-04 17:13:16,C000054,S0001,P00135,5,11.16,55.8,False,insurance
T00000860,2023-02-13 18:20:03,C000134,S0008,P00090,2,7.18,14.36,False,card
T00000861,2023-10-09 01:08:21,C000378,S0018,P00083,1,16.38,16.38,True,mobile
T00000862,2023-11-04 23:46:25,C000430,S0001,P00103,3,10.37,31.11,False,card
T00000863,2023-09-12 02:47:00,C000182,S0019,P00170,1,25.63,25.63,False,insurance
T00000864,2023-10-26 09:46:13,C000335,S0007,P00179,1,2.11,2.11,False,mobile
T00000865,2023-11-02 00:35:43,C000136,S0013,P00139,2,2.86,5.72,True,card
T00000866,2023-06-12 13:03:45,C000253,S0013,P00097,1,8.23,8.23,False,insurance
T00000867,2023-01-15 14:45:42,C000336,S0012,P00165,4,7.26,29.04,False,card
T00000868,2023-06-16 01:18:50,C000457,S0005,P00195,1,6.14,6.14,True,card
T00000869,2023-03-15 10:46:06,C000333,S0004,P00097,1,7.47,7.47,False,mobile
T00000870,2023-02-11 09:32:24,C000046,S0017,P00082,1,6.02,6.02,False,mobile
T00000871,2023-02-15 11:19:59,C000261,S0007,P00181,1,7.87,7.87,False,cash
T00000872,2023-09-11 20:15:33,C000447,S0013,P00126,1,7.83,7.83,False,mobile
T00000873,2023-07-03 15:34:58,C000379,S0011,P00068,2,4.63,9.26,False,cash
T00000874,2023-07-16 12:01:51,C000371,S0013,P00113,1,4.99,4.99,False,insurance
T00000875,2023-09-29 05:57:49,C000131,S0010,P00154,3,20.91,62.73,False,insurance
T00000876,2023-07-19 13:40:02,C000325,S0017,P00022,1,6.29,6.29,False,mobile
T00000877,2023-08-18 07:47:01,C000300,S0007,P00097,3,8.49,25.47,False,mobile
T00000878,2023-02-01 07:30:35,C000395,S0004,P00200,1,7.14,7.14,False,card
T00000879,2023-11-06 19:28:53,C000050,S0008,P00060,1,9.31,9.31,False,card
T00000880,2023-06-13 08:32:56,C000453,S0018,P00116,1,7.01,7.01,False,insurance
T00000881,2023-02-26 11:56:26,C000177,S0006,P00104,5,19.71,98.55,False,mobile
T00000882,2023-10-24 01:14:16,C000050,S0013,P00160,1,5.08,5.08,False,insurance
T00000883,2023-09-25 09:39:00,C000339,S0004,P00195,2,6.48,12.96,False,card
T00000884,2023-01-20 07:14:04,C000341,S0010,P00001,1,9.53,9.53,False,cash
T00000885,2023-03-12 06:24:37,C000097,S0003,P00094,1,8.93,8.93,False,mobile
T00000886,2023-01-06 17:35:13,C000274,S0007,P00158,1,4.01,4.01,True,cash
T00000887,2023-04-09 13:20:54,C000247,S0005,P00159,2,5.98,11.96,False,card
T00000888,2023-02-06 09:25:42,C000299,S0018,P00097,2,8.28,16.56,False,card
T00000889,2023-09-16 09:43:39,C000290,S0012,P00177,1,12.15,12.15,False,insurance
T00000890,2023-07-10 05:01:27,C000094,S0020,P00139,5,2.88,14.4,True,insurance
T00000891,2023-12-23 19:04:09,C000407,S0017,P00052,1,2.79,2.79,True,cash
T00000892,2023-09-30 18:58:07,C000266,S0009,P00049,1,2.83,2.83,False,insurance
T00000893,2023-08-11 14:26:42,C000154,S0002,P00052,1,3.12,3.12,False,cash
T00000894,2023-07-05 09:21:41,C000354,S0002,P00017,1,37.53,37.53,False,mobile
T00000895,2023-01-20 20:06:53,C000489,S0005,P00011,1,5.77,5.77,False,insurance
T00000896,2023-01-26 13:16:40,C000022,S0018,P00012,1,10.98,10.98,False,cash
T00000897,2023-08-13 08:04:31,C000002,S0006,P00146,1,7.43,7.43,False,cash
T00000898,2023-01-02 14:15:23,C000020,S0020,P00096,1,4.44,4.44,True,cash
T00000899,2023-01-16 09:58:27,C000303,S0020,P00125,2,4.62,9.24,False,cash
T00000900,2023-03-21 18:22:11,C000230,S0006,P00101,1,8.48,8.48,False,cash
T00000901,2023-11-18 19:53:49,C000043,S0017,P00025,1,7.84,7.84,False,insurance
T00000902,2023-06-17 01:12:49,C000270,S0015,P00001,4,7.78,31.12,True,card
T00000903,2023-09-16 06:52:33,C000459,S0020,P00181,4,8.39,33.56,False,insurance
T00000904,2023-05-30 19:24:28,C000110,S0001,P00155,5,2.8,14.0,False,insurance
T00000905,2023-03-05 00:26:41,C000331,S0016,P00105,3,3.68,11.04,False,insurance
T00000906,2023-05-16 02:25:24,C000257,S0001,P00019,1,3.62,3.62,False,card
T00000907,2023-02-03 09:16:29,C000330,S0018,P00174,3,5.97,17.91,False,mobile
T00000908,2023-10-08 08:55:53,C000201,S0002,P00060,1,7.59,7.59,True,card
T00000909,2023-03-08 19:20:46,C000029,S0009,P00103,2,10.31,20.62,False,card
T00000910,2023-05-18 00:01:41,C000195,S0016,P00146,1,8.7,8.7,False,cash
T00000911,2023-12-23 17:31:03,C000369,S0009,P00143,4,4.59,18.36,False,insurance
T00000912,2023-08-04 11:23:27,C000054,S0017,P00140,4,12.04,48.16,False,insurance
T00000913,2023-06-16 21:59:09,C000350,S0003,P00035,1,5.5,5.5,False,card
T00000914,2023-07-17 15:45:34,C000310,S0010,P00150,1,19.87,19.87,False,mobile
T00000915,2023-10-13 09:43:52,C000106,S0014,P00133,1,8.84,8.84,False,card
T00000916,2023-04-03 15:09:10,C000071,S0017,P00025,5,7.28,36.4,False,cash
T00000917,2023-08-20 15:39:48,C000022,S0018,P00102,1,1.42,1.42,True,cash
T00000918,2023-11-14 15:49:59,C000084,S0004,P00189,4,8.23,32.92,False,cash
T00000919,2023-07-28 08:36:05,C000329,S0012,P00068,2,2.92,5.84,True,insurance
T00000920,2023-06-12 12:58:26,C000232,S0010,P00005,5,14.68,73.4,False,cash
T00000921,2023-02-22 19:51:28,C000016,S0010,P00013,3,1.9,5.7,False,cash
T00000922,2023-04-01 09:03:26,C000032,S0011,P00168,3,17.63,52.89,False,card
T00000923,2023-12-11 08:28:11,C000112,S0013,P00033,1,6.86,6.86,False,cash
T00000924,2023-07-17 00:26:49,C000203,S0018,P00017,2,27.13,54.26,True,card
T00000925,2023-04-20 16:31:45,C000214,S0012,P00072,1,11.88,11.88,False,mobile
T00000926,2023-06-02 06:51:57,C000235,S0002,P00177,4,11.65,46.6,False,mobile
T00000927,2023-07-30 09:33:30,C000334,S0013,P00131,1,7.09,7.09,False,card
T00000928,2023-07-15 16:00:43,C000470,S0007,P00009,1,18.77,18.77,False,card
T00000929,2023-09-12 17:14:34,C000047,S0001,P00199,1,9.72,9.72,False,mobile
T00000930,2023-04-04 17:27:20,C000446,S0018,P00141,4,2.4,9.6,True,insurance
T00000931,2023-08-25 07:42:03,C000158,S0003,P00122,1,12.24,12.24,False,cash
T00000932,2023-06-11 03:13:40,C000454,S0014,P00039,5,4.27,21.35,False,insurance
T00000933,2023-12-09 09:01:58,C000154,S0019,P00109,1,1.4,1.4,False,mobile
T00000934,2023-02-27 11:36:48,C000326,S0004,P00038,1,24.59,24.59,False,insurance
T00000935,2023-02-24 00:45:47,C000444,S0005,P00174,1,4.6,4.6,True,card
T00000936,2023-06-18 01:02:54,C000029,S0016,P00035,1,5.43,5.43,False,insurance
T00000937,2023-07-05 00:58:10,C000406,S0012,P00037,4,1.48,5.92,False,card
T00000938,2023-09-09 11:29:09,C000483,S0016,P00058,2,15.21,30.42,False,card
T00000939,2023-05-28 01:38:40,C000162,S0004,P00033,1,6.64,6.64,False,cash
T00000940,2023-11-29 14:13:20,C000466,S0004,P00157,1,40.12,40.12,False,insurance
T00000941,2023-06-22 14:20:17,C000278,S0005,P00042,1,14.78,14.78,False,card
T00000942,2023-02-17 01:52:58,C000195,S0011,P00101,3,8.66,25.98,False,mobile
T00000943,2023-02-13 09:29:03,C000141,S0003,P00121,1,5.7,5.7,False,cash
T00000944,2023-12-21 07:40:25,C000049,S0012,P00071,1,4.98,4.98,False,mobile
T00000945,2023-02-18 19:27:01,C000470,S0005,P00192,2,10.64,21.28,True,cash
T00000946,2023-12-12 00:25:41,C000041,S0018,P00100,1,11.1,11.1,False,cash
T00000947,2023-04-12 05:16:04,C000429,S0020,P00032,2,13.38,26.76,False,card
T00000948,2023-02-04 00:01:23,C000211,S0008,P00010,1,5.58,5.58,False,card
T00000949,2023-04-21 21:53:58,C000432,S0012,P00073,4,38.14,152.56,False,mobile
T00000950,2023-08-12 18:00:07,C000320,S0015,P00124,1,6.17,6.17,False,cash
T00000951,2023-06-05 18:09:45,C000231,S0016,P00046,3,4.46,13.38,False,card
T00000952,2023-10-13 22:49:50,C000055,S0001,P00053,1,3.05,3.05,False,cash
T00000953,2023-08-11 09:35:14,C000345,S0008,P00186,2,16.38,32.76,False,insurance
T00000954,2023-05-26 21:14:55,C000276,S0012,P00027,1,6.77,6.77,False,card
T00000955,2023-08-20 00:07:12,C000127,S0001,P00187,1,1.45,1.45,False,card
T00000956,2023-12-20 14:41:51,C000433,S0004,P00043,1,13.91,13.91,False,mobile
T00000957,2023-05-30 21:34:48,C000011,S0020,P00196,2,6.66,13.32,False,mobile
T00000958,2023-02-25 20:29:02,C000003,S0020,P00065,1,1.69,1.69,False,mobile
T00000959,2023-05-29 19:07:45,C000325,S0001,P00061,1,7.13,7.13,False,insurance
T00000960,2023-11-02 19:14:39,C000187,S0019,P00105,1,3.95,3.95,False,insurance
T00000961,2023-03-21 05:12:10,C000077,S0004,P00022,2,6.5,13.0,False,mobile
T00000962,2023-12-12 11:42:38,C000099,S0003,P00116,1,6.86,6.86,False,mobile
T00000963,2023-08-03 03:26:36,C000497,S0017,P00032,3,14.79,44.37,False,cash
T00000964,2023-08-07 23:20:41,C000228,S0012,P00162,2,2.95,5.9,False,card
T00000965,2023-04-26 09:40:10,C000314,S0013,P00118,2,6.19,12.38,False,cash
T00000966,2023-12-02 01:06:48,C000054,S0002,P00120,1,4.12,4.12,False,insurance
T00000967,2023-01-14 03:01:07,C000410,S0020,P00150,4,19.44,77.76,False,card
T00000968,2023-04-19 17:11:33,C000015,S0010,P00124,1,6.66,6.66,False,insurance
T00000969,2023-06-02 07:08:34,C000028,S0012,P00098,1,6.54,6.54,False,card
T00000970,2023-06-23 17:28:41,C000053,S0019,P00072,2,11.34,22.68,False,mobile
T00000971,2023-06-22 14:01:23,C000372,S0011,P00104,1,20.59,20.59,False,insurance
T00000972,2023-02-23 20:16:04,C000028,S0006,P00175,1,9.78,9.78,False,insurance
T00000973,2023-03-24 02:46:45,C000126,S0019,P00073,1,39.57,39.57,False,mobile
T00000974,2023-02-04 16:02:06,C000162,S0014,P00072,3,10.56,31.68,False,insurance
T00000975,2023-07-28 08:59:33,C000142,S0013,P00126,3,6.36,19.08,False,cash
T00000976,2023-05-08 17:11:20,C000002,S0014,P00199,1,10.01,10.01,False,cash
T00000977,2023-07-25 22:35:00,C000171,S0001,P00043,5,14.78,73.9,False,cash
T00000978,2023-08-03 15:44:41,C000112,S0009,P00015,1,9.63,9.63,False,insurance
T00000979,2023-09-13 12:41:28,C000427,S0011,P00184,2,4.1,8.2,True,cash
T00000980,2023-07-19 02:54:09,C000460,S0006,P00104,1,19.93,19.93,False,cash
T00000981,2023-08-24 20:28:41,C000450,S0016,P00066,1,6.3,6.3,False,insurance
T00000982,2023-08-02 17:20:36,C000016,S0011,P00068,1,4.02,4.02,False,insurance
T00000983,2023-08-26 11:39:19,C000021,S0013,P00037,1,1.39,1.39,False,cash
T00000984,2023-08-13 11:00:05,C000281,S0005,P00083,1,15.62,15.62,True,cash
T00000985,2023-04-26 02:26:48,C000001,S0019,P00058,1,13.28,13.28,True,mobile
T00000986,2023-03-31 15:32:27,C000348,S0010,P00128,2,4.33,8.66,True,card
T00000987,2023-10-14 15:00:29,C000494,S0007,P00124,1,4.41,4.41,True,card
T00000988,2023-05-05 17:50:40,C000337,S0008,P00155,2,2.73,5.46,False,mobile
T00000989,2023-07-19 21:19:31,C000170,S0007,P00147,1,7.19,7.19,False,mobile
T00000990,2023-03-13 16:45:24,C000270,S0003,P00077,4,7.17,28.68,False,cash
T00000991,2023-06-07 00:52:10,C000263,S0013,P00107,4,0.63,2.52,False,insurance
T00000992,2023-07-12 19:08:31,C000413,S0006,P00158,1,6.22,6.22,False,card
T00000993,2023-08-16 20:50:42,C000291,S0003,P00172,5,7.8,39.0,False,card
T00000994,2023-07-11 14:25:36,C000221,S0003,P00185,1,16.15,16.15,False,cash
T00000995,2023-05-12 06:42:09,C000009,S0017,P00008,1,32.13,32.13,False,cash
T00000996,2023-12-17 02:02:03,C000078,S0014,P00110,5,7.23,36.15,True,insurance
T00000997,2023-07-06 15:17:24,C000343,S0015,P00133,2,8.26,16.52,False,cash
T00000998,2023-10-22 05:18:45,C000317,S0019,P00117,1,13.55,13.55,False,card
T00000999,2023-09-26 03:51:39,C000480,S0002,P00021,1,6.66,6.66,True,mobile
T00001000,2023-07-23 05:27:33,C000302,S0019,P00029,1,10.15,10.15,False,cash
T00001001,2023-11-19 15:36:57,C000203,S0013,P00048,1,16.4,16.4,False,cash
T00001002,2023-02-16 16:32:54,C000414,S0018,P00200,1,8.21,8.21,False,insurance
T00001003,2023-12-02 06:21:21,C000439,S0015,P00190,4,6.91,27.64,False,cash
T00001004,2023-11-06 11:34:29,C000303,S0007,P00059,1,4.24,4.24,False,mobile
T00001005,2023-07-03 07:44:14,C000052,S0017,P00077,1,7.09,7.09,False,cash
T00001006,2023-09-24 22:54:44,C000219,S0002,P00042,1,16.28,16.28,False,mobile
T00001007,2023-07-09 09:07:24,C000026,S0019,P00106,1,4.22,4.22,True,card
T00001008,2023-04-08 19:55:35,C000059,S0008,P00174,1,5.69,5.69,False,insurance
T00001009,2023-10-19 03:40:05,C000452,S0005,P00157,1,39.45,39.45,False,mobile
T00001010,2023-03-31 12:22:24,C000161,S0016,P00017,1,35.27,35.27,False,card
T00001011,2023-04-25 11:02:28,C000417,S0016,P00097,1,7.74,7.74,False,insurance
T00001012,2023-07-09 00:31:53,C000222,S0017,P00099,1,28.19,28.19,False,mobile
T00001013,2023-11-01 19:22:21,C000408,S0016,P00071,2,6.29,12.58,False,card
T00001014,2023-05-20 17:58:42,C000389,S0015,P00070,1,2.41,2.41,False,cash
T00001015,2023-06-29 20:49:17,C000292,S0018,P00092,1,11.98,11.98,False,mobile
T00001016,2023-01-16 03:59:17,C000290,S0010,P00016,5,5.59,27.95,True,card
T00001017,2023-02-12 04:07:27,C000111,S0010,P00059,1,4.46,4.46,False,mobile
T00001018,2023-01-21 08:45:20,C000081,S0011,P00064,1,8.29,8.29,False,insurance
T00001019,2023-01-27 05:30:31,C000427,S0015,P00131,2,7.82,15.64,False,mobile
T00001020,2023-11-03 11:39:10,C000293,S0014,P00037,1,1.16,1.16,True,insurance
T00001021,2023-10-27 03:59:56,C000415,S0004,P00097,1,7.47,7.47,False,mobile
T00001022,2023-01-21 05:26:28,C000170,S0020,P00099,4,28.07,112.28,False,insurance
T00001023,2023-01-29 06:18:21,C000324,S0007,P00046,2,4.87,9.74,False,insurance
T00001024,2023-04-13 03:25:17,C000057,S0011,P00107,1,0.5,0.5,True,card
T00001025,2023-07-25 18:25:05,C000446,S0005,P00021,3,7.72,23.16,False,cash
T00001026,2023-05-02 14:57:36,C000044,S0012,P00061,1,7.12,7.12,False,insurance
T00001027,2023-06-27 11:19:30,C000207,S0006,P00178,1,4.35,4.35,False,card
T00001028,2023-03-04 23:16:46,C000487,S0016,P00137,3,7.8,23.4,False,mobile
T00001029,2023-09-24 00:04:37,C000236,S0017,P00001,1,8.43,8.43,False,cash
T00001030,2023-04-25 06:10:21,C000217,S0002,P00046,3,3.82,11.46,True,insurance
T00001031,2023-01-25 05:18:02,C000206,S0018,P00133,10,8.19,81.9,False,mobile
T00001032,2023-09-28 08:09:44,C000398,S0012,P00086,1,1.36,1.36,True,card
T00001033,2023-11-25 14:45:34,C000132,S0018,P00094,1,9.66,9.66,False,insurance
T00001034,2023-01-06 08:16:09,C000278,S0011,P00160,1,3.35,3.35,True,mobile
T00001035,2023-06-08 22:46:33,C000371,S0019,P00129,3,24.29,72.87,False,mobile
T00001036,2023-10-29 02:11:14,C000194,S0016,P00048,2,15.75,31.5,False,cash
T00001037,2023-09-15 01:03:21,C000030,S0011,P00124,5,6.16,30.8,False,insurance
T00001038,2023-11-08 18:48:13,C000350,S0017,P00167,3,8.9,26.7,False,card
T00001039,2023-06-01 03:16:29,C000284,S0013,P00167,3,8.47,25.41,False,card
T00001040,2023-05-16 12:04:37,C000115,S0010,P00195,1,7.23,7.23,False,card
T00001041,2023-09-16 03:21:40,C000299,S0003,P00083,4,14.65,58.6,True,mobile
T00001042,2023-02-25 21:57:44,C000419,S0019,P00076,4,3.52,14.08,False,cash
T00001043,2023-03-29 03:35:04,C000390,S0016,P00064,1,7.76,7.76,False,mobile
T00001044,2023-08-07 16:56:31,C000169,S0004,P00113,1,5.07,5.07,False,insurance
T00001045,2023-09-01 07:37:11,C000366,S0017,P00057,1,15.38,15.38,False,mobile
T00001046,2023-02-13 13:27:34,C000007,S0011,P00129,1,26.16,26.16,False,card
T00001047,2023-07-05 00:35:52,C000308,S0012,P00119,2,6.92,13.84,False,insurance
T00001048,2023-05-13 19:56:08,C000181,S0012,P00015,2,11.81,23.62,False,card
T00001049,2023-07-02 15:14:26,C000292,S0012,P00041,1,19.1,19.1,False,card
T00001050,2023-12-15 20:50:15,C000268,S0004,P00092,10,11.97,119.7,False,insurance
T00001051,2023-01-28 21:16:09,C000196,S0015,P00043,2,15.02,30.04,False,insurance
T00001052,2023-12-29 08:22:40,C000494,S0019,P00037,1,1.35,1.35,False,mobile
T00001053,2023-06-13 15:31:10,C000142,S0011,P00081,1,9.23,9.23,False,insurance
T00001054,2023-10-09 01:06:30,C000010,S0012,P00048,1,17.61,17.61,False,card
T00001055,2023-06-04 12:10:31,C000450,S0018,P00075,1,7.68,7.68,False,card
T00001056,2023-04-24 04:33:35,C000116,S0019,P00162,1,2.8,2.8,False,card
T00001057,2023-10-08 11:57:34,C000283,S0002,P00083,1,17.97,17.97,False,mobile
T00001058,2023-09-08 07:26:31,C000288,S0016,P00030,1,14.74,14.74,False,insurance
T00001059,2023-02-22 10:29:26,C000168,S0010,P00020,2,3.23,6.46,False,card
T00001060,2023-09-14 18:25:48,C000253,S0002,P00170,1,23.43,23.43,False,mobile
T00001061,2023-10-02 02:53:03,C000160,S0013,P00196,1,7.25,7.25,False,insurance
T00001062,2023-05-22 04:11:06,C000083,S0016,P00014,1,3.52,3.52,False,card
T00001063,2023-12-03 22:28:28,C000180,S0017,P00095,1,3.3,3.3,False,card
T00001064,2023-08-22 06:48:11,C000425,S0002,P00179,3,2.13,6.39,False,cash
T00001065,2023-05-02 10:34:39,C000491,S0005,P00057,1,14.45,14.45,False,insurance
T00001066,2023-01-04 21:43:00,C000164,S0012,P00189,1,7.6,7.6,False,card
T00001067,2023-09-03 16:27:15,C000331,S0014,P00072,4,12.17,48.68,False,mobile
T00001068,2023-03-18 02:19:39,C000290,S0017,P00077,1,6.61,6.61,False,cash
T00001069,2023-10-03 09:00:56,C000218,S0003,P00088,2,4.47,8.94,False,insurance
T00001070,2023-07-11 03:10:17,C000404,S0001,P00069,1,6.3,6.3,False,card
T00001071,2023-06-19 21:19:25,C000287,S0014,P00045,2,4.43,8.86,False,card
T00001072,2023-03-01 14:31:53,C000307,S0018,P00147,3,6.89,20.67,False,card
T00001073,2023-09-16 23:42:37,C000130,S0010,P00187,1,1.46,1.46,False,insurance
T00001074,2023-03-02 09:21:44,C000179,S0018,P00189,2,7.37,14.74,True,insurance
T00001075,2023-06-02 01:29:47,C000265,S0011,P00086,2,1.95,3.9,False,insurance
T00001076,2023-11-01 09:57:16,C000165,S0005,P00002,1,3.67,3.67,False,mobile
T00001077,2023-12-02 00:18:58,C000286,S0020,P00153,1,3.28,3.28,False,cash
T00001078,2023-12-27 01:03:58,C000482,S0003,P00073,3,29.41,88.23,True,mobile
T00001079,2023-12-15 17:11:34,C000165,S0008,P00070,5,2.47,12.35,False,cash
T00001080,2023-07-22 08:56:56,C000130,S0018,P00157,1,39.99,39.99,False,insurance
T00001081,2023-03-14 23:23:53,C000440,S0011,P00161,10,10.93,109.3,False,mobile
T00001082,2023-11-02 10:06:48,C000445,S0010,P00089,1,3.04,3.04,False,insurance
T00001083,2023-10-19 19:02:40,C000087,S0004,P00097,1,5.64,5.64,True,mobile
T00001084,2023-12-27 11:27:01,C000500,S0014,P00200,1,7.14,7.14,False,card
T00001085,2023-08-25 22:40:51,C000384,S0011,P00003,1,5.19,5.19,False,insurance
T00001086,2023-02-21 12:58:54,C000029,S0017,P00048,1,16.29,16.29,False,card
T00001087,2023-07-03 01:21:13,C000406,S0003,P00106,1,5.83,5.83,False,cash
T00001088,2023-06-13 03:52:25,C000161,S0002,P00133,3,8.56,25.68,False,mobile
T00001089,2023-11-03 19:59:14,C000148,S0001,P00059,1,4.35,4.35,False,cash
T00001090,2023-05-23 21:30:55,C000059,S0016,P00053,2,2.49,4.98,True,mobile
T00001091,2023-04-30 14:35:09,C000133,S0007,P00109,1,1.33,1.33,False,insurance
T00001092,2023-01-30 03:18:38,C000081,S0005,P00027,1,6.69,6.69,False,insurance
T00001093,2023-11-01 02:32:55,C000102,S0019,P00111,1,6.38,6.38,False,cash
T00001094,2023-10-02 22:33:52,C000002,S0020,P00076,1,3.68,3.68,False,insurance
T00001095,2023-01-16 00:09:54,C000070,S0019,P00041,1,20.35,20.35,False,mobile
T00001096,2023-06-07 21:29:37,C000040,S0002,P00032,1,10.07,10.07,True,cash
T00001097,2023-06-24 14:49:03,C000267,S0006,P00071,5,5.81,29.05,False,cash
T00001098,2023-06-20 20:02:24,C000430,S0011,P00151,5,53.12,265.6,False,card
T00001099,2023-12-01 11:47:00,C000121,S0003,P00107,4,0.67,2.68,False,card
T00001100,2023-02-24 20:16:44,C000278,S0019,P00004,1,4.77,4.77,False,card
T00001101,2023-04-22 12:13:32,C000032,S0001,P00071,1,5.48,5.48,False,insurance
T00001102,2023-03-07 20:34:31,C000147,S0007,P00129,3,23.88,71.64,False,card
T00001103,2023-03-30 20:19:22,C000199,S0017,P00128,1,5.15,5.15,False,card
T00001104,2023-11-27 04:27:26,C000258,S0013,P00048,1,15.48,15.48,False,insurance
T00001105,2023-12-09 10:08:55,C000233,S0019,P00031,1,2.41,2.41,False,card
T00001106,2023-01-17 06:03:16,C000013,S0006,P00127,3,28.7,86.1,False,insurance
T00001107,2023-08-19 01:57:16,C000309,S0001,P00069,1,6.28,6.28,False,card
T00001108,2023-03-26 18:11:51,C000057,S0016,P00196,2,7.7,15.4,False,cash
T00001109,2023-03-12 02:12:48,C000366,S0003,P00175,1,10.3,10.3,False,card
T00001110,2023-04-17 07:25:49,C000117,S0001,P00075,1,6.42,6.42,False,card
T00001111,2023-03-12 18:09:54,C000339,S0010,P00022,2,5.96,11.92,False,mobile
T00001112,2023-06-28 10:21:57,C000458,S0001,P00178,1,4.27,4.27,False,insurance
T00001113,2023-12-29 09:39:17,C000368,S0004,P00127,2,30.02,60.04,False,mobile
T00001114,2023-08-02 11:11:06,C000489,S0020,P00046,1,4.74,4.74,False,insurance
T00001115,2023-09-21 06:15:07,C000472,S0013,P00176,1,19.63,19.63,False,mobile
T00001116,2023-06-29 13:22:52,C000486,S0016,P00166,1,4.85,4.85,False,insurance
T00001117,2023-01-06 01:29:38,C000163,S0013,P00173,1,19.4,19.4,False,mobile
T00001118,2023-01-31 14:49:53,C000267,S0020,P00012,1,10.14,10.14,False,cash
T00001119,2023-04-08 20:52:15,C000420,S0010,P00100,1,12.51,12.51,False,mobile
T00001120,2023-03-30 16:40:44,C000227,S0009,P00019,1,2.59,2.59,True,cash
T00001121,2023-11-02 23:18:08,C000478,S0005,P00138,1,1.28,1.28,False,card
T00001122,2023-11-04 01:35:18,C000009,S0002,P00120,3,4.15,12.45,False,insurance
T00001123,2023-11-07 21:36:16,C000405,S0013,P00200,1,7.78,7.78,False,insurance
T00001124,2023-08-21 01:58:30,C000452,S0001,P00030,4,14.9,59.6,False,insurance
T00001125,2023-07-22 10:43:43,C000377,S0010,P00015,3,10.33,30.99,False,card
T00001126,2023-08-25 06:57:58,C000468,S0007,P00103,2,10.86,21.72,False,insurance
T00001127,2023-05-29 01:51:54,C000154,S0018,P00107,1,0.68,0.68,False,card
T00001128,2023-09-01 22:53:44,C000217,S0003,P00057,1,14.36,14.36,False,insurance
T00001129,2023-10-17 04:15:07,C000214,S0008,P00030,5,12.84,64.2,False,mobile
T00001130,2023-10-05 16:43:15,C000270,S0007,P00102,3,1.73,5.19,False,insurance
T00001131,2023-08-12 10:25:18,C000166,S0016,P00082,1,5.92,5.92,True,insurance
T00001132,2023-01-22 03:38:08,C000053,S0013,P00200,1,8.31,8.31,False,insurance
T00001133,2023-09-21 21:09:30,C000315,S0008,P00194,10,3.14,31.4,False,insurance
T00001134,2023-05-14 10:41:27,C000250,S0007,P00097,1,7.9,7.9,False,cash
T00001135,2023-09-28 16:40:39,C000493,S0008,P00121,3,5.68,17.04,False,card
T00001136,2023-07-16 09:18:42,C000328,S0013,P00115,4,2.81,11.24,False,mobile
T00001137,2023-11-17 18:02:21,C000355,S0010,P00084,1,9.43,9.43,False,mobile
T00001138,2023-05-04 04:45:21,C000086,S0014,P00134,1,3.66,3.66,False,insurance
T00001139,2023-12-06 00:39:36,C000341,S0018,P00077,1,7.71,7.71,False,insurance
T00001140,2023-11-04 09:22:03,C000256,S0010,P00018,2,3.93,7.86,False,cash
T00001141,2023-05-01 12:33:03,C000031,S0008,P00136,2,4.23,8.46,False,mobile
T00001142,2023-06-25 15:45:12,C000040,S0011,P00146,1,8.37,8.37,False,mobile
T00001143,2023-07-13 09:51:23,C000390,S0019,P00008,1,39.72,39.72,False,cash
T00001144,2023-09-08 20:28:38,C000331,S0010,P00004,3,4.89,14.67,False,insurance
T00001145,2023-11-07 03:12:28,C000151,S0013,P00072,1,11.44,11.44,False,insurance
T00001146,2023-05-15 15:09:54,C000031,S0018,P00092,1,8.69,8.69,True,mobile
T00001147,2023-07-03 17:51:30,C000454,S0006,P00036,2,27.68,55.36,False,cash
T00001148,2023-06-06 20:02:04,C000311,S0010,P00046,1,4.78,4.78,False,mobile
T00001149,2023-11-28 01:50:55,C000274,S0018,P00166,1,4.52,4.52,False,cash
T00001150,2023-04-22 00:18:37,C000170,S0003,P00181,1,8.33,8.33,False,cash
T00001151,2023-08-02 17:06:53,C000481,S0012,P00200,2,7.05,14.1,False,card
T00001152,2023-02-13 17:46:17,C000409,S0019,P00147,1,7.84,7.84,False,mobile
T00001153,2023-11-06 11:59:47,C000343,S0020,P00019,4,3.03,12.12,False,insurance
T00001154,2023-05-20 20:31:41,C000145,S0015,P00177,4,12.71,50.84,False,card
T00001155,2023-05-04 23:24:04,C000210,S0014,P00036,5,28.66,143.3,False,card
T00001156,2023-08-01 04:21:53,C000274,S0014,P00136,1,4.4,4.4,False,mobile
T00001157,2023-07-01 13:39:54,C000056,S0014,P00039,3,4.24,12.72,False,card
T00001158,2023-11-05 15:55:16,C000476,S0002,P00097,3,8.02,24.06,False,mobile
T00001159,2023-07-13 10:24:25,C000217,S0012,P00060,5,9.49,47.45,False,mobile
T00001160,2023-07-08 04:27:56,C000494,S0014,P00003,2,5.72,11.44,False,cash
T00001161,2023-02-08 05:06:10,C000225,S0017,P00125,4,3.97,15.88,True,cash
T00001162,2023-01-08 23:39:05,C000144,S0004,P00052,1,3.24,3.24,False,card
T00001163,2023-05-26 01:45:17,C000439,S0018,P00071,1,5.78,5.78,False,card
T00001164,2023-12-30 08:19:41,C000489,S0017,P00058,1,14.84,14.84,False,mobile
T00001165,2023-11-30 21:51:43,C000301,S0020,P00140,1,11.13,11.13,False,insurance
T00001166,2023-08-17 22:46:00,C000499,S0011,P00086,2,1.94,3.88,False,mobile
T00001167,2023-08-18 14:57:02,C000166,S0014,P00024,1,5.48,5.48,False,insurance
T00001168,2023-05-23 12:10:34,C000008,S0015,P00194,1,2.99,2.99,False,cash
T00001169,2023-03-06 14:41:51,C000159,S0020,P00078,1,5.95,5.95,False,mobile
T00001170,2023-01-04 02:39:51,C000208,S0011,P00176,1,18.43,18.43,False,mobile
T00001171,2023-05-04 08:14:34,C000454,S0001,P00125,1,4.26,4.26,False,insurance
T00001172,2023-04-26 04:39:56,C000275,S0013,P00101,1,9.14,9.14,False,cash
T00001173,2023-03-11 17:50:38,C000093,S0003,P00100,2,11.85,23.7,False,cash
T00001174,2023-04-05 08:04:59,C000169,S0014,P00154,4,22.03,88.12,False,insurance
T00001175,2023-01-10 00:51:17,C000498,S0006,P00050,1,16.27,16.27,False,mobile
T00001176,2023-08-10 07:08:25,C000187,S0019,P00139,1,3.57,3.57,False,insurance
T00001177,2023-12-04 14:17:41,C000473,S0015,P00069,1,5.74,5.74,False,insurance
T00001178,2023-09-09 10:49:43,C000234,S0012,P00122,5,13.71,68.55,False,insurance
T00001179,2023-06-13 03:32:21,C000422,S0004,P00152,1,2.55,2.55,False,mobile
T00001180,2023-06-02 23:27:46,C000139,S0008,P00089,1,3.27,3.27,False,card
T00001181,2023-04-22 22:37:35,C000361,S0004,P00091,1,2.89,2.89,False,insurance
T00001182,2023-02-21 20:03:34,C000025,S0014,P00007,1,12.01,12.01,False,cash
T00001183,2023-08-06 20:17:48,C000424,S0014,P00200,10,6.62,66.2,True,cash
T00001184,2023-07-26 05:09:13,C000098,S0016,P00119,2,5.08,10.16,True,insurance
T00001185,2023-01-03 15:53:56,C000287,S0019,P00155,3,3.05,9.15,False,insurance
T00001186,2023-04-12 04:48:04,C000274,S0015,P00001,1,9.7,9.7,False,card
T00001187,2023-03-03 23:34:52,C000038,S0019,P00147,1,7.21,7.21,False,mobile
T00001188,2023-09-13 21:42:01,C000213,S0015,P00144,2,16.57,33.14,False,mobile
T00001189,2023-07-11 09:37:02,C000416,S0008,P00140,1,9.76,9.76,True,mobile
T00001190,2023-08-19 16:36:46,C000488,S0013,P00037,4,1.13,4.52,True,cash
T00001191,2023-09-17 16:58:32,C000204,S0009,P00125,1,4.72,4.72,False,mobile
T00001192,2023-12-24 09:03:25,C000480,S0004,P00104,1,20.44,20.44,False,card
T00001193,2023-10-20 04:56:05,C000203,S0017,P00121,1,5.49,5.49,False,cash
T00001194,2023-08-14 19:26:42,C000439,S0017,P00123,1,1.54,1.54,False,cash
T00001195,2023-11-16 23:07:57,C000076,S0018,P00162,2,2.92,5.84,False,cash
T00001196,2023-06-23 19:29:29,C000457,S0001,P00083,1,14.4,14.4,True,insurance
T00001197,2023-12-25 10:55:16,C000426,S0009,P00070,2,1.87,3.74,True,cash
T00001198,2023-10-05 03:52:30,C000346,S0010,P00037,3,1.47,4.41,False,insurance
T00001199,2023-08-25 22:07:01,C000353,S0017,P00177,1,11.57,11.57,False,insurance
T00001200,2023-11-25 19:28:21,C000141,S0018,P00105,3,3.57,10.71,True,cash
T00001201,2023-07-07 11:43:45,C000444,S0016,P00055,4,2.11,8.44,False,cash
T00001202,2023-09-20 07:59:59,C000500,S0015,P00112,1,5.41,5.41,True,mobile
T00001203,2023-04-14 15:24:32,C000116,S0014,P00057,1,10.65,10.65,True,card
T00001204,2023-12-17 14:36:48,C000115,S0018,P00035,1,3.99,3.99,True,card
T00001205,2023-08-15 21:44:15,C000283,S0007,P00050,1,16.24,16.24,False,card
T00001206,2023-10-12 15:35:50,C000500,S0017,P00010,4,5.21,20.84,False,card
T00001207,2023-06-17 17:00:15,C000129,S0020,P00127,2,30.13,60.26,False,insurance
T00001208,2023-11-12 12:22:39,C000178,S0020,P00033,4,7.08,28.32,False,cash
T00001209,2023-01-28 00:01:04,C000106,S0009,P00076,1,3.38,3.38,False,card
T00001210,2023-02-11 12:48:47,C000105,S0013,P00157,3,39.29,117.87,False,insurance
T00001211,2023-07-04 14:10:11,C000179,S0010,P00001,1,8.99,8.99,False,insurance
T00001212,2023-09-24 14:21:52,C000039,S0004,P00041,1,17.77,17.77,False,card
T00001213,2023-10-22 13:20:18,C000450,S0001,P00182,3,15.75,47.25,False,cash
T00001214,2023-06-10 04:36:53,C000493,S0010,P00049,1,2.47,2.47,False,mobile
T00001215,2023-08-25 11:32:43,C000261,S0006,P00142,4,9.71,38.84,False,cash
T00001216,2023-07-21 07:54:53,C000073,S0002,P00059,1,5.09,5.09,False,mobile
T00001217,2023-12-16 23:51:53,C000051,S0001,P00166,1,4.94,4.94,False,card
T00001218,2023-08-27 02:14:19,C000046,S0007,P00185,3,16.36,49.08,False,mobile
T00001219,2023-06-01 17:32:55,C000237,S0014,P00033,1,6.1,6.1,False,card
T00001220,2023-12-20 00:18:18,C000249,S0015,P00113,2,5.07,10.14,False,cash
T00001221,2023-02-09 00:57:45,C000075,S0001,P00140,1,12.32,12.32,False,cash
T00001222,2023-12-25 09:16:27,C000101,S0016,P00121,3,5.49,16.47,False,cash
T00001223,2023-02-26 01:27:28,C000253,S0008,P00019,4,2.99,11.96,False,mobile
T00001224,2023-04-15 21:57:43,C000437,S0010,P00087,1,26.35,26.35,True,mobile
T00001225,2023-10-27 00:21:45,C000282,S0010,P00103,1,9.99,9.99,False,card
T00001226,2023-09-25 02:04:14,C000408,S0015,P00072,1,11.21,11.21,False,cash
T00001227,2023-12-20 05:00:53,C000433,S0010,P00151,1,36.99,36.99,True,cash
T00001228,2023-09-30 23:51:23,C000138,S0016,P00050,2,15.82,31.64,False,cash
T00001229,2023-08-20 20:54:22,C000096,S0010,P00019,1,3.22,3.22,False,insurance
T00001230,2023-05-07 02:57:42,C000426,S0015,P00055,1,2.2,2.2,False,insurance
T00001231,2023-01-02 17:10:08,C000129,S0004,P00071,1,6.02,6.02,False,insurance
T00001232,2023-02-15 02:07:34,C000060,S0017,P00038,1,18.16,18.16,True,mobile
T00001233,2023-04-19 09:22:55,C000160,S0011,P00130,1,12.03,12.03,True,card
T00001234,2023-01-15 21:42:45,C000008,S0013,P00147,1,7.31,7.31,False,card
T00001235,2023-07-04 23:27:27,C000431,S0015,P00114,1,16.34,16.34,False,insurance
T00001236,2023-10-10 22:52:11,C000461,S0007,P00146,1,8.26,8.26,False,cash
T00001237,2023-12-17 14:59:37,C000499,S0007,P00137,2,7.27,14.54,False,insurance
T00001238,2023-06-28 06:01:01,C000066,S0005,P00007,2,11.36,22.72,False,card
T00001239,2023-11-15 12:02:42,C000421,S0004,P00073,2,30.82,61.64,True,insurance
T00001240,2023-12-25 17:40:45,C000100,S0020,P00179,2,1.58,3.16,True,mobile
T00001241,2023-11-09 23:27:42,C000455,S0011,P00170,1,23.51,23.51,False,card
T00001242,2023-06-19 06:00:29,C000009,S0011,P00148,1,6.29,6.29,True,cash
T00001243,2023-04-29 09:28:29,C000411,S0006,P00055,5,2.16,10.8,False,mobile
T00001244,2023-12-22 23:04:58,C000153,S0015,P00131,3,7.56,22.68,False,mobile
T00001245,2023-03-30 01:20:22,C000012,S0005,P00076,1,3.9,3.9,False,card
T00001246,2023-05-30 19:31:41,C000035,S0014,P00196,5,7.15,35.75,False,mobile
T00001247,2023-01-27 22:43:49,C000482,S0013,P00160,1,4.88,4.88,False,cash
T00001248,2023-10-16 21:36:26,C000166,S0007,P00135,1,12.57,12.57,False,cash
T00001249,2023-08-25 12:58:39,C000455,S0018,P00038,4,22.3,89.2,False,insurance
T00001250,2023-01-31 20:58:52,C000098,S0008,P00162,1,2.88,2.88,False,cash
T00001251,2023-03-22 18:45:49,C000048,S0017,P00169,4,63.26,253.04,False,cash
T00001252,2023-07-22 04:30:49,C000168,S0002,P00169,4,58.59,234.36,False,mobile
T00001253,2023-07-16 17:02:26,C000356,S0009,P00121,2,4.49,8.98,True,mobile
T00001254,2023-10-19 22:47:40,C000049,S0003,P00067,1,7.85,7.85,False,cash
T00001255,2023-04-07 20:37:38,C000473,S0002,P00139,3,3.42,10.26,False,cash
T00001256,2023-12-03 14:11:38,C000173,S0002,P00151,3,64.16,192.48,False,cash
T00001257,2023-06-11 18:55:18,C000491,S0011,P00037,2,0.97,1.94,True,card
T00001258,2023-10-27 10:05:09,C000274,S0011,P00163,1,23.14,23.14,True,insurance
T00001259,2023-03-28 18:29:49,C000079,S0002,P00010,1,5.16,5.16,False,card
T00001260,2023-01-14 10:58:34,C000384,S0012,P00079,1,13.24,13.24,False,cash
T00001261,2023-01-21 00:56:56,C000238,S0008,P00081,2,8.18,16.36,False,insurance
T00001262,2023-05-16 15:55:39,C000409,S0001,P00076,1,3.13,3.13,False,card
T00001263,2023-12-13 22:44:42,C000480,S0020,P00006,1,5.26,5.26,False,mobile
T00001264,2023-01-18 17:25:47,C000236,S0001,P00064,1,7.53,7.53,False,cash
T00001265,2023-05-15 07:23:34,C000241,S0011,P00199,10,10.31,103.1,False,cash
T00001266,2023-02-09 18:41:24,C000137,S0016,P00144,1,15.32,15.32,False,cash
T00001267,2023-12-06 02:08:54,C000286,S0006,P00012,1,11.1,11.1,False,cash
T00001268,2023-09-03 19:28:12,C000466,S0008,P00039,5,4.4,22.0,False,cash
T00001269,2023-10-05 14:52:26,C000311,S0005,P00157,4,36.69,146.76,False,mobile
T00001270,2023-09-17 15:01:25,C000044,S0015,P00006,4,5.05,20.2,False,mobile
T00001271,2023-08-28 03:47:03,C000322,S0018,P00051,2,5.44,10.88,False,insurance
T00001272,2023-10-09 15:13:26,C000403,S0015,P00177,1,8.47,8.47,True,mobile
T00001273,2023-01-03 22:58:41,C000051,S0010,P00024,1,5.61,5.61,False,mobile
T00001274,2023-11-12 00:37:43,C000097,S0019,P00149,1,7.15,7.15,False,card
T00001275,2023-09-27 07:27:36,C000257,S0017,P00167,1,7.82,7.82,False,insurance
T00001276,2023-09-27 03:40:24,C000298,S0009,P00147,1,7.45,7.45,False,card
T00001277,2023-05-24 05:03:43,C000105,S0011,P00152,2,2.57,5.14,False,card
T00001278,2023-10-19 12:24:52,C000364,S0017,P00146,10,8.75,87.5,False,insurance
T00001279,2023-05-19 23:33:53,C000006,S0020,P00106,1,5.67,5.67,True,cash
T00001280,2023-01-18 19:44:49,C000015,S0013,P00041,1,19.39,19.39,False,cash
T00001281,2023-11-27 10:41:35,C000320,S0008,P00079,1,13.82,13.82,False,insurance
T00001282,2023-03-27 08:53:56,C000351,S0006,P00195,2,6.49,12.98,False,mobile
T00001283,2023-02-07 02:11:58,C000393,S0019,P00135,1,8.57,8.57,True,insurance
T00001284,2023-08-15 08:53:56,C000250,S0011,P00006,1,5.3,5.3,False,cash
T00001285,2023-03-27 01:11:41,C000072,S0001,P00124,1,6.58,6.58,False,card
T00001286,2023-11-09 08:34:58,C000272,S0013,P00014,1,4.07,4.07,False,cash
T00001287,2023-06-11 12:36:08,C000371,S0002,P00035,5,4.04,20.2,True,insurance
T00001288,2023-01-02 15:18:47,C000243,S0018,P00129,1,25.94,25.94,False,mobile
T00001289,2023-12-13 10:12:35,C000377,S0020,P00010,3,5.63,16.89,False,cash
T00001290,2023-07-07 07:48:07,C000467,S0004,P00066,3,6.97,20.91,False,card
T00001291,2023-04-06 17:22:12,C000400,S0002,P00178,1,4.42,4.42,False,insurance
T00001292,2023-09-04 12:46:58,C000329,S0014,P00150,2,13.84,27.68,True,insurance
T00001293,2023-07-13 03:24:48,C000370,S0007,P00110,10,8.12,81.2,False,card
T00001294,2023-01-11 18:38:57,C000104,S0014,P00147,10,7.5,75.0,False,mobile
T00001295,2023-10-04 12:16:46,C000176,S0009,P00156,1,2.43,2.43,False,insurance
T00001296,2023-05-27 02:14:32,C000333,S0004,P00173,1,19.49,19.49,False,mobile
T00001297,2023-09-12 17:36:18,C000045,S0006,P00041,1,18.67,18.67,False,mobile
T00001298,2023-11-23 00:15:59,C000477,S0019,P00049,2,2.4,4.8,False,card
T00001299,2023-08-11 06:18:49,C000362,S0020,P00062,3,8.03,24.09,True,card
T00001300,2023-09-02 11:12:34,C000158,S0018,P00167,1,7.06,7.06,True,insurance
T00001301,2023-04-03 16:37:26,C000489,S0020,P00136,3,4.29,12.87,False,cash
T00001302,2023-03-28 12:11:00,C000234,S0009,P00112,2,6.36,12.72,False,card
T00001303,2023-06-01 01:27:15,C000022,S0016,P00040,1,24.3,24.3,False,insurance
T00001304,2023-11-07 09:53:46,C000161,S0013,P00127,1,29.86,29.86,False,cash
T00001305,2023-07-10 19:20:59,C000133,S0011,P00138,1,0.99,0.99,True,cash
T00001306,2023-05-07 16:24:09,C000374,S0007,P00024,1,5.28,5.28,False,mobile
T00001307,2023-10-11 18:40:41,C000328,S0019,P00109,1,1.0,1.0,True,mobile
T00001308,2023-11-07 14:49:09,C000231,S0015,P00069,1,6.23,6.23,False,cash
T00001309,2023-11-25 12:31:54,C000488,S0020,P00021,3,7.6,22.8,False,mobile
T00001310,2023-04-19 19:34:18,C000129,S0009,P00088,10,4.5,45.0,False,card
T00001311,2023-09-16 07:25:03,C000036,S0002,P00166,2,4.22,8.44,True,insurance
T00001312,2023-08-03 21:02:16,C000245,S0010,P00040,1,22.22,22.22,False,card
T00001313,2023-06-13 10:13:05,C000062,S0012,P00084,2,5.91,11.82,True,card
T00001314,2023-05-25 11:40:06,C000161,S0011,P00001,5,6.02,30.1,True,card
T00001315,2023-02-11 16:44:15,C000160,S0005,P00138,1,1.11,1.11,True,mobile
T00001316,2023-04-11 00:52:18,C000127,S0009,P00021,1,6.79,6.79,False,cash
T00001317,2023-07-20 01:52:31,C000496,S0006,P00058,10,14.85,148.5,False,mobile
T00001318,2023-11-19 16:58:01,C000183,S0017,P00199,2,10.8,21.6,False,cash
T00001319,2023-11-12 08:21:37,C000003,S0020,P00029,1,7.04,7.04,True,card
T00001320,2023-03-10 06:49:06,C000302,S0018,P00062,4,12.3,49.2,False,insurance
T00001321,2023-09-05 06:33:48,C000342,S0010,P00166,1,4.74,4.74,False,cash
T00001322,2023-01-31 20:54:50,C000205,S0015,P00058,1,14.8,14.8,False,mobile
T00001323,2023-09-03 16:54:51,C000117,S0010,P00030,4,13.18,52.72,True,cash
T00001324,2023-05-05 11:04:25,C000353,S0013,P00054,1,3.77,3.77,False,insurance
T00001325,2023-06-13 17:52:28,C000020,S0020,P00111,5,5.79,28.95,False,insurance
T00001326,2023-09-19 05:17:44,C000080,S0001,P00042,1,15.86,15.86,False,insurance
T00001327,2023-06-04 15:49:30,C000255,S0016,P00108,1,2.83,2.83,False,card
T00001328,2023-10-21 21:43:21,C000251,S0005,P00161,1,12.27,12.27,False,card
T00001329,2023-07-14 05:21:40,C000017,S0001,P00082,2,6.69,13.38,False,insurance
T00001330,2023-12-30 13:01:20,C000223,S0017,P00037,4,1.48,5.92,False,cash
T00001331,2023-04-18 21:01:08,C000402,S0011,P00040,5,25.62,128.1,False,card
T00001332,2023-10-10 04:54:41,C000212,S0001,P00158,1,5.68,5.68,False,insurance
T00001333,2023-05-29 11:46:51,C000435,S0014,P00030,4,14.6,58.4,False,insurance
T00001334,2023-07-14 10:29:44,C000272,S0020,P00145,1,16.38,16.38,True,insurance
T00001335,2023-02-19 19:16:14,C000200,S0009,P00153,1,2.54,2.54,True,card
T00001336,2023-02-13 10:34:55,C000315,S0004,P00054,3,3.99,11.97,False,cash
T00001337,2023-07-29 06:04:52,C000439,S0006,P00170,1,23.11,23.11,False,mobile
T00001338,2023-03-09 22:55:55,C000175,S0006,P00193,1,38.24,38.24,False,insurance
T00001339,2023-12-30 02:51:34,C000097,S0005,P00117,1,12.98,12.98,False,mobile
T00001340,2023-11-08 11:09:55,C000496,S0003,P00100,1,11.14,11.14,False,card
T00001341,2023-09-13 02:53:48,C000312,S0009,P00184,1,3.88,3.88,True,cash
T00001342,2023-09-25 10:19:57,C000054,S0017,P00150,1,19.97,19.97,False,mobile
T00001343,2023-08-05 15:46:46,C000411,S0017,P00110,1,7.52,7.52,True,mobile
T00001344,2023-01-22 22:41:51,C000356,S0017,P00045,1,4.62,4.62,False,card
T00001345,2023-05-23 19:44:11,C000285,S0012,P00134,3,3.93,11.79,False,cash
T00001346,2023-06-30 11:19:20,C000295,S0016,P00199,2,10.57,21.14,False,card
T00001347,2023-11-30 04:03:00,C000335,S0015,P00120,1,3.65,3.65,False,cash
T00001348,2023-03-21 21:28:29,C000192,S0002,P00168,1,17.55,17.55,False,card
T00001349,2023-06-30 21:03:48,C000003,S0014,P00018,1,4.71,4.71,False,insurance
T00001350,2023-05-06 05:45:53,C000442,S0010,P00183,5,7.7,38.5,False,card
T00001351,2023-02-18 21:49:45,C000489,S0015,P00152,1,2.41,2.41,False,mobile
T00001352,2023-02-07 11:57:53,C000413,S0011,P00083,1,18.95,18.95,False,mobile
T00001353,2023-05-13 23:56:46,C000058,S0001,P00109,1,1.46,1.46,False,cash
T00001354,2023-01-31 00:01:56,C000121,S0018,P00063,1,10.72,10.72,False,mobile
T00001355,2023-01-25 10:46:04,C000384,S0004,P00090,1,7.19,7.19,False,card
T00001356,2023-05-08 17:11:09,C000486,S0010,P00032,1,13.72,13.72,False,card
T00001357,2023-03-15 12:29:20,C000229,S0011,P00102,1,1.69,1.69,False,insurance
T00001358,2023-07-21 22:48:57,C000355,S0009,P00110,3,8.45,25.35,False,card
T00001359,2023-01-07 10:21:16,C000178,S0015,P00011,1,6.19,6.19,False,cash
T00001360,2023-04-20 20:38:10,C000353,S0015,P00039,1,3.24,3.24,True,cash
T00001361,2023-06-14 23:51:12,C000373,S0003,P00096,1,6.52,6.52,False,cash
T00001362,2023-12-17 14:01:41,C000255,S0018,P00048,4,15.41,61.64,False,card
T00001363,2023-08-19 23:20:38,C000360,S0017,P00193,3,37.18,111.54,False,mobile
T00001364,2023-11-17 13:57:51,C000204,S0014,P00031,2,2.45,4.9,False,mobile
T00001365,2023-05-05 23:00:10,C000345,S0016,P00096,1,4.33,4.33,True,card
T00001366,2023-06-13 16:39:58,C000123,S0006,P00197,1,8.52,8.52,False,mobile
T00001367,2023-06-03 00:27:18,C000320,S0017,P00096,1,6.08,6.08,False,mobile
T00001368,2023-11-20 00:16:48,C000152,S0003,P00121,5,5.84,29.2,False,insurance
T00001369,2023-12-16 03:39:08,C000087,S0010,P00058,1,15.56,15.56,False,mobile
T00001370,2023-12-17 06:57:07,C000351,S0011,P00159,1,6.21,6.21,False,card
T00001371,2023-10-01 17:09:00,C000322,S0016,P00154,1,22.07,22.07,False,insurance
T00001372,2023-07-03 03:10:47,C000341,S0012,P00152,1,2.44,2.44,False,insurance
T00001373,2023-07-16 20:55:25,C000103,S0019,P00097,1,7.61,7.61,False,card
T00001374,2023-12-23 21:44:14,C000173,S0003,P00004,4,4.44,17.76,False,mobile
T00001375,2023-04-14 13:44:56,C000173,S0012,P00002,1,3.67,3.67,False,card
T00001376,2023-05-07 04:50:13,C000196,S0002,P00191,2,6.65,13.3,False,mobile
T00001377,2023-11-23 12:09:51,C000329,S0008,P00098,1,4.39,4.39,True,insurance
T00001378,2023-05-21 14:54:40,C000239,S0001,P00177,1,13.01,13.01,False,cash
T00001379,2023-03-27 13:48:30,C000128,S0003,P00028,1,11.49,11.49,False,mobile
T00001380,2023-07-24 00:15:42,C000088,S0015,P00153,3,3.29,9.87,False,card
T00001381,2023-04-29 10:11:39,C000012,S0015,P00154,5,20.53,102.65,False,cash
T00001382,2023-11-21 06:40:11,C000321,S0011,P00066,1,6.82,6.82,False,card
T00001383,2023-11-27 21:35:25,C000070,S0017,P00087,1,31.98,31.98,False,cash
T00001384,2023-04-22 09:18:16,C000410,S0008,P00177,3,12.59,37.77,False,mobile
T00001385,2023-07-12 18:04:46,C000058,S0012,P00055,1,2.3,2.3,False,cash
T00001386,2023-12-25 04:09:26,C000324,S0008,P00057,2,14.3,28.6,False,mobile
T00001387,2023-09-28 04:53:23,C000484,S0009,P00158,4,5.94,23.76,False,mobile
T00001388,2023-03-20 11:43:13,C000418,S0009,P00096,1,6.53,6.53,False,cash
T00001389,2023-08-04 00:44:48,C000492,S0017,P00069,4,6.14,24.56,False,cash
T00001390,2023-08-14 15:21:47,C000032,S0007,P00108,1,2.78,2.78,False,cash
T00001391,2023-08-26 20:26:42,C000016,S0003,P00079,4,14.98,59.92,False,insurance
T00001392,2023-01-10 02:29:28,C000481,S0008,P00026,4,14.37,57.48,False,insurance
T00001393,2023-04-19 23:24:45,C000139,S0011,P00153,1,3.3,3.3,False,insurance
T00001394,2023-11-08 01:54:25,C000461,S0011,P00109,2,1.4,2.8,False,insurance
T00001395,2023-03-29 20:37:35,C000499,S0003,P00160,1,4.07,4.07,True,card
T00001396,2023-04-20 02:08:28,C000224,S0008,P00015,1,10.72,10.72,False,cash
T00001397,2023-04-28 09:17:35,C000479,S0018,P00158,1,6.45,6.45,False,cash
T00001398,2023-03-06 13:39:37,C000354,S0004,P00198,1,2.59,2.59,False,mobile
T00001399,2023-02-26 13:56:15,C000001,S0017,P00187,3,1.46,4.38,False,cash
T00001400,2023-05-07 07:31:40,C000177,S0002,P00114,1,12.04,12.04,True,insurance
T00001401,2023-11-15 06:00:37,C000053,S0013,P00122,1,13.13,13.13,False,cash
T00001402,2023-01-01 13:24:34,C000416,S0020,P00111,1,5.74,5.74,False,cash
T00001403,2023-04-14 02:26:43,C000077,S0017,P00155,1,2.85,2.85,False,insurance
T00001404,2023-01-23 01:38:14,C000258,S0004,P00161,1,11.17,11.17,False,insurance
T00001405,2023-07-24 09:10:17,C000113,S0016,P00019,1,2.81,2.81,False,card
T00001406,2023-04-02 05:15:26,C000082,S0012,P00185,1,18.91,18.91,False,insurance
T00001407,2023-10-16 06:41:19,C000085,S0002,P00068,1,4.07,4.07,False,cash
T00001408,2023-08-01 22:42:24,C000271,S0006,P00044,1,47.8,47.8,False,card
T00001409,2023-10-13 07:29:15,C000138,S0003,P00159,4,5.88,23.52,False,mobile
T00001410,2023-08-20 02:33:15,C000075,S0006,P00191,1,6.63,6.63,False,mobile
T00001411,2023-06-09 13:44:32,C000206,S0005,P00007,1,10.73,10.73,False,cash
T00001412,2023-11-10 09:24:30,C000307,S0014,P00047,2,4.35,8.7,False,insurance
T00001413,2023-06-23 08:35:02,C000033,S0011,P00139,1,3.49,3.49,False,mobile
T00001414,2023-12-12 18:37:41,C000124,S0008,P00098,1,4.27,4.27,True,mobile
T00001415,2023-12-29 01:42:53,C000420,S0002,P00072,1,10.92,10.92,False,insurance
T00001416,2023-08-03 09:41:24,C000457,S0014,P00017,1,34.06,34.06,False,cash
T00001417,2023-09-03 13:17:01,C000191,S0017,P00106,3,6.04,18.12,False,mobile
T00001418,2023-04-04 01:28:05,C000285,S0012,P00080,1,16.69,16.69,False,insurance
T00001419,2023-10-24 12:40:53,C000420,S0008,P00056,1,10.85,10.85,False,mobile
T00001420,2023-09-02 11:01:47,C000037,S0017,P00051,1,5.99,5.99,False,insurance
T00001421,2023-11-25 12:42:42,C000420,S0020,P00076,1,3.73,3.73,False,mobile
T00001422,2023-04-08 04:35:03,C000042,S0011,P00052,1,2.85,2.85,True,card
T00001423,2023-10-14 16:23:06,C000339,S0012,P00063,4,11.33,45.32,False,insurance
T00001424,2023-06-21 04:19:47,C000496,S0013,P00096,3,6.32,18.96,False,insurance
T00001425,2023-03-09 09:43:36,C000178,S0001,P00034,1,6.82,6.82,True,insurance
T00001426,2023-03-04 07:34:25,C000428,S0017,P00027,3,7.56,22.68,False,mobile
T00001427,2023-07-24 15:07:25,C000015,S0020,P00010,1,4.98,4.98,False,card
T00001428,2023-04-27 06:42:41,C000408,S0009,P00048,1,15.4,15.4,False,cash
T00001429,2023-02-07 02:08:50,C000180,S0009,P00126,3,6.08,18.24,True,insurance
T00001430,2023-06-05 11:33:00,C000408,S0015,P00044,4,48.2,192.8,False,card
T00001431,2023-08-26 15:55:40,C000344,S0007,P00110,5,8.19,40.95,False,insurance
T00001432,2023-04-27 02:20:24,C000099,S0016,P00021,1,7.15,7.15,False,insurance
T00001433,2023-12-14 17:55:58,C000117,S0004,P00095,4,3.4,13.6,False,insurance
T00001434,2023-10-11 18:07:34,C000271,S0014,P00144,1,16.37,16.37,False,card
T00001435,2023-07-06 15:13:38,C000151,S0008,P00169,3,59.6,178.8,False,cash
T00001436,2023-12-07 05:08:05,C000339,S0017,P00084,1,8.42,8.42,False,cash
T00001437,2023-06-07 14:26:52,C000475,S0020,P00070,1,2.67,2.67,False,card
T00001438,2023-02-20 20:08:39,C000271,S0018,P00032,2,12.81,25.62,True,card
T00001439,2023-01-14 01:07:20,C000262,S0019,P00100,1,11.47,11.47,False,card
T00001440,2023-12-08 10:34:26,C000352,S0009,P00161,1,11.77,11.77,False,card
T00001441,2023-12-16 08:35:25,C000166,S0006,P00008,1,31.66,31.66,True,cash
T00001442,2023-09-27 02:05:25,C000402,S0001,P00078,2,5.97,11.94,False,insurance
T00001443,2023-02-07 11:49:53,C000486,S0020,P00075,1,6.93,6.93,False,card
T00001444,2023-04-17 21:19:51,C000215,S0001,P00112,1,6.83,6.83,False,mobile
T00001445,2023-01-15 22:52:01,C000107,S0009,P00188,3,2.22,6.66,False,cash
T00001446,2023-01-19 15:42:26,C000331,S0019,P00151,1,45.87,45.87,True,mobile
T00001447,2023-03-31 13:38:16,C000312,S0004,P00164,3,13.44,40.32,False,insurance
T00001448,2023-07-28 06:13:49,C000252,S0004,P00082,1,6.58,6.58,False,cash
T00001449,2023-01-24 20:28:25,C000218,S0004,P00050,1,16.41,16.41,False,insurance
T00001450,2023-12-25 09:28:31,C000440,S0007,P00172,1,6.02,6.02,True,card
T00001451,2023-06-15 15:54:34,C000213,S0002,P00161,1,11.16,11.16,False,cash
T00001452,2023-04-07 00:57:16,C000388,S0003,P00197,1,8.21,8.21,False,cash
T00001453,2023-07-07 20:32:35,C000172,S0005,P00093,1,4.98,4.98,False,mobile
T00001454,2023-10-15 14:47:50,C000060,S0015,P00038,1,22.85,22.85,False,mobile
T00001455,2023-04-24 18:36:40,C000054,S0013,P00005,1,13.88,13.88,False,insurance
T00001456,2023-01-18 07:04:45,C000112,S0018,P00017,4,33.64,134.56,False,insurance
T00001457,2023-01-19 13:11:26,C000327,S0005,P00134,1,3.04,3.04,True,insurance
T00001458,2023-11-07 02:56:56,C000130,S0004,P00179,1,1.76,1.76,True,cash
T00001459,2023-02-10 14:56:27,C000448,S0014,P00044,1,39.61,39.61,False,mobile
T00001460,2023-08-20 08:16:56,C000001,S0004,P00150,1,18.03,18.03,False,cash
T00001461,2023-05-20 23:01:49,C000009,S0004,P00001,1,9.84,9.84,False,mobile
T00001462,2023-10-11 00:23:23,C000452,S0017,P00010,1,5.58,5.58,False,cash
T00001463,2023-01-23 00:46:35,C000345,S0011,P00067,5,7.58,37.9,False,mobile
T00001464,2023-11-23 19:06:46,C000326,S0019,P00054,1,4.13,4.13,False,insurance
T00001465,2023-09-12 03:23:08,C000079,S0016,P00034,1,8.54,8.54,False,cash
T00001466,2023-06-13 12:53:25,C000404,S0002,P00154,1,22.72,22.72,False,card
T00001467,2023-03-17 08:31:53,C000134,S0001,P00093,10,4.22,42.2,True,mobile
T00001468,2023-12-22 16:18:42,C000421,S0008,P00162,5,3.05,15.25,False,insurance
T00001469,2023-04-20 22:53:50,C000260,S0012,P00067,1,7.71,7.71,False,cash
T00001470,2023-06-28 13:06:49,C000110,S0009,P00004,4,4.92,19.68,False,card
T00001471,2023-05-24 11:04:58,C000413,S0018,P00118,1,6.07,6.07,False,insurance
T00001472,2023-03-25 22:05:15,C000399,S0015,P00037,2,1.52,3.04,False,mobile
T00001473,2023-06-01 15:30:06,C000261,S0006,P00039,1,3.98,3.98,False,card
T00001474,2023-02-25 03:22:09,C000127,S0020,P00106,4,5.59,22.36,True,card
T00001475,2023-01-01 14:30:28,C000246,S0013,P00051,1,6.04,6.04,False,cash
T00001476,2023-04-16 13:22:42,C000448,S0012,P00087,4,32.96,131.84,False,card
T00001477,2023-02-10 19:02:48,C000032,S0008,P00169,3,59.64,178.92,False,card
T00001478,2023-05-31 23:30:31,C000477,S0018,P00097,1,6.04,6.04,True,mobile
T00001479,2023-11-11 01:06:41,C000381,S0018,P00071,2,5.8,11.6,False,mobile
T00001480,2023-03-01 04:12:17,C000018,S0018,P00200,3,7.53,22.59,False,insurance
T00001481,2023-01-01 10:46:19,C000224,S0010,P00064,1,7.87,7.87,False,cash
T00001482,2023-02-10 10:31:05,C000415,S0017,P00187,1,1.39,1.39,False,card
T00001483,2023-07-04 23:21:00,C000166,S0017,P00128,5,5.51,27.55,False,insurance
T00001484,2023-04-11 00:59:10,C000429,S0011,P00192,1,15.52,15.52,False,insurance
T00001485,2023-06-28 04:17:22,C000271,S0006,P00031,3,2.27,6.81,False,mobile
T00001486,2023-01-11 15:30:33,C000152,S0013,P00039,3,4.36,13.08,False,mobile
T00001487,2023-05-02 05:54:38,C000394,S0002,P00118,1,6.05,6.05,False,cash
T00001488,2023-05-30 06:56:08,C000461,S0011,P00039,2,4.25,8.5,False,insurance
T00001489,2023-06-07 00:04:22,C000183,S0016,P00131,3,5.69,17.07,True,card
T00001490,2023-07-20 14:55:07,C000098,S0001,P00149,5,6.93,34.65,False,card
T00001491,2023-10-12 03:09:25,C000231,S0010,P00197,2,8.97,17.94,False,insurance
T00001492,2023-06-20 01:43:14,C000030,S0016,P00031,2,2.23,4.46,False,cash
T00001493,2023-11-03 04:45:20,C000071,S0009,P00035,4,5.74,22.96,False,card
T00001494,2023-07-12 19:46:07,C000375,S0005,P00172,1,7.7,7.7,False,cash
T00001495,2023-04-05 18:24:17,C000279,S0002,P00021,1,7.37,7.37,False,mobile
T00001496,2023-03-25 08:42:12,C000013,S0006,P00017,4,31.97,127.88,False,mobile
T00001497,2023-04-28 09:16:35,C000205,S0016,P00194,3,3.19,9.57,False,insurance
T00001498,2023-08-06 11:26:43,C000403,S0009,P00007,1,11.05,11.05,False,insurance
T00001499,2023-03-30 06:19:48,C000095,S0012,P00099,2,27.45,54.9,False,insurance
T00001500,2023-11-29 18:13:14,C000130,S0015,P00016,1,6.12,6.12,False,insurance
T00001501,2023-06-24 16:05:12,C000085,S0006,P00035,4,5.22,20.88,False,cash
T00001502,2023-11-11 05:33:04,C000100,S0002,P00062,1,12.53,12.53,False,mobile
T00001503,2023-09-06 16:56:42,C000023,S0004,P00032,1,15.05,15.05,False,mobile
T00001504,2023-05-02 08:10:02,C000220,S0014,P00140,1,11.48,11.48,False,cash
T00001505,2023-03-25 02:01:01,C000408,S0006,P00113,2,4.74,9.48,False,mobile
T00001506,2023-09-28 19:05:47,C000064,S0009,P00189,1,8.3,8.3,False,mobile
T00001507,2023-05-01 09:18:27,C000379,S0001,P00001,2,9.38,18.76,False,mobile
T00001508,2023-03-31 20:38:10,C000439,S0011,P00113,2,5.27,10.54,False,mobile
T00001509,2023-12-05 15:50:24,C000399,S0013,P00162,1,2.98,2.98,False,card
T00001510,2023-06-25 16:15:17,C000050,S0017,P00054,1,4.04,4.04,False,insurance
T00001511,2023-01-18 16:18:04,C000360,S0006,P00004,1,4.86,4.86,False,card
T00001512,2023-06-30 02:17:24,C000078,S0016,P00150,4,18.54,74.16,False,insurance
T00001513,2023-06-17 17:17:00,C000431,S0004,P00052,1,3.06,3.06,False,mobile
T00001514,2023-11-11 11:37:44,C000288,S0011,P00028,1,12.22,12.22,False,insurance
T00001515,2023-09-17 00:10:16,C000469,S0008,P00197,1,8.98,8.98,False,cash
T00001516,2023-03-11 15:41:49,C000042,S0019,P00051,1,6.03,6.03,False,card
T00001517,2023-02-24 18:21:58,C000133,S0011,P00071,4,6.04,24.16,False,card
T00001518,2023-08-08 17:00:08,C000252,S0008,P00129,3,23.44,70.32,False,insurance
T00001519,2023-01-18 05:51:34,C000167,S0008,P00079,4,14.19,56.76,False,mobile
T00001520,2023-04-27 02:55:24,C000194,S0015,P00136,1,4.56,4.56,False,card
T00001521,2023-02-20 07:21:43,C000314,S0002,P00096,1,6.42,6.42,False,card
T00001522,2023-01-08 11:37:44,C000402,S0012,P00121,1,5.7,5.7,False,insurance
T00001523,2023-12-01 10:50:22,C000236,S0003,P00166,1,3.62,3.62,True,card
T00001524,2023-01-04 08:53:36,C000359,S0004,P00091,1,2.99,2.99,False,mobile
T00001525,2023-12-06 13:44:37,C000019,S0017,P00074,1,3.18,3.18,False,card
T00001526,2023-03-10 13:10:50,C000492,S0015,P00028,3,11.21,33.63,False,mobile
T00001527,2023-10-25 05:26:57,C000407,S0013,P00037,1,1.58,1.58,False,mobile
T00001528,2023-01-12 09:17:33,C000408,S0007,P00103,1,9.93,9.93,False,mobile
T00001529,2023-02-25 21:27:57,C000116,S0001,P00127,1,28.27,28.27,False,cash
T00001530,2023-02-10 06:27:32,C000063,S0011,P00171,1,16.68,16.68,False,cash
T00001531,2023-09-15 01:54:43,C000343,S0005,P00153,1,3.15,3.15,False,card
T00001532,2023-08-14 17:37:27,C000204,S0008,P00067,1,8.34,8.34,False,insurance
T00001533,2023-06-23 01:59:09,C000137,S0010,P00119,1,7.02,7.02,False,insurance
T00001534,2023-03-29 22:57:27,C000302,S0017,P00109,1,1.11,1.11,True,card
T00001535,2023-02-02 08:16:50,C000054,S0004,P00002,10,3.56,35.6,False,mobile
T00001536,2023-07-27 04:38:11,C000033,S0005,P00011,1,5.42,5.42,False,insurance
T00001537,2023-03-25 23:31:12,C000476,S0017,P00166,1,3.82,3.82,True,cash
T00001538,2023-08-03 19:56:49,C000165,S0019,P00016,3,6.84,20.52,False,card
T00001539,2023-09-08 05:43:15,C000088,S0008,P00001,3,8.68,26.04,False,cash
T00001540,2023-11-06 04:40:02,C000463,S0005,P00054,1,3.26,3.26,True,card
T00001541,2023-06-29 19:27:10,C000139,S0016,P00093,4,5.22,20.88,False,card
T00001542,2023-01-02 17:25:14,C000054,S0008,P00131,4,8.4,33.6,False,card
T00001543,2023-04-13 03:54:20,C000416,S0010,P00168,2,17.22,34.44,False,cash
T00001544,2023-11-07 15:02:08,C000362,S0017,P00196,3,6.63,19.89,True,insurance
T00001545,2023-07-14 02:28:50,C000372,S0013,P00057,1,15.71,15.71,False,insurance
T00001546,2023-08-14 08:37:28,C000391,S0015,P00136,1,4.48,4.48,False,cash
T00001547,2023-06-16 15:32:40,C000313,S0015,P00185,1,17.13,17.13,False,mobile
T00001548,2023-03-01 05:43:37,C000468,S0020,P00085,1,26.84,26.84,False,mobile
T00001549,2023-11-23 09:36:13,C000169,S0010,P00023,1,44.19,44.19,False,card
T00001550,2023-10-09 08:22:52,C000493,S0002,P00111,1,5.06,5.06,True,card
T00001551,2023-12-29 05:55:21,C000144,S0007,P00169,1,60.43,60.43,False,mobile
T00001552,2023-11-08 09:34:27,C000053,S0009,P00159,1,6.05,6.05,False,cash
T00001553,2023-04-16 23:20:25,C000100,S0004,P00162,1,2.91,2.91,False,mobile
T00001554,2023-04-03 13:14:45,C000102,S0012,P00196,2,6.31,12.62,False,cash
T00001555,2023-04-01 10:40:21,C000037,S0005,P00016,1,6.7,6.7,False,mobile
T00001556,2023-12-01 10:34:54,C000365,S0009,P00165,1,7.54,7.54,False,mobile
T00001557,2023-07-22 17:23:12,C000025,S0013,P00147,5,7.17,35.85,False,card
T00001558,2023-06-15 10:08:24,C000308,S0009,P00044,1,46.26,46.26,False,insurance
T00001559,2023-12-19 10:43:55,C000347,S0003,P00179,3,2.14,6.42,False,card
T00001560,2023-08-08 15:30:58,C000001,S0007,P00091,2,2.88,5.76,False,insurance
T00001561,2023-11-28 00:47:52,C000084,S0019,P00146,2,6.67,13.34,True,card
T00001562,2023-12-25 09:53:54,C000146,S0002,P00014,3,4.0,12.0,False,cash
T00001563,2023-01-29 22:02:13,C000278,S0009,P00042,1,16.73,16.73,False,card
T00001564,2023-05-12 14:22:45,C000220,S0003,P00082,1,5.1,5.1,True,insurance
T00001565,2023-09-25 05:26:28,C000157,S0020,P00161,3,12.22,36.66,False,mobile
T00001566,2023-10-23 23:45:36,C000417,S0008,P00042,1,17.2,17.2,False,cash
T00001567,2023-02-24 01:09:53,C000119,S0005,P00134,1,3.69,3.69,False,cash
T00001568,2023-04-26 21:32:05,C000159,S0010,P00045,1,4.82,4.82,False,cash
T00001569,2023-07-19 12:50:17,C000046,S0006,P00110,1,6.15,6.15,True,insurance
T00001570,2023-10-18 21:55:46,C000348,S0020,P00032,1,14.83,14.83,False,cash
T00001571,2023-02-11 02:52:55,C000269,S0017,P00005,1,13.86,13.86,False,insurance
T00001572,2023-08-07 16:00:42,C000336,S0002,P00008,5,37.64,188.2,False,card
T00001573,2023-04-18 21:43:30,C000191,S0003,P00127,1,29.25,29.25,False,cash
T00001574,2023-03-20 18:05:00,C000147,S0018,P00103,1,10.2,10.2,False,cash
T00001575,2023-07-07 14:31:37,C000048,S0007,P00086,1,2.06,2.06,False,mobile
T00001576,2023-05-31 16:55:55,C000490,S0003,P00043,4,13.24,52.96,False,card
T00001577,2023-08-20 09:34:27,C000023,S0009,P00058,1,16.21,16.21,False,cash
T00001578,2023-04-26 14:51:53,C000218,S0002,P00083,1,18.46,18.46,False,cash
T00001579,2023-10-27 16:08:19,C000128,S0002,P00093,1,5.24,5.24,False,cash
T00001580,2023-01-29 10:21:17,C000103,S0018,P00036,1,26.42,26.42,False,card
T00001581,2023-11-10 17:22:42,C000463,S0020,P00118,3,6.64,19.92,False,card
T00001582,2023-01-11 20:38:11,C000169,S0016,P00062,1,12.89,12.89,False,insurance
T00001583,2023-09-25 20:47:07,C000330,S0003,P00161,10,11.56,115.6,False,cash
T00001584,2023-05-07 02:50:15,C000433,S0001,P00181,10,8.79,87.9,False,card
T00001585,2023-05-20 12:48:45,C000025,S0014,P00200,1,7.63,7.63,False,insurance
T00001586,2023-01-07 22:16:56,C000175,S0005,P00044,1,39.48,39.48,False,cash
T00001587,2023-09-13 13:32:45,C000360,S0003,P00177,1,8.6,8.6,True,cash
T00001588,2023-03-02 05:42:03,C000384,S0004,P00106,2,5.96,11.92,False,insurance
T00001589,2023-08-28 22:23:37,C000092,S0003,P00075,2,4.96,9.92,True,cash
T00001590,2023-09-21 23:12:06,C000389,S0009,P00073,1,39.86,39.86,False,cash
T00001591,2023-11-04 16:00:17,C000443,S0007,P00001,1,9.24,9.24,False,card
T00001592,2023-09-15 17:53:06,C000200,S0012,P00048,1,15.72,15.72,False,mobile
T00001593,2023-04-20 17:54:22,C000211,S0001,P00029,1,10.08,10.08,False,cash
T00001594,2023-09-26 20:14:18,C000258,S0013,P00055,1,1.67,1.67,True,cash
T00001595,2023-10-28 15:30:07,C000357,S0014,P00010,1,5.21,5.21,False,mobile
T00001596,2023-04-26 10:39:00,C000296,S0017,P00068,1,4.35,4.35,False,mobile
T00001597,2023-02-15 04:48:34,C000389,S0014,P00104,2,21.28,42.56,False,cash
T00001598,2023-11-20 23:12:36,C000227,S0008,P00160,1,3.51,3.51,True,cash
T00001599,2023-02-23 20:24:12,C000442,S0010,P00099,1,28.07,28.07,False,card
T00001600,2023-08-05 03:42:13,C000297,S0001,P00183,1,7.58,7.58,False,insurance
T00001601,2023-03-28 00:08:46,C000165,S0015,P00187,1,1.24,1.24,False,mobile
T00001602,2023-02-15 20:57:58,C000001,S0020,P00023,1,45.3,45.3,False,cash
T00001603,2023-10-10 14:45:46,C000055,S0005,P00186,1,16.74,16.74,False,mobile
T00001604,2023-02-22 07:31:34,C000232,S0007,P00122,2,13.17,26.34,False,insurance
T00001605,2023-09-01 23:05:35,C000037,S0009,P00176,2,18.42,36.84,False,insurance
T00001606,2023-09-10 06:52:54,C000034,S0016,P00043,1,14.04,14.04,False,insurance
T00001607,2023-01-22 22:09:06,C000372,S0002,P00048,2,15.73,31.46,False,insurance
T00001608,2023-03-04 22:50:17,C000177,S0007,P00041,1,18.98,18.98,False,card
T00001609,2023-10-17 03:33:35,C000498,S0002,P00137,2,5.11,10.22,True,card
T00001610,2023-07-04 15:42:33,C000099,S0020,P00059,1,3.67,3.67,True,insurance
T00001611,2023-02-14 04:07:49,C000110,S0018,P00144,2,16.15,32.3,False,insurance
T00001612,2023-12-28 00:08:31,C000256,S0011,P00062,1,13.53,13.53,False,cash
T00001613,2023-04-07 10:56:11,C000482,S0020,P00128,3,5.13,15.39,False,card
T00001614,2023-01-02 11:00:37,C000427,S0016,P00061,1,7.92,7.92,False,insurance
T00001615,2023-12-03 09:30:52,C000232,S0015,P00099,2,21.74,43.48,True,insurance
T00001616,2023-01-07 00:50:28,C000212,S0010,P00066,1,5.07,5.07,True,mobile
T00001617,2023-07-21 10:08:19,C000220,S0009,P00135,1,8.45,8.45,True,mobile
T00001618,2023-12-28 11:35:13,C000347,S0005,P00144,1,16.53,16.53,False,cash
T00001619,2023-07-30 07:44:33,C000218,S0010,P00072,1,11.36,11.36,False,card
T00001620,2023-08-01 19:24:18,C000500,S0016,P00092,3,11.6,34.8,False,insurance
T00001621,2023-05-22 07:05:45,C000480,S0017,P00118,1,4.38,4.38,True,cash
T00001622,2023-02-16 04:41:08,C000232,S0014,P00151,1,57.31,57.31,False,card
T00001623,2023-07-28 11:02:09,C000445,S0014,P00027,3,6.56,19.68,False,insurance
T00001624,2023-11-23 14:49:56,C000377,S0008,P00055,4,2.09,8.36,False,card
T00001625,2023-02-03 03:52:28,C000160,S0009,P00014,1,3.09,3.09,True,mobile
T00001626,2023-11-17 11:00:09,C000367,S0012,P00065,1,1.56,1.56,False,mobile
T00001627,2023-06-01 01:50:47,C000177,S0014,P00179,3,1.72,5.16,True,insurance
T00001628,2023-07-15 04:14:49,C000062,S0020,P00113,3,5.02,15.06,False,card
T00001629,2023-03-02 04:58:37,C000269,S0001,P00107,10,0.56,5.6,True,insurance
T00001630,2023-08-15 07:58:31,C000309,S0013,P00065,2,1.6,3.2,True,insurance
T00001631,2023-03-08 09:02:11,C000066,S0019,P00125,1,4.62,4.62,False,insurance
T00001632,2023-04-10 10:33:48,C000255,S0005,P00002,3,3.57,10.71,False,cash
T00001633,2023-09-20 16:00:15,C000352,S0011,P00145,5,17.49,87.45,True,cash
T00001634,2023-01-19 09:20:24,C000112,S0018,P00145,1,18.91,18.91,False,cash
T00001635,2023-06-12 18:34:41,C000147,S0020,P00113,3,5.2,15.6,False,mobile
T00001636,2023-08-05 10:08:34,C000470,S0017,P00094,1,9.29,9.29,False,card
T00001637,2023-02-18 01:24:06,C000314,S0008,P00055,1,2.48,2.48,False,insurance
T00001638,2023-04-18 06:58:53,C000006,S0009,P00150,1,20.91,20.91,False,mobile
T00001639,2023-05-06 00:49:47,C000080,S0001,P00066,5,6.95,34.75,False,card
T00001640,2023-08-30 13:23:37,C000095,S0002,P00042,2,17.64,35.28,False,mobile
T00001641,2023-12-22 12:31:48,C000352,S0005,P00179,1,2.17,2.17,False,insurance
T00001642,2023-11-01 09:26:17,C000140,S0001,P00076,3,3.6,10.8,False,mobile
T00001643,2023-03-11 01:47:37,C000167,S0008,P00046,2,4.65,9.3,False,cash
T00001644,2023-01-07 14:39:01,C000210,S0002,P00157,1,30.87,30.87,True,cash
T00001645,2023-01-19 21:30:14,C000063,S0007,P00087,1,30.27,30.27,False,mobile
T00001646,2023-08-05 20:09:20,C000271,S0001,P00195,4,6.83,27.32,False,mobile
T00001647,2023-02-26 21:05:30,C000497,S0004,P00016,3,6.57,19.71,False,cash
T00001648,2023-03-26 04:28:00,C000227,S0010,P00051,1,6.06,6.06,False,insurance
T00001649,2023-11-05 10:48:48,C000266,S0018,P00171,3,13.97,41.91,True,cash
T00001650,2023-11-15 02:17:24,C000485,S0020,P00153,1,2.99,2.99,False,card
T00001651,2023-11-02 09:46:22,C000165,S0009,P00180,4,11.82,47.28,False,insurance
T00001652,2023-04-03 08:00:47,C000199,S0019,P00189,3,8.67,26.01,False,card
T00001653,2023-08-14 13:33:54,C000105,S0005,P00113,1,5.53,5.53,False,cash
T00001654,2023-08-11 07:41:16,C000160,S0013,P00013,2,2.09,4.18,False,cash
T00001655,2023-03-09 10:19:17,C000064,S0011,P00056,2,11.32,22.64,False,cash
T00001656,2023-07-21 11:43:58,C000491,S0014,P00100,5,11.27,56.35,False,insurance
T00001657,2023-07-11 04:38:29,C000148,S0020,P00068,1,4.21,4.21,False,card
T00001658,2023-05-25 04:54:38,C000058,S0003,P00077,2,7.26,14.52,False,cash
T00001659,2023-10-01 14:31:40,C000301,S0012,P00123,4,1.45,5.8,False,cash
T00001660,2023-09-04 15:41:42,C000246,S0017,P00113,1,5.21,5.21,False,insurance
T00001661,2023-07-13 21:16:20,C000170,S0011,P00023,2,43.23,86.46,False,insurance
T00001662,2023-09-22 04:19:25,C000257,S0005,P00174,4,5.77,23.08,False,card
T00001663,2023-10-05 18:30:59,C000168,S0008,P00032,2,13.87,27.74,False,card
T00001664,2023-07-26 08:46:07,C000433,S0001,P00184,2,5.1,10.2,False,card
T00001665,2023-04-08 10:24:06,C000498,S0014,P00194,1,2.72,2.72,True,insurance
T00001666,2023-10-04 01:34:36,C000437,S0004,P00043,1,16.45,16.45,False,card
T00001667,2023-09-19 05:04:30,C000370,S0015,P00037,2,1.49,2.98,False,mobile
T00001668,2023-12-24 23:07:54,C000074,S0015,P00018,1,4.7,4.7,False,insurance
T00001669,2023-02-24 12:31:03,C000113,S0003,P00120,3,4.09,12.27,False,card
T00001670,2023-06-02 14:45:49,C000086,S0009,P00020,1,3.9,3.9,False,mobile
T00001671,2023-12-03 10:02:40,C000104,S0018,P00166,2,4.78,9.56,False,mobile
T00001672,2023-07-07 07:23:51,C000136,S0001,P00018,2,4.74,9.48,False,card
T00001673,2023-12-10 02:45:13,C000347,S0015,P00041,1,18.23,18.23,False,mobile
T00001674,2023-01-05 12:56:12,C000431,S0006,P00101,1,8.57,8.57,False,card
T00001675,2023-01-13 19:14:36,C000434,S0013,P00047,5,4.13,20.65,False,card
T00001676,2023-10-17 18:06:20,C000048,S0010,P00029,4,10.37,41.48,False,mobile
T00001677,2023-05-11 11:15:16,C000174,S0001,P00140,1,11.34,11.34,False,mobile
T00001678,2023-07-09 08:43:48,C000298,S0012,P00164,1,14.23,14.23,False,insurance
T00001679,2023-06-05 19:05:27,C000154,S0003,P00133,2,8.56,17.12,False,mobile
T00001680,2023-05-29 11:57:04,C000077,S0003,P00052,1,3.18,3.18,False,insurance
T00001681,2023-12-08 23:14:51,C000003,S0011,P00059,1,4.18,4.18,False,cash
T00001682,2023-02-04 05:48:45,C000362,S0001,P00049,1,1.94,1.94,True,cash
T00001683,2023-10-09 02:05:15,C000461,S0004,P00053,1,3.47,3.47,False,card
T00001684,2023-11-20 20:02:19,C000391,S0009,P00140,3,11.32,33.96,False,card
T00001685,2023-08-28 07:08:59,C000255,S0013,P00124,4,6.73,26.92,False,mobile
T00001686,2023-05-24 18:47:00,C000111,S0020,P00192,3,11.2,33.6,True,mobile
T00001687,2023-02-28 05:52:50,C000057,S0017,P00189,5,7.86,39.3,False,cash
T00001688,2023-09-06 11:01:58,C000001,S0010,P00199,1,10.54,10.54,False,insurance
T00001689,2023-06-20 15:25:04,C000105,S0003,P00112,1,5.31,5.31,True,insurance
T00001690,2023-02-24 08:55:57,C000171,S0014,P00054,1,3.77,3.77,False,mobile
T00001691,2023-05-11 21:54:19,C000073,S0007,P00029,4,10.02,40.08,False,cash
T00001692,2023-12-17 00:05:52,C000066,S0001,P00013,2,1.99,3.98,False,insurance
T00001693,2023-04-07 14:24:30,C000331,S0001,P00078,4,6.63,26.52,False,mobile
T00001694,2023-03-06 22:52:02,C000038,S0013,P00180,1,12.11,12.11,False,cash
T00001695,2023-09-06 05:44:14,C000361,S0005,P00135,1,9.92,9.92,True,card
T00001696,2023-03-14 15:11:56,C000382,S0007,P00069,1,6.55,6.55,False,insurance
T00001697,2023-12-01 20:19:31,C000218,S0014,P00028,1,11.6,11.6,False,mobile
T00001698,2023-11-09 16:04:28,C000421,S0018,P00105,4,4.64,18.56,False,card
T00001699,2023-12-25 00:07:11,C000456,S0019,P00169,2,62.48,124.96,False,card
T00001700,2023-11-29 04:19:23,C000182,S0004,P00194,1,3.44,3.44,False,card
T00001701,2023-03-30 17:31:28,C000054,S0005,P00171,5,16.51,82.55,False,cash
T00001702,2023-03-19 05:19:11,C000261,S0019,P00171,1,16.96,16.96,False,card
T00001703,2023-05-05 17:17:53,C000319,S0004,P00063,3,9.91,29.73,False,cash
T00001704,2023-06-21 00:10:50,C000367,S0005,P00066,5,6.18,30.9,False,insurance
T00001705,2023-11-17 07:38:33,C000394,S0007,P00031,1,2.13,2.13,False,mobile
T00001706,2023-09-24 23:48:42,C000111,S0018,P00082,3,5.46,16.38,True,cash
T00001707,2023-08-23 13:46:54,C000393,S0008,P00135,2,13.49,26.98,False,card
T00001708,2023-11-16 17:24:11,C000392,S0017,P00151,1,46.12,46.12,True,cash
T00001709,2023-08-24 02:28:20,C000058,S0008,P00187,1,1.45,1.45,False,mobile
T00001710,2023-05-18 23:24:16,C000358,S0004,P00160,1,5.07,5.07,False,mobile
T00001711,2023-05-31 07:58:33,C000118,S0013,P00007,2,9.84,19.68,True,card
T00001712,2023-07-08 04:40:56,C000238,S0012,P00016,1,6.75,6.75,False,cash
T00001713,2023-02-02 07:30:50,C000266,S0006,P00075,1,6.57,6.57,False,card
T00001714,2023-09-27 23:38:05,C000058,S0004,P00082,1,6.52,6.52,False,insurance
T00001715,2023-08-26 14:39:01,C000467,S0003,P00192,1,10.33,10.33,True,card
T00001716,2023-09-24 03:12:14,C000490,S0014,P00194,1,3.06,3.06,False,mobile
T00001717,2023-07-14 08:31:18,C000431,S0001,P00085,1,26.62,26.62,False,card
T00001718,2023-10-12 23:56:23,C000279,S0004,P00034,1,8.62,8.62,False,insurance
T00001719,2023-12-12 17:01:28,C000085,S0013,P00156,1,2.44,2.44,False,cash
T00001720,2023-07-27 10:56:31,C000401,S0018,P00162,1,2.44,2.44,True,insurance
T00001721,2023-06-11 18:08:13,C000436,S0014,P00025,3,7.57,22.71,False,card
T00001722,2023-02-08 01:55:03,C000218,S0002,P00138,1,1.32,1.32,False,mobile
T00001723,2023-10-11 10:31:30,C000241,S0003,P00198,1,2.74,2.74,False,cash
T00001724,2023-11-26 01:06:39,C000105,S0017,P00175,1,9.97,9.97,False,mobile
T00001725,2023-09-12 14:44:45,C000373,S0013,P00152,4,2.01,8.04,True,insurance
T00001726,2023-11-12 01:38:30,C000139,S0009,P00164,3,13.78,41.34,False,mobile
T00001727,2023-11-10 11:26:20,C000424,S0011,P00109,1,1.4,1.4,False,card
T00001728,2023-10-18 12:10:45,C000435,S0006,P00115,1,2.78,2.78,False,cash
T00001729,2023-07-03 01:09:51,C000296,S0009,P00070,1,2.41,2.41,False,card
T00001730,2023-02-06 08:23:55,C000205,S0016,P00025,5,8.34,41.7,False,cash
T00001731,2023-01-02 04:21:17,C000107,S0006,P00199,2,11.09,22.18,False,card
T00001732,2023-03-16 09:36:55,C000495,S0016,P00028,1,11.97,11.97,False,card
T00001733,2023-06-06 21:25:51,C000410,S0016,P00052,4,3.25,13.0,False,insurance
T00001734,2023-09-28 16:05:34,C000205,S0002,P00061,1,7.38,7.38,False,card
T00001735,2023-06-15 21:55:50,C000343,S0010,P00068,1,4.25,4.25,False,insurance
T00001736,2023-01-09 10:09:06,C000335,S0010,P00070,2,2.83,5.66,False,cash
T00001737,2023-03-18 13:34:43,C000182,S0015,P00056,1,10.37,10.37,False,card
T00001738,2023-12-23 10:30:24,C000485,S0007,P00192,1,10.78,10.78,True,cash
T00001739,2023-12-26 15:21:49,C000159,S0016,P00182,1,11.36,11.36,True,card
T00001740,2023-05-18 06:44:09,C000459,S0007,P00154,2,23.05,46.1,False,cash
T00001741,2023-10-21 00:21:15,C000303,S0010,P00035,4,5.64,22.56,False,card
T00001742,2023-09-19 19:54:52,C000173,S0013,P00138,1,1.21,1.21,False,insurance
T00001743,2023-12-05 23:33:43,C000271,S0014,P00093,1,5.11,5.11,False,insurance
T00001744,2023-11-20 01:49:16,C000101,S0007,P00090,1,7.6,7.6,False,cash
T00001745,2023-08-17 20:41:13,C000053,S0007,P00148,1,8.45,8.45,False,cash
T00001746,2023-05-24 15:29:12,C000365,S0006,P00059,4,4.56,18.24,False,cash
T00001747,2023-08-17 02:29:29,C000444,S0005,P00161,1,11.5,11.5,False,cash
T00001748,2023-04-27 03:56:29,C000209,S0007,P00138,1,1.25,1.25,False,cash
T00001749,2023-05-07 16:55:10,C000439,S0007,P00180,1,10.46,10.46,False,cash
T00001750,2023-08-10 13:57:45,C000008,S0016,P00192,1,12.29,12.29,False,mobile
T00001751,2023-07-27 23:44:22,C000092,S0005,P00040,1,25.2,25.2,False,mobile
T00001752,2023-07-31 11:31:23,C000291,S0003,P00038,4,24.99,99.96,False,insurance
T00001753,2023-05-21 00:31:38,C000066,S0001,P00136,4,4.45,17.8,False,cash
T00001754,2023-05-29 22:14:49,C000162,S0004,P00151,3,55.42,166.26,False,card
T00001755,2023-01-04 17:02:16,C000394,S0018,P00102,1,1.37,1.37,True,mobile
T00001756,2023-08-08 01:06:15,C000016,S0003,P00074,1,3.19,3.19,False,card
T00001757,2023-07-29 14:03:31,C000060,S0006,P00099,1,26.81,26.81,False,mobile
T00001758,2023-12-07 11:29:30,C000140,S0001,P00174,1,5.84,5.84,False,cash
T00001759,2023-07-03 13:23:10,C000070,S0008,P00187,2,1.38,2.76,False,card
T00001760,2023-06-20 05:18:19,C000496,S0006,P00060,5,6.61,33.05,True,insurance
T00001761,2023-01-25 15:16:25,C000349,S0003,P00004,2,4.77,9.54,False,cash
T00001762,2023-03-13 14:44:23,C000109,S0005,P00154,1,20.87,20.87,False,mobile
T00001763,2023-05-04 01:05:45,C000228,S0010,P00008,4,39.47,157.88,False,card
T00001764,2023-05-18 07:16:17,C000010,S0008,P00058,2,15.48,30.96,False,card
T00001765,2023-05-13 00:25:24,C000047,S0002,P00049,1,2.59,2.59,False,mobile
T00001766,2023-05-24 10:55:07,C000253,S0011,P00002,3,3.5,10.5,False,card
T00001767,2023-10-07 21:15:57,C000158,S0011,P00104,2,19.68,39.36,False,cash
T00001768,2023-02-17 17:21:56,C000041,S0020,P00138,1,1.3,1.3,False,insurance
T00001769,2023-05-01 22:37:10,C000091,S0014,P00049,1,2.63,2.63,False,cash
T00001770,2023-03-01 06:50:43,C000322,S0001,P00161,2,11.77,23.54,False,cash
T00001771,2023-04-23 00:54:06,C000288,S0008,P00199,4,10.92,43.68,False,card
T00001772,2023-09-07 04:20:04,C000387,S0006,P00044,3,45.08,135.24,False,insurance
T00001773,2023-01-18 00:31:42,C000313,S0003,P00115,1,2.79,2.79,False,mobile
T00001774,2023-05-04 13:40:39,C000149,S0014,P00033,1,5.11,5.11,True,cash
T00001775,2023-01-09 14:55:28,C000303,S0014,P00100,2,12.13,24.26,False,cash
T00001776,2023-12-14 13:59:33,C000353,S0007,P00076,4,3.05,12.2,False,mobile
T00001777,2023-09-22 17:20:05,C000115,S0013,P00091,1,2.85,2.85,False,mobile
T00001778,2023-03-30 16:03:40,C000364,S0009,P00107,1,0.63,0.63,False,mobile
T00001779,2023-03-14 03:27:03,C000004,S0003,P00150,1,17.05,17.05,False,card
T00001780,2023-02-06 00:12:16,C000466,S0006,P00058,2,15.26,30.52,False,mobile
T00001781,2023-06-22 03:04:43,C000162,S0020,P00030,1,14.63,14.63,False,insurance
T00001782,2023-10-02 06:36:57,C000361,S0007,P00091,1,2.82,2.82,False,mobile
T00001783,2023-08-01 15:39:37,C000492,S0020,P00032,1,14.07,14.07,False,card
T00001784,2023-11-17 16:43:52,C000024,S0016,P00171,1,16.16,16.16,False,insurance
T00001785,2023-05-06 03:35:29,C000292,S0008,P00173,1,19.92,19.92,False,mobile
T00001786,2023-04-12 05:35:54,C000082,S0006,P00142,1,7.98,7.98,True,insurance
T00001787,2023-06-24 00:15:34,C000145,S0007,P00167,1,8.04,8.04,False,mobile
T00001788,2023-03-15 13:26:30,C000418,S0006,P00019,3,3.11,9.33,False,insurance
T00001789,2023-12-22 03:14:00,C000078,S0009,P00006,1,5.82,5.82,False,card
T00001790,2023-03-09 14:51:10,C000385,S0018,P00193,4,33.11,132.44,False,cash
T00001791,2023-06-24 07:22:46,C000040,S0019,P00132,1,8.19,8.19,False,card
T00001792,2023-07-10 00:17:58,C000255,S0010,P00126,1,7.04,7.04,False,card
T00001793,2023-01-21 18:21:25,C000133,S0019,P00170,1,27.11,27.11,False,cash
T00001794,2023-06-20 12:05:16,C000148,S0006,P00169,1,60.58,60.58,False,cash
T00001795,2023-06-15 12:16:46,C000209,S0017,P00155,4,2.79,11.16,False,cash
T00001796,2023-04-05 10:27:59,C000194,S0005,P00012,1,11.06,11.06,False,insurance
T00001797,2023-02-16 13:55:52,C000099,S0012,P00006,1,5.97,5.97,False,card
T00001798,2023-01-17 10:37:56,C000216,S0013,P00067,1,7.92,7.92,False,mobile
T00001799,2023-01-04 02:58:11,C000010,S0005,P00186,4,16.56,66.24,False,insurance
T00001800,2023-06-25 06:18:30,C000205,S0011,P00141,5,3.15,15.75,False,card
T00001801,2023-02-02 16:51:08,C000364,S0006,P00080,1,16.57,16.57,False,card
T00001802,2023-12-16 04:43:39,C000214,S0014,P00164,2,13.56,27.12,False,mobile
T00001803,2023-03-31 02:06:40,C000362,S0005,P00087,1,21.43,21.43,True,insurance
T00001804,2023-08-26 12:24:28,C000464,S0002,P00009,5,19.94,99.7,False,cash
T00001805,2023-09-03 03:35:36,C000159,S0009,P00067,2,8.46,16.92,False,card
T00001806,2023-06-30 08:44:43,C000210,S0015,P00120,1,3.81,3.81,False,card
T00001807,2023-11-18 15:14:24,C000410,S0005,P00084,1,8.17,8.17,False,card
T00001808,2023-02-10 07:00:21,C000006,S0014,P00085,2,23.44,46.88,False,card
T00001809,2023-03-27 04:30:01,C000332,S0012,P00073,1,34.9,34.9,False,insurance
T00001810,2023-04-02 21:17:00,C000132,S0020,P00148,4,7.52,30.08,False,cash
T00001811,2023-02-19 06:58:49,C000366,S0016,P00192,1,14.21,14.21,False,insurance
T00001812,2023-04-18 07:08:43,C000159,S0012,P00160,1,5.27,5.27,False,mobile
T00001813,2023-04-24 19:38:08,C000093,S0005,P00026,3,16.06,48.18,False,cash
T00001814,2023-10-06 09:19:26,C000415,S0016,P00043,1,13.97,13.97,False,mobile
T00001815,2023-04-20 19:00:34,C000279,S0011,P00017,1,37.48,37.48,False,insurance
T00001816,2023-11-16 02:56:44,C000368,S0007,P00154,1,22.16,22.16,False,cash
T00001817,2023-10-09 06:04:52,C000047,S0011,P00111,3,6.11,18.33,False,mobile
T00001818,2023-11-25 04:44:36,C000448,S0016,P00008,1,31.54,31.54,True,mobile
T00001819,2023-02-08 07:14:32,C000390,S0009,P00164,1,14.28,14.28,False,card
T00001820,2023-12-25 09:11:29,C000429,S0006,P00164,1,12.96,12.96,False,insurance
T00001821,2023-08-12 11:34:46,C000204,S0001,P00199,2,10.43,20.86,False,cash
T00001822,2023-12-24 13:57:20,C000278,S0015,P00126,1,7.15,7.15,False,insurance
T00001823,2023-05-10 03:54:08,C000113,S0016,P00064,1,7.7,7.7,False,card
T00001824,2023-12-13 21:24:02,C000434,S0012,P00070,1,2.54,2.54,False,mobile
T00001825,2023-08-03 06:03:32,C000360,S0001,P00014,1,3.63,3.63,False,mobile
T00001826,2023-01-27 03:26:17,C000493,S0002,P00010,1,4.9,4.9,False,insurance
T00001827,2023-05-30 06:50:51,C000036,S0010,P00002,1,3.58,3.58,False,cash
T00001828,2023-02-20 03:45:51,C000340,S0002,P00049,1,2.65,2.65,False,card
T00001829,2023-12-09 15:01:11,C000471,S0020,P00153,2,3.2,6.4,False,card
T00001830,2023-04-21 19:49:10,C000351,S0002,P00036,3,24.0,72.0,True,card
T00001831,2023-03-22 22:32:49,C000140,S0019,P00054,1,3.83,3.83,False,card
T00001832,2023-07-21 06:07:09,C000033,S0005,P00188,1,2.46,2.46,False,cash
T00001833,2023-06-04 18:12:38,C000353,S0017,P00033,1,6.76,6.76,False,insurance
T00001834,2023-02-05 07:11:55,C000095,S0016,P00200,2,7.32,14.64,False,cash
T00001835,2023-10-25 04:53:33,C000314,S0001,P00199,1,10.73,10.73,False,insurance
T00001836,2023-11-04 20:52:56,C000114,S0016,P00055,1,2.56,2.56,False,card
T00001837,2023-09-28 10:31:04,C000067,S0006,P00003,3,5.39,16.17,False,insurance
T00001838,2023-08-13 11:58:55,C000494,S0007,P00157,1,28.0,28.0,True,card
T00001839,2023-05-27 12:44:39,C000272,S0011,P00139,1,3.99,3.99,False,card
T00001840,2023-07-17 10:05:44,C000458,S0011,P00128,1,3.48,3.48,True,card
T00001841,2023-07-09 15:25:29,C000457,S0013,P00084,1,6.87,6.87,True,card
T00001842,2023-03-02 04:09:35,C000071,S0001,P00082,1,6.26,6.26,False,insurance
T00001843,2023-01-30 18:43:13,C000213,S0018,P00132,10,7.92,79.2,False,cash
T00001844,2023-04-03 04:26:23,C000488,S0005,P00145,1,19.98,19.98,False,mobile
T00001845,2023-06-15 09:03:27,C000326,S0002,P00176,1,18.71,18.71,False,card
T00001846,2023-02-28 08:29:09,C000245,S0018,P00132,1,8.5,8.5,False,insurance
T00001847,2023-02-08 19:50:51,C000038,S0005,P00064,1,8.24,8.24,False,card
T00001848,2023-11-07 02:29:17,C000255,S0014,P00087,1,29.79,29.79,False,insurance
T00001849,2023-05-17 11:58:17,C000056,S0014,P00034,2,8.08,16.16,False,card
T00001850,2023-08-01 15:48:53,C000489,S0019,P00187,3,1.29,3.87,False,mobile
T00001851,2023-07-10 17:54:39,C000253,S0011,P00107,1,0.7,0.7,False,mobile
T00001852,2023-09-25 14:05:27,C000401,S0013,P00063,1,10.96,10.96,False,cash
T00001853,2023-09-27 06:59:57,C000102,S0004,P00047,1,4.38,4.38,False,insurance
T00001854,2023-04-18 18:08:35,C000098,S0005,P00082,1,4.69,4.69,True,card
T00001855,2023-11-05 15:19:09,C000141,S0014,P00054,1,4.28,4.28,False,insurance
T00001856,2023-05-16 03:15:47,C000195,S0010,P00168,1,17.31,17.31,False,cash
T00001857,2023-11-01 00:21:44,C000235,S0005,P00173,1,19.7,19.7,False,cash
T00001858,2023-05-28 08:48:47,C000335,S0006,P00012,4,12.09,48.36,False,cash
T00001859,2023-02-10 09:38:40,C000151,S0007,P00096,2,4.54,9.08,True,cash
T00001860,2023-10-04 15:29:27,C000345,S0003,P00087,1,29.35,29.35,False,insurance
T00001861,2023-01-11 23:29:21,C000002,S0012,P00132,1,7.53,7.53,False,mobile
T00001862,2023-10-09 03:16:33,C000165,S0014,P00159,1,6.42,6.42,False,insurance
T00001863,2023-01-16 17:04:07,C000148,S0002,P00199,2,10.14,20.28,False,insurance
T00001864,2023-03-17 06:43:22,C000442,S0016,P00136,3,4.33,12.99,False,insurance
T00001865,2023-08-08 14:59:37,C000290,S0008,P00177,1,12.45,12.45,False,cash
T00001866,2023-12-09 17:17:01,C000484,S0006,P00105,1,4.27,4.27,False,mobile
T00001867,2023-05-29 16:27:41,C000178,S0009,P00007,1,10.75,10.75,False,card
T00001868,2023-02-13 22:02:42,C000422,S0009,P00163,2,31.53,63.06,False,cash
T00001869,2023-03-26 18:41:36,C000480,S0008,P00186,3,16.9,50.7,False,insurance
T00001870,2023-11-23 04:31:21,C000236,S0001,P00002,1,3.37,3.37,False,cash
T00001871,2023-09-22 12:45:51,C000185,S0011,P00052,2,3.26,6.52,False,cash
T00001872,2023-02-06 13:03:22,C000405,S0009,P00024,1,5.86,5.86,False,cash
T00001873,2023-05-21 02:27:44,C000386,S0019,P00047,1,4.07,4.07,False,insurance
T00001874,2023-04-07 07:01:11,C000125,S0020,P00039,1,4.5,4.5,False,mobile
T00001875,2023-03-06 17:32:24,C000225,S0015,P00099,1,27.45,27.45,False,cash
T00001876,2023-11-05 02:50:12,C000074,S0018,P00084,2,8.64,17.28,False,mobile
T00001877,2023-08-13 20:19:44,C000415,S0018,P00185,1,17.52,17.52,False,insurance
T00001878,2023-03-07 08:02:34,C000400,S0004,P00138,2,1.39,2.78,False,mobile
T00001879,2023-08-25 20:28:21,C000254,S0014,P00102,1,1.65,1.65,False,insurance
T00001880,2023-05-31 12:55:46,C000086,S0005,P00170,1,25.86,25.86,False,insurance
T00001881,2023-01-23 09:03:38,C000264,S0013,P00082,1,7.0,7.0,False,insurance
T00001882,2023-06-13 17:58:15,C000149,S0005,P00006,4,4.73,18.92,False,insurance
T00001883,2023-03-09 10:11:08,C000226,S0015,P00036,1,27.77,27.77,False,mobile
T00001884,2023-03-31 06:34:56,C000438,S0006,P00012,1,10.84,10.84,False,insurance
T00001885,2023-11-16 22:55:34,C000136,S0009,P00029,1,9.82,9.82,False,cash
T00001886,2023-09-16 12:42:08,C000052,S0008,P00140,1,11.67,11.67,False,insurance
T00001887,2023-02-18 19:25:21,C000215,S0007,P00157,1,40.06,40.06,False,card
T00001888,2023-11-06 21:15:35,C000182,S0015,P00143,2,4.11,8.22,True,mobile
T00001889,2023-07-29 01:08:56,C000402,S0011,P00065,1,1.59,1.59,False,cash
T00001890,2023-11-15 08:17:19,C000460,S0005,P00147,1,7.21,7.21,False,cash
T00001891,2023-09-29 22:27:03,C000068,S0003,P00007,2,10.79,21.58,False,card
T00001892,2023-05-04 12:19:06,C000325,S0013,P00092,3,11.18,33.54,False,insurance
T00001893,2023-07-14 16:36:37,C000081,S0018,P00176,4,15.23,60.92,True,card
T00001894,2023-07-13 05:30:33,C000474,S0005,P00107,1,0.65,0.65,False,cash
T00001895,2023-09-20 01:24:33,C000135,S0002,P00025,1,8.02,8.02,False,insurance
T00001896,2023-04-01 10:04:42,C000134,S0007,P00177,1,11.09,11.09,False,mobile
T00001897,2023-05-02 05:51:36,C000414,S0010,P00109,1,1.38,1.38,False,cash
T00001898,2023-03-31 02:32:32,C000287,S0006,P00082,1,7.08,7.08,False,card
T00001899,2023-04-18 19:06:15,C000471,S0003,P00183,5,8.21,41.05,False,insurance
T00001900,2023-02-28 16:42:55,C000357,S0008,P00036,1,24.12,24.12,True,card
T00001901,2023-01-14 07:16:11,C000415,S0003,P00045,1,3.21,3.21,True,card
T00001902,2023-12-09 04:00:22,C000163,S0020,P00170,5,26.43,132.15,False,mobile
T00001903,2023-01-28 01:13:11,C000277,S0016,P00156,1,2.45,2.45,False,cash
T00001904,2023-11-20 05:28:14,C000359,S0012,P00180,1,10.94,10.94,False,cash
T00001905,2023-01-02 02:53:17,C000115,S0009,P00130,1,16.31,16.31,False,insurance
T00001906,2023-10-10 23:00:21,C000385,S0011,P00110,1,7.54,7.54,False,insurance
T00001907,2023-04-30 12:56:19,C000228,S0008,P00097,3,8.12,24.36,False,card
T00001908,2023-07-08 10:17:28,C000265,S0011,P00133,1,8.82,8.82,False,cash
T00001909,2023-04-13 17:28:54,C000410,S0013,P00108,4,2.47,9.88,False,mobile
T00001910,2023-06-28 13:57:03,C000449,S0017,P00182,2,15.16,30.32,False,mobile
T00001911,2023-06-14 08:50:44,C000139,S0009,P00045,1,4.38,4.38,False,mobile
T00001912,2023-07-12 19:51:29,C000180,S0004,P00113,2,5.55,11.1,False,card
T00001913,2023-05-24 03:43:07,C000088,S0003,P00058,1,16.52,16.52,False,insurance
T00001914,2023-07-15 07:27:29,C000152,S0020,P00179,5,2.13,10.65,False,mobile
T00001915,2023-10-28 11:12:15,C000439,S0003,P00055,1,2.34,2.34,False,cash
T00001916,2023-06-08 04:20:35,C000489,S0008,P00048,2,15.53,31.06,False,mobile
T00001917,2023-05-12 12:58:27,C000463,S0014,P00076,3,3.43,10.29,False,cash
T00001918,2023-02-17 23:00:36,C000076,S0009,P00064,4,7.69,30.76,False,mobile
T00001919,2023-05-11 22:29:43,C000479,S0002,P00159,1,5.56,5.56,False,mobile
T00001920,2023-02-15 17:47:58,C000270,S0011,P00001,5,8.83,44.15,False,insurance
T00001921,2023-03-08 10:20:38,C000020,S0015,P00180,5,10.26,51.3,False,card
T00001922,2023-12-13 14:51:13,C000139,S0018,P00084,3,8.9,26.7,False,insurance
T00001923,2023-02-02 13:07:30,C000433,S0008,P00136,5,4.68,23.4,False,cash
T00001924,2023-06-25 11:01:15,C000375,S0012,P00123,1,1.49,1.49,False,mobile
T00001925,2023-10-31 16:26:52,C000006,S0020,P00095,1,2.5,2.5,True,card
T00001926,2023-12-13 23:12:13,C000066,S0015,P00118,3,6.71,20.13,False,insurance
T00001927,2023-02-23 09:41:32,C000077,S0016,P00118,1,6.9,6.9,False,cash
T00001928,2023-03-01 13:00:27,C000332,S0020,P00050,4,15.06,60.24,False,mobile
T00001929,2023-05-16 15:00:23,C000433,S0002,P00106,1,6.51,6.51,False,cash
T00001930,2023-07-21 19:22:59,C000021,S0019,P00176,1,17.56,17.56,False,mobile
T00001931,2023-12-16 08:52:46,C000098,S0019,P00186,3,12.98,38.94,True,insurance
T00001932,2023-03-17 14:37:04,C000394,S0020,P00012,4,11.29,45.16,False,card
T00001933,2023-03-01 20:09:20,C000419,S0006,P00099,4,27.24,108.96,False,mobile
T00001934,2023-04-03 03:49:14,C000144,S0005,P00041,3,20.51,61.53,False,card
T00001935,2023-11-15 06:03:17,C000485,S0004,P00020,1,3.36,3.36,False,card
T00001936,2023-01-11 22:33:24,C000319,S0009,P00053,1,3.3,3.3,False,card
T00001937,2023-05-19 08:50:47,C000445,S0017,P00187,1,1.34,1.34,False,card
T00001938,2023-02-13 07:10:34,C000222,S0001,P00138,1,1.24,1.24,False,card
T00001939,2023-02-27 04:11:20,C000386,S0019,P00143,3,4.77,14.31,False,mobile
T00001940,2023-11-30 17:35:16,C000472,S0017,P00101,1,9.14,9.14,False,cash
T00001941,2023-01-01 14:30:55,C000096,S0017,P00178,1,3.14,3.14,True,insurance
T00001942,2023-04-28 00:54:44,C000404,S0009,P00018,3,4.33,12.99,False,cash
T00001943,2023-11-30 05:08:54,C000255,S0010,P00195,2,7.73,15.46,False,mobile
T00001944,2023-08-10 08:37:01,C000404,S0002,P00007,3,11.84,35.52,False,insurance
T00001945,2023-01-27 02:51:12,C000024,S0001,P00070,2,2.8,5.6,False,mobile
T00001946,2023-06-19 06:21:48,C000457,S0009,P00138,1,1.33,1.33,False,mobile
T00001947,2023-12-20 10:11:03,C000103,S0020,P00080,1,17.31,17.31,False,card
T00001948,2023-05-26 18:20:31,C000134,S0007,P00190,1,6.1,6.1,True,insurance
T00001949,2023-07-12 10:07:23,C000028,S0015,P00026,1,13.94,13.94,False,cash
T00001950,2023-07-13 14:33:25,C000169,S0003,P00046,1,4.45,4.45,False,insurance
T00001951,2023-08-29 09:39:58,C000383,S0009,P00143,1,4.61,4.61,False,card
T00001952,2023-03-10 03:43:10,C000280,S0006,P00028,3,11.78,35.34,False,cash
T00001953,2023-11-02 15:29:02,C000315,S0014,P00159,1,6.21,6.21,False,insurance
T00001954,2023-12-26 20:26:38,C000211,S0010,P00058,1,17.35,17.35,False,cash
T00001955,2023-02-21 21:20:49,C000044,S0001,P00064,3,6.0,18.0,True,insurance
T00001956,2023-10-25 20:44:15,C000176,S0011,P00099,2,26.73,53.46,False,mobile
T00001957,2023-10-25 08:31:21,C000124,S0016,P00173,2,19.04,38.08,False,mobile
T00001958,2023-09-27 22:44:44,C000190,S0009,P00091,2,2.94,5.88,False,mobile
T00001959,2023-06-20 15:04:52,C000430,S0004,P00017,1,36.62,36.62,False,insurance
T00001960,2023-11-02 11:21:03,C000394,S0005,P00108,1,2.75,2.75,False,mobile
T00001961,2023-02-25 15:32:04,C000129,S0011,P00162,3,3.12,9.36,False,insurance
T00001962,2023-10-29 15:55:00,C000123,S0004,P00145,1,20.17,20.17,False,insurance
T00001963,2023-12-02 02:56:13,C000282,S0007,P00061,1,7.1,7.1,False,mobile
T00001964,2023-09-06 04:48:20,C000214,S0004,P00026,2,15.23,30.46,False,insurance
T00001965,2023-05-05 06:21:27,C000101,S0009,P00142,1,9.35,9.35,False,card
T00001966,2023-07-23 12:44:36,C000416,S0009,P00169,1,57.14,57.14,False,card
T00001967,2023-01-19 05:43:55,C000412,S0008,P00198,2,2.7,5.4,False,mobile
T00001968,2023-12-06 04:14:15,C000307,S0009,P00022,10,6.06,60.6,False,insurance
T00001969,2023-05-05 15:14:19,C000170,S0014,P00187,1,1.4,1.4,False,card
T00001970,2023-01-21 18:48:40,C000028,S0006,P00030,1,11.29,11.29,True,insurance
T00001971,2023-10-17 04:22:36,C000068,S0018,P00179,1,2.15,2.15,False,card
T00001972,2023-08-28 08:25:44,C000250,S0008,P00149,4,7.63,30.52,False,card
T00001973,2023-08-15 15:59:01,C000179,S0017,P00196,1,6.4,6.4,False,mobile
T00001974,2023-01-20 16:35:21,C000296,S0007,P00119,2,6.66,13.32,False,mobile
T00001975,2023-10-01 07:19:33,C000024,S0001,P00004,1,4.59,4.59,False,cash
T00001976,2023-08-20 23:36:19,C000062,S0016,P00111,10,6.67,66.7,False,card
T00001977,2023-10-16 21:11:56,C000488,S0007,P00052,1,2.64,2.64,True,insurance
T00001978,2023-10-29 03:33:19,C000217,S0011,P00173,3,20.06,60.18,False,cash
T00001979,2023-03-19 03:38:07,C000430,S0014,P00060,4,10.36,41.44,False,mobile
T00001980,2023-03-18 16:08:55,C000494,S0016,P00051,3,5.89,17.67,False,mobile
T00001981,2023-12-03 06:10:16,C000077,S0002,P00195,1,7.17,7.17,False,mobile
T00001982,2023-07-13 07:02:57,C000165,S0008,P00051,1,5.63,5.63,False,insurance
T00001983,2023-06-09 10:16:38,C000080,S0016,P00080,2,12.75,25.5,True,card
T00001984,2023-04-15 12:59:39,C000250,S0007,P00040,1,24.67,24.67,False,mobile
T00001985,2023-08-21 14:25:24,C000332,S0014,P00020,2,3.56,7.12,False,insurance
T00001986,2023-10-02 10:34:56,C000226,S0010,P00075,3,7.22,21.66,False,insurance
T00001987,2023-01-01 20:10:09,C000003,S0001,P00024,1,5.76,5.76,False,insurance
T00001988,2023-07-21 03:50:45,C000079,S0016,P00055,1,2.03,2.03,False,insurance
T00001989,2023-12-28 14:04:02,C000475,S0001,P00155,1,2.84,2.84,False,card
T00001990,2023-04-13 03:40:18,C000070,S0002,P00114,1,16.39,16.39,False,mobile
T00001991,2023-04-13 05:54:39,C000370,S0019,P00101,1,8.13,8.13,False,insurance
T00001992,2023-11-16 15:20:54,C000179,S0014,P00196,1,6.85,6.85,False,cash
T00001993,2023-01-23 14:10:59,C000204,S0014,P00041,2,15.14,30.28,True,card
T00001994,2023-05-25 16:44:41,C000349,S0019,P00011,10,5.33,53.3,False,mobile
T00001995,2023-06-16 19:22:38,C000338,S0007,P00140,1,10.14,10.14,False,insurance
T00001996,2023-10-18 10:16:27,C000112,S0001,P00032,4,14.22,56.88,False,insurance
T00001997,2023-02-16 23:12:23,C000219,S0020,P00088,1,4.49,4.49,False,mobile
T00001998,2023-06-07 23:56:18,C000238,S0003,P00167,1,8.13,8.13,False,insurance
T00001999,2023-02-25 10:43:34,C000226,S0016,P00195,3,7.59,22.77,False,card
T00002000,2023-10-14 16:46:59,C000172,S0004,P00139,4,3.68,14.72,False,card
T00002001,2023-08-19 03:37:22,C000206,S0001,P00095,2,3.09,6.18,False,mobile
T00002002,2023-06-30 19:30:15,C000102,S0016,P00022,2,6.38,12.76,False,cash
T00002003,2023-05-24 00:36:49,C000015,S0006,P00129,3,25.22,75.66,False,insurance
T00002004,2023-02-25 18:07:51,C000391,S0005,P00062,1,9.46,9.46,True,insurance
T00002005,2023-12-02 13:18:11,C000164,S0001,P00139,1,3.66,3.66,False,cash
T00002006,2023-08-24 17:58:13,C000363,S0018,P00198,1,2.76,2.76,False,cash
T00002007,2023-04-27 04:09:04,C000029,S0012,P00053,3,2.38,7.14,True,cash
T00002008,2023-05-31 16:09:15,C000144,S0006,P00145,1,20.8,20.8,False,insurance
T00002009,2023-09-22 07:54:35,C000354,S0019,P00033,2,6.42,12.84,False,card
T00002010,2023-09-19 22:07:02,C000392,S0016,P00072,1,11.54,11.54,False,insurance
T00002011,2023-06-17 20:09:53,C000377,S0016,P00085,1,23.8,23.8,False,card
T00002012,2023-04-21 06:08:16,C000325,S0018,P00168,4,18.39,73.56,False,card
T00002013,2023-08-29 05:20:05,C000187,S0019,P00052,2,2.74,5.48,True,mobile
T00002014,2023-08-28 14:19:22,C000357,S0002,P00113,2,5.52,11.04,False,insurance
T00002015,2023-08-07 06:56:19,C000387,S0011,P00094,3,9.42,28.26,False,mobile
T00002016,2023-01-27 12:26:10,C000227,S0016,P00184,2,5.82,11.64,False,card
T00002017,2023-06-22 02:14:27,C000455,S0005,P00131,5,7.94,39.7,False,card
T00002018,2023-08-12 11:11:52,C000097,S0011,P00152,1,2.53,2.53,False,insurance
T00002019,2023-12-12 19:44:02,C000346,S0009,P00112,3,6.4,19.2,False,insurance
T00002020,2023-07-11 07:19:10,C000258,S0005,P00010,5,5.17,25.85,False,mobile
T00002021,2023-05-05 17:56:47,C000168,S0018,P00170,1,22.65,22.65,False,insurance
T00002022,2023-07-22 07:24:29,C000482,S0007,P00006,1,5.24,5.24,False,cash
T00002023,2023-03-06 12:19:45,C000126,S0003,P00084,1,8.32,8.32,False,mobile
T00002024,2023-02-03 00:18:54,C000470,S0008,P00194,1,3.12,3.12,False,card
T00002025,2023-09-04 19:49:47,C000295,S0014,P00116,1,6.31,6.31,False,cash
T00002026,2023-12-25 23:17:58,C000196,S0016,P00021,3,7.87,23.61,False,card
T00002027,2023-11-04 22:43:20,C000197,S0019,P00170,1,24.39,24.39,False,insurance
T00002028,2023-08-01 10:52:11,C000046,S0001,P00052,1,3.35,3.35,False,insurance
T00002029,2023-01-15 15:39:24,C000152,S0002,P00143,4,4.9,19.6,False,insurance
T00002030,2023-12-26 14:54:55,C000175,S0004,P00144,1,16.45,16.45,False,insurance
T00002031,2023-06-13 15:59:28,C000286,S0014,P00185,1,17.23,17.23,False,card
T00002032,2023-04-16 10:29:53,C000307,S0016,P00156,1,2.62,2.62,False,mobile
T00002033,2023-11-21 20:46:21,C000346,S0018,P00123,1,1.53,1.53,False,insurance
T00002034,2023-09-29 16:34:29,C000340,S0010,P00056,2,11.72,23.44,False,card
T00002035,2023-09-30 20:40:06,C000047,S0005,P00040,4,23.46,93.84,False,insurance
T00002036,2023-04-12 02:27:04,C000372,S0008,P00189,1,7.89,7.89,False,card
T00002037,2023-12-28 00:25:56,C000067,S0016,P00119,1,6.91,6.91,False,insurance
T00002038,2023-06-14 20:15:04,C000026,S0012,P00171,1,17.3,17.3,False,mobile
T00002039,2023-07-13 10:25:52,C000053,S0020,P00021,2,7.72,15.44,False,mobile
T00002040,2023-10-01 08:21:52,C000317,S0011,P00115,4,2.92,11.68,False,cash
T00002041,2023-08-29 05:43:22,C000340,S0009,P00196,2,7.69,15.38,False,mobile
T00002042,2023-03-04 17:05:58,C000340,S0005,P00035,4,4.24,16.96,True,insurance
T00002043,2023-04-21 02:28:04,C000135,S0006,P00131,3,8.07,24.21,False,insurance
T00002044,2023-05-12 11:19:03,C000356,S0009,P00143,3,4.83,14.49,False,cash
T00002045,2023-12-11 21:40:16,C000195,S0016,P00009,1,19.96,19.96,False,cash
T00002046,2023-09-18 01:55:27,C000294,S0015,P00141,3,2.79,8.37,False,cash
T00002047,2023-05-14 08:18:24,C000411,S0003,P00043,4,15.51,62.04,False,card
T00002048,2023-09-25 10:32:06,C000267,S0010,P00112,2,6.44,12.88,False,cash
T00002049,2023-09-26 19:37:47,C000012,S0008,P00072,1,11.11,11.11,False,card
T00002050,2023-05-24 11:55:12,C000333,S0015,P00025,1,5.95,5.95,True,mobile
T00002051,2023-05-27 17:49:58,C000033,S0017,P00084,1,8.41,8.41,False,insurance
T00002052,2023-11-22 12:32:59,C000442,S0017,P00175,5,9.66,48.3,False,insurance
T00002053,2023-07-24 12:03:01,C000090,S0006,P00197,1,9.23,9.23,False,cash
T00002054,2023-02-24 10:10:07,C000191,S0010,P00088,1,4.9,4.9,False,card
T00002055,2023-09-20 00:01:13,C000280,S0011,P00144,1,13.66,13.66,True,cash
T00002056,2023-08-03 14:28:00,C000151,S0007,P00182,1,15.58,15.58,False,card
T00002057,2023-09-21 22:30:38,C000039,S0010,P00183,1,8.44,8.44,False,mobile
T00002058,2023-11-27 04:18:23,C000190,S0006,P00013,1,1.75,1.75,False,cash
T00002059,2023-05-01 06:41:25,C000296,S0003,P00044,3,34.84,104.52,True,insurance
T00002060,2023-06-02 15:00:48,C000204,S0002,P00159,1,6.03,6.03,False,insurance
T00002061,2023-03-10 23:25:46,C000493,S0002,P00100,4,12.12,48.48,False,cash
T00002062,2023-08-24 12:49:09,C000323,S0010,P00106,3,5.76,17.28,False,cash
T00002063,2023-05-27 14:06:29,C000289,S0009,P00092,1,11.64,11.64,False,card
T00002064,2023-05-05 14:52:41,C000355,S0020,P00108,1,2.73,2.73,False,mobile
T00002065,2023-09-11 12:49:39,C000360,S0013,P00042,2,17.12,34.24,False,card
T00002066,2023-05-29 13:39:24,C000464,S0018,P00196,2,7.4,14.8,False,cash
T00002067,2023-06-19 00:43:04,C000440,S0010,P00174,1,5.35,5.35,False,cash
T00002068,2023-06-10 04:16:40,C000307,S0002,P00156,1,2.52,2.52,False,mobile
T00002069,2023-04-05 02:35:24,C000023,S0016,P00049,3,2.75,8.25,False,cash
T00002070,2023-02-15 19:03:00,C000049,S0010,P00024,10,5.1,51.0,False,card
T00002071,2023-10-29 02:42:52,C000124,S0008,P00076,5,3.34,16.7,False,card
T00002072,2023-02-03 09:17:53,C000217,S0003,P00116,4,6.86,27.44,False,mobile
T00002073,2023-04-29 06:08:30,C000356,S0012,P00064,1,6.7,6.7,True,cash
T00002074,2023-08-31 23:11:31,C000265,S0004,P00037,4,1.55,6.2,False,card
T00002075,2023-02-17 18:59:33,C000254,S0008,P00153,3,2.21,6.63,True,insurance
T00002076,2023-08-27 14:36:11,C000180,S0014,P00111,1,6.52,6.52,False,card
T00002077,2023-09-24 20:03:53,C000048,S0009,P00060,1,8.93,8.93,False,cash
T00002078,2023-08-30 07:10:46,C000285,S0016,P00154,2,21.87,43.74,False,insurance
T00002079,2023-04-22 00:45:55,C000307,S0008,P00014,3,3.07,9.21,True,cash
T00002080,2023-01-08 04:40:46,C000436,S0002,P00025,1,6.46,6.46,True,cash
T00002081,2023-11-19 23:54:33,C000109,S0005,P00029,1,7.61,7.61,True,mobile
T00002082,2023-04-29 20:42:47,C000162,S0004,P00069,1,5.93,5.93,False,mobile
T00002083,2023-10-21 00:32:03,C000192,S0016,P00089,1,3.2,3.2,False,insurance
T00002084,2023-03-14 00:04:00,C000021,S0017,P00002,3,3.71,11.13,False,cash
T00002085,2023-03-01 02:49:05,C000382,S0015,P00006,1,5.47,5.47,False,mobile
T00002086,2023-10-11 05:55:51,C000144,S0019,P00086,1,2.02,2.02,False,mobile
T00002087,2023-12-09 01:29:54,C000224,S0001,P00053,1,3.21,3.21,False,insurance
T00002088,2023-11-10 06:28:02,C000280,S0008,P00191,1,6.48,6.48,False,mobile
T00002089,2023-10-01 10:53:12,C000467,S0005,P00010,1,4.73,4.73,False,insurance
T00002090,2023-03-31 18:59:59,C000128,S0018,P00103,1,10.27,10.27,False,card
T00002091,2023-11-29 09:48:26,C000063,S0007,P00018,1,4.47,4.47,False,mobile
T00002092,2023-09-01 02:19:49,C000460,S0018,P00085,1,25.07,25.07,False,mobile
T00002093,2023-03-04 16:01:43,C000393,S0004,P00097,4,8.56,34.24,False,card
T00002094,2023-02-17 02:06:48,C000170,S0020,P00079,3,9.86,29.58,True,insurance
T00002095,2023-11-14 02:28:10,C000382,S0017,P00159,1,5.73,5.73,False,mobile
T00002096,2023-04-11 03:43:57,C000184,S0013,P00144,3,15.44,46.32,False,insurance
T00002097,2023-10-06 18:50:09,C000351,S0019,P00022,1,5.37,5.37,True,card
T00002098,2023-02-20 11:17:08,C000195,S0001,P00071,1,6.15,6.15,False,mobile
T00002099,2023-04-13 02:47:18,C000344,S0017,P00101,1,8.48,8.48,False,card
T00002100,2023-04-14 04:50:14,C000135,S0018,P00071,1,5.68,5.68,False,cash
T00002101,2023-04-13 07:43:35,C000106,S0015,P00065,1,1.64,1.64,False,insurance
T00002102,2023-09-03 14:29:55,C000184,S0016,P00143,3,4.82,14.46,False,insurance
T00002103,2023-11-29 20:06:06,C000236,S0012,P00165,1,6.77,6.77,False,card
T00002104,2023-11-28 08:36:58,C000086,S0001,P00183,1,8.08,8.08,False,mobile
T00002105,2023-09-27 22:11:02,C000092,S0020,P00187,1,1.39,1.39,False,mobile
T00002106,2023-03-15 17:14:08,C000183,S0018,P00176,1,12.5,12.5,True,cash
T00002107,2023-12-16 15:37:38,C000071,S0002,P00053,3,3.31,9.93,False,card
T00002108,2023-07-17 07:36:09,C000292,S0010,P00003,2,5.05,10.1,False,cash
T00002109,2023-07-18 17:34:03,C000263,S0019,P00062,2,13.05,26.1,False,insurance
T00002110,2023-09-13 07:21:10,C000125,S0009,P00192,1,14.34,14.34,False,cash
T00002111,2023-10-07 22:49:06,C000291,S0019,P00048,1,15.48,15.48,False,insurance
T00002112,2023-12-13 20:43:51,C000156,S0016,P00092,1,12.12,12.12,False,mobile
T00002113,2023-07-31 23:40:05,C000002,S0017,P00010,1,3.89,3.89,True,cash
T00002114,2023-08-11 01:29:18,C000139,S0006,P00083,1,14.18,14.18,True,insurance
T00002115,2023-09-29 08:55:54,C000187,S0006,P00009,1,20.92,20.92,False,cash
T00002116,2023-04-03 20:36:51,C000410,S0008,P00172,1,7.65,7.65,False,cash
T00002117,2023-04-23 00:10:47,C000451,S0016,P00051,5,6.53,32.65,False,insurance
T00002118,2023-08-16 16:10:38,C000251,S0012,P00082,1,6.43,6.43,False,cash
T00002119,2023-01-24 08:13:30,C000190,S0017,P00199,1,10.23,10.23,False,mobile
T00002120,2023-04-27 15:48:39,C000101,S0009,P00162,1,3.01,3.01,False,cash
T00002121,2023-09-19 08:24:41,C000418,S0020,P00163,3,30.4,91.2,False,cash
T00002122,2023-12-22 07:27:28,C000374,S0006,P00151,1,55.29,55.29,False,cash
T00002123,2023-07-09 02:19:12,C000117,S0008,P00013,3,1.37,4.11,True,insurance
T00002124,2023-05-26 11:34:14,C000386,S0020,P00190,3,7.11,21.33,False,card
T00002125,2023-06-10 07:07:44,C000247,S0019,P00132,4,8.09,32.36,False,card
T00002126,2023-09-07 11:53:48,C000339,S0019,P00101,3,8.57,25.71,False,insurance
T00002127,2023-07-18 04:32:01,C000052,S0002,P00067,1,8.0,8.0,False,mobile
T00002128,2023-01-09 10:54:58,C000186,S0007,P00153,1,3.35,3.35,False,insurance
T00002129,2023-07-16 06:48:02,C000037,S0011,P00048,1,15.88,15.88,False,card
T00002130,2023-05-26 14:56:12,C000102,S0020,P00147,2,7.02,14.04,False,insurance
T00002131,2023-09-13 02:12:13,C000104,S0012,P00198,3,2.94,8.82,False,card
T00002132,2023-11-15 12:56:25,C000328,S0013,P00105,1,4.0,4.0,False,insurance
T00002133,2023-12-17 07:57:01,C000002,S0009,P00174,3,4.98,14.94,False,mobile
T00002134,2023-08-11 02:56:49,C000255,S0001,P00051,3,5.75,17.25,False,mobile
T00002135,2023-05-12 23:20:34,C000410,S0019,P00019,1,3.23,3.23,False,insurance
T00002136,2023-06-11 14:17:06,C000156,S0014,P00160,1,4.38,4.38,False,insurance
T00002137,2023-03-06 05:34:07,C000218,S0010,P00191,5,6.25,31.25,False,mobile
T00002138,2023-12-07 16:21:00,C000190,S0012,P00198,10,3.19,31.9,False,card
T00002139,2023-11-05 10:06:52,C000301,S0020,P00106,2,7.14,14.28,False,mobile
T00002140,2023-11-07 20:24:27,C000245,S0012,P00182,2,14.75,29.5,False,insurance
T00002141,2023-04-30 10:29:10,C000174,S0016,P00047,1,4.25,4.25,False,insurance
T00002142,2023-04-28 06:52:34,C000002,S0019,P00025,1,5.1,5.1,True,mobile
T00002143,2023-11-08 19:22:27,C000097,S0010,P00080,1,15.37,15.37,False,card
T00002144,2023-07-18 05:10:29,C000251,S0011,P00198,1,2.75,2.75,False,mobile
T00002145,2023-09-14 11:52:34,C000400,S0002,P00074,1,2.59,2.59,True,card
T00002146,2023-06-28 07:06:17,C000199,S0015,P00028,1,11.28,11.28,False,cash
T00002147,2023-06-11 04:02:24,C000025,S0008,P00060,1,9.66,9.66,False,mobile
T00002148,2023-08-19 02:55:16,C000194,S0017,P00080,5,15.46,77.3,False,card
T00002149,2023-10-23 22:12:10,C000164,S0020,P00017,1,29.44,29.44,True,mobile
T00002150,2023-05-02 14:47:46,C000387,S0001,P00200,1,7.58,7.58,False,mobile
T00002151,2023-10-22 12:41:32,C000471,S0007,P00017,1,34.65,34.65,False,card
T00002152,2023-03-30 21:22:29,C000147,S0003,P00174,1,6.03,6.03,False,mobile
T00002153,2023-05-27 15:06:07,C000069,S0017,P00158,1,4.76,4.76,True,card
T00002154,2023-11-29 05:06:05,C000282,S0008,P00089,1,3.18,3.18,False,mobile
T00002155,2023-12-14 10:06:10,C000328,S0004,P00200,1,7.3,7.3,False,card
T00002156,2023-12-03 06:58:04,C000126,S0016,P00029,1,10.49,10.49,False,cash
T00002157,2023-04-26 00:57:39,C000162,S0016,P00007,1,11.05,11.05,False,mobile
T00002158,2023-11-03 23:16:08,C000359,S0005,P00162,1,2.73,2.73,True,cash
T00002159,2023-12-07 17:39:30,C000308,S0009,P00015,2,10.65,21.3,False,mobile
T00002160,2023-12-23 01:35:39,C000149,S0007,P00066,2,6.7,13.4,False,insurance
T00002161,2023-01-08 14:36:44,C000403,S0010,P00054,1,3.96,3.96,False,cash
T00002162,2023-09-29 04:14:46,C000413,S0017,P00003,1,5.44,5.44,False,card
T00002163,2023-12-29 19:34:14,C000283,S0006,P00144,1,16.92,16.92,False,cash
T00002164,2023-10-06 08:07:59,C000412,S0013,P00141,2,2.83,5.66,False,insurance
T00002165,2023-03-26 21:00:43,C000225,S0015,P00029,1,7.0,7.0,True,mobile
T00002166,2023-10-05 13:59:14,C000265,S0002,P00026,1,15.06,15.06,False,card
T00002167,2023-02-08 07:24:48,C000403,S0005,P00023,1,42.14,42.14,False,card
T00002168,2023-06-24 22:35:18,C000336,S0018,P00073,1,37.74,37.74,False,insurance
T00002169,2023-08-16 22:43:28,C000136,S0006,P00091,2,2.74,5.48,False,cash
T00002170,2023-06-16 03:33:59,C000316,S0019,P00102,1,1.68,1.68,False,mobile
T00002171,2023-09-12 17:44:45,C000084,S0013,P00152,2,2.73,5.46,False,card
T00002172,2023-03-29 10:37:00,C000471,S0005,P00138,1,0.94,0.94,True,insurance
T00002173,2023-08-09 15:56:36,C000395,S0004,P00190,1,7.16,7.16,False,cash
T00002174,2023-08-23 17:08:26,C000130,S0018,P00003,3,5.3,15.9,False,mobile
T00002175,2023-08-19 16:50:35,C000471,S0008,P00082,1,6.32,6.32,True,card
T00002176,2023-04-16 07:30:02,C000064,S0017,P00075,1,7.74,7.74,False,insurance
T00002177,2023-04-22 03:48:52,C000088,S0007,P00091,1,3.01,3.01,False,insurance
T00002178,2023-04-04 20:12:51,C000397,S0002,P00015,1,10.74,10.74,False,card
T00002179,2023-06-18 02:05:05,C000087,S0001,P00080,1,16.36,16.36,False,card
T00002180,2023-08-02 06:57:31,C000429,S0020,P00139,1,3.7,3.7,False,mobile
T00002181,2023-05-12 23:06:53,C000410,S0008,P00155,3,3.04,9.12,False,mobile
T00002182,2023-05-30 05:36:22,C000074,S0001,P00146,2,9.2,18.4,False,cash
T00002183,2023-04-15 06:05:25,C000460,S0019,P00053,3,2.67,8.01,True,insurance
T00002184,2023-03-21 15:55:53,C000367,S0003,P00083,1,19.28,19.28,False,card
T00002185,2023-08-28 07:22:49,C000432,S0005,P00106,1,6.55,6.55,False,cash
T00002186,2023-10-25 01:03:56,C000369,S0020,P00108,2,2.89,5.78,False,card
T00002187,2023-04-16 19:35:37,C000289,S0013,P00128,1,5.17,5.17,False,insurance
T00002188,2023-11-10 05:56:20,C000280,S0017,P00100,1,12.49,12.49,False,insurance
T00002189,2023-07-27 20:03:54,C000018,S0013,P00014,1,2.98,2.98,True,card
T00002190,2023-03-03 01:01:22,C000080,S0011,P00053,1,3.03,3.03,False,card
T00002191,2023-05-14 05:22:04,C000149,S0012,P00090,1,6.7,6.7,False,cash
T00002192,2023-01-03 17:34:53,C000186,S0013,P00176,1,13.07,13.07,True,card
T00002193,2023-01-15 06:11:05,C000234,S0020,P00172,3,7.47,22.41,False,card
T00002194,2023-05-03 08:25:53,C000037,S0002,P00175,1,9.03,9.03,False,mobile
T00002195,2023-06-15 10:11:02,C000084,S0004,P00132,1,5.32,5.32,True,mobile
T00002196,2023-10-18 07:03:17,C000446,S0016,P00137,1,7.76,7.76,False,cash
T00002197,2023-02-18 21:15:57,C000072,S0002,P00041,3,19.07,57.21,False,card
T00002198,2023-11-02 11:01:23,C000266,S0003,P00034,1,8.44,8.44,False,mobile
T00002199,2023-03-27 08:47:27,C000349,S0006,P00047,1,4.28,4.28,False,card
T00002200,2023-02-20 08:26:34,C000122,S0007,P00076,1,3.24,3.24,False,cash
T00002201,2023-09-12 18:15:46,C000433,S0013,P00108,1,2.71,2.71,False,cash
T00002202,2023-10-09 20:35:55,C000245,S0014,P00105,2,4.31,8.62,False,cash
T00002203,2023-08-09 04:30:48,C000412,S0017,P00119,1,7.32,7.32,False,mobile
T00002204,2023-02-12 02:47:29,C000354,S0003,P00070,3,1.57,4.71,True,cash
T00002205,2023-02-11 23:39:06,C000409,S0008,P00196,1,7.02,7.02,False,mobile
T00002206,2023-05-22 23:35:12,C000492,S0014,P00126,1,7.23,7.23,False,mobile
T00002207,2023-06-14 00:26:33,C000355,S0002,P00055,1,2.26,2.26,False,cash
T00002208,2023-12-30 11:51:10,C000266,S0017,P00021,1,7.57,7.57,False,insurance
T00002209,2023-04-15 06:38:45,C000456,S0001,P00040,1,24.55,24.55,False,insurance
T00002210,2023-03-12 02:28:24,C000025,S0018,P00193,3,35.36,106.08,False,cash
T00002211,2023-12-11 07:23:38,C000385,S0018,P00106,1,6.81,6.81,False,insurance
T00002212,2023-02-26 01:01:33,C000368,S0020,P00192,3,14.48,43.44,False,cash
T00002213,2023-01-10 14:39:09,C000245,S0016,P00045,3,4.64,13.92,False,insurance
T00002214,2023-06-03 21:35:01,C000264,S0018,P00023,1,45.27,45.27,False,cash
T00002215,2023-05-26 23:51:00,C000389,S0020,P00021,1,5.98,5.98,True,mobile
T00002216,2023-08-14 13:25:27,C000206,S0014,P00033,10,6.45,64.5,False,card
T00002217,2023-11-16 11:53:27,C000044,S0018,P00036,1,21.37,21.37,True,mobile
T00002218,2023-12-06 13:49:17,C000285,S0012,P00030,2,13.79,27.58,False,card
T00002219,2023-04-16 10:17:08,C000338,S0011,P00024,3,5.09,15.27,False,mobile
T00002220,2023-12-24 00:27:13,C000393,S0018,P00045,1,4.37,4.37,False,mobile
T00002221,2023-08-19 06:55:39,C000133,S0008,P00056,1,10.98,10.98,False,cash
T00002222,2023-01-26 08:22:50,C000390,S0010,P00150,5,19.68,98.4,False,mobile
T00002223,2023-12-08 14:16:07,C000464,S0018,P00171,1,16.47,16.47,False,mobile
T00002224,2023-02-20 05:32:46,C000017,S0002,P00198,1,2.92,2.92,False,card
T00002225,2023-08-03 05:58:18,C000451,S0005,P00099,1,21.73,21.73,True,card
T00002226,2023-10-15 19:53:13,C000278,S0011,P00062,1,11.84,11.84,False,card
T00002227,2023-04-01 19:05:30,C000033,S0010,P00068,2,4.06,8.12,False,mobile
T00002228,2023-04-09 12:14:33,C000488,S0003,P00129,4,26.93,107.72,False,mobile
T00002229,2023-06-23 07:53:00,C000341,S0001,P00166,1,4.72,4.72,False,card
T00002230,2023-11-19 02:02:29,C000248,S0005,P00075,1,7.5,7.5,False,card
T00002231,2023-03-23 09:23:55,C000421,S0017,P00003,1,5.58,5.58,False,card
T00002232,2023-08-30 11:55:40,C000107,S0016,P00092,1,11.1,11.1,False,mobile
T00002233,2023-06-14 17:50:26,C000465,S0016,P00007,1,10.27,10.27,False,card
T00002234,2023-02-10 17:04:34,C000254,S0008,P00103,1,10.14,10.14,False,card
T00002235,2023-09-16 18:13:12,C000324,S0007,P00118,1,6.29,6.29,False,card
T00002236,2023-10-31 00:58:33,C000073,S0011,P00084,10,8.73,87.3,False,cash
T00002237,2023-07-29 12:44:20,C000184,S0019,P00053,4,2.98,11.92,False,card
T00002238,2023-03-06 04:38:57,C000447,S0010,P00020,1,3.88,3.88,False,mobile
T00002239,2023-02-26 16:25:09,C000367,S0002,P00118,1,6.84,6.84,False,insurance
T00002240,2023-06-04 03:39:21,C000483,S0014,P00174,1,5.64,5.64,False,mobile
T00002241,2023-07-04 08:04:28,C000485,S0017,P00050,1,16.27,16.27,False,mobile
T00002242,2023-07-20 23:53:15,C000002,S0017,P00034,1,7.98,7.98,False,card
T00002243,2023-03-30 16:34:42,C000398,S0001,P00119,3,5.0,15.0,True,cash
T00002244,2023-07-02 06:41:35,C000477,S0012,P00034,1,8.59,8.59,False,mobile
T00002245,2023-04-18 09:48:37,C000028,S0009,P00184,1,5.34,5.34,False,card
T00002246,2023-09-07 18:19:09,C000246,S0018,P00089,1,3.29,3.29,False,card
T00002247,2023-10-17 21:59:52,C000244,S0006,P00160,2,4.73,9.46,False,mobile
T00002248,2023-08-26 13:52:17,C000142,S0015,P00153,1,2.95,2.95,True,card
T00002249,2023-01-01 10:53:48,C000172,S0005,P00014,2,3.81,7.62,False,insurance
T00002250,2023-12-28 02:28:45,C000419,S0018,P00131,3,7.43,22.29,False,mobile
T00002251,2023-01-09 15:38:01,C000366,S0002,P00026,1,15.38,15.38,False,insurance
T00002252,2023-12-30 18:57:00,C000001,S0018,P00040,2,24.72,49.44,False,card
T00002253,2023-01-12 13:34:54,C000129,S0010,P00101,1,8.25,8.25,False,card
T00002254,2023-07-07 23:47:22,C000275,S0005,P00104,1,13.53,13.53,True,mobile
T00002255,2023-02-08 13:45:42,C000203,S0009,P00185,1,16.02,16.02,False,card
T00002256,2023-02-04 15:39:33,C000173,S0002,P00195,5,6.89,34.45,False,card
T00002257,2023-09-06 18:08:47,C000440,S0004,P00189,2,8.85,17.7,False,cash
T00002258,2023-09-22 22:26:21,C000275,S0008,P00123,1,1.41,1.41,False,insurance
T00002259,2023-02-13 00:54:56,C000273,S0009,P00176,3,19.93,59.79,False,insurance
T00002260,2023-12-22 12:08:15,C000173,S0001,P00009,2,20.56,41.12,False,insurance
T00002261,2023-04-27 15:33:04,C000373,S0020,P00098,4,6.3,25.2,False,insurance
T00002262,2023-04-26 20:53:57,C000394,S0006,P00106,1,6.16,6.16,False,cash
T00002263,2023-04-19 02:23:38,C000274,S0017,P00015,1,11.64,11.64,False,insurance
T00002264,2023-06-17 21:07:15,C000212,S0019,P00005,1,14.95,14.95,False,insurance
T00002265,2023-03-06 17:33:34,C000309,S0005,P00042,1,15.97,15.97,False,cash
T00002266,2023-06-04 14:51:04,C000196,S0001,P00091,3,2.85,8.55,False,insurance
T00002267,2023-03-18 10:23:49,C000239,S0017,P00188,2,2.1,4.2,False,cash
T00002268,2023-01-19 17:11:51,C000229,S0003,P00113,1,5.27,5.27,False,card
T00002269,2023-05-15 05:17:04,C000399,S0001,P00140,1,10.65,10.65,False,insurance
T00002270,2023-09-02 16:54:08,C000042,S0014,P00095,4,3.31,13.24,False,cash
T00002271,2023-10-05 18:21:11,C000444,S0004,P00065,1,1.66,1.66,False,cash
T00002272,2023-05-09 14:45:29,C000402,S0003,P00131,1,7.86,7.86,False,insurance
T00002273,2023-04-28 20:14:50,C000356,S0014,P00127,1,31.19,31.19,False,mobile
T00002274,2023-10-14 15:17:04,C000212,S0001,P00083,1,20.14,20.14,False,mobile
T00002275,2023-09-05 22:51:41,C000231,S0019,P00054,3,3.72,11.16,False,insurance
T00002276,2023-10-30 21:24:04,C000470,S0002,P00148,1,8.54,8.54,False,cash
T00002277,2023-11-26 19:42:08,C000180,S0018,P00062,2,13.24,26.48,False,card
T00002278,2023-10-26 22:16:20,C000248,S0001,P00041,1,19.87,19.87,False,insurance
T00002279,2023-12-07 21:08:19,C000044,S0005,P00055,1,1.55,1.55,True,card
T00002280,2023-06-01 15:59:39,C000377,S0008,P00132,3,8.66,25.98,False,card
T00002281,2023-05-24 15:51:11,C000340,S0013,P00165,3,6.81,20.43,False,mobile
T00002282,2023-04-28 01:01:23,C000125,S0019,P00134,1,3.65,3.65,False,card
T00002283,2023-03-27 14:54:17,C000241,S0012,P00097,4,7.73,30.92,False,card
T00002284,2023-09-30 13:41:54,C000206,S0008,P00185,3,18.09,54.27,False,cash
T00002285,2023-09-18 01:26:46,C000253,S0008,P00113,2,5.64,11.28,False,card
T00002286,2023-10-19 16:56:17,C000249,S0016,P00011,1,5.87,5.87,False,cash
T00002287,2023-03-02 22:19:37,C000447,S0018,P00018,1,3.91,3.91,True,mobile
T00002288,2023-06-28 19:37:30,C000021,S0013,P00026,1,12.91,12.91,True,card
T00002289,2023-03-22 19:02:01,C000112,S0013,P00058,5,14.9,74.5,False,insurance
T00002290,2023-11-22 01:31:09,C000173,S0006,P00065,1,1.21,1.21,True,mobile
T00002291,2023-04-08 08:06:16,C000029,S0006,P00192,3,14.27,42.81,False,card
T00002292,2023-02-22 09:11:11,C000202,S0006,P00099,10,28.66,286.6,False,card
T00002293,2023-07-27 10:20:01,C000475,S0004,P00031,4,2.36,9.44,False,cash
T00002294,2023-11-16 23:32:42,C000306,S0007,P00172,3,7.46,22.38,False,mobile
T00002295,2023-11-30 07:49:37,C000321,S0011,P00152,1,2.29,2.29,False,insurance
T00002296,2023-02-04 23:29:16,C000497,S0018,P00126,1,6.89,6.89,False,card
T00002297,2023-04-29 15:00:20,C000443,S0005,P00183,2,5.69,11.38,True,card
T00002298,2023-02-25 21:11:56,C000355,S0002,P00104,3,15.11,45.33,True,cash
T00002299,2023-04-23 01:30:55,C000490,S0006,P00004,1,4.99,4.99,False,insurance
T00002300,2023-07-14 07:37:35,C000489,S0018,P00038,2,21.85,43.7,False,cash
T00002301,2023-04-13 03:04:31,C000399,S0012,P00115,1,2.87,2.87,False,insurance
T00002302,2023-01-25 13:50:29,C000412,S0002,P00088,1,4.32,4.32,False,insurance
T00002303,2023-07-05 15:37:13,C000069,S0016,P00189,1,9.09,9.09,False,insurance
T00002304,2023-01-20 05:19:22,C000388,S0016,P00028,1,8.09,8.09,True,card
T00002305,2023-03-24 12:24:59,C000021,S0009,P00031,5,2.48,12.4,False,mobile
T00002306,2023-01-01 04:31:54,C000272,S0010,P00001,1,9.45,9.45,False,card
T00002307,2023-02-01 14:28:26,C000491,S0008,P00141,1,2.31,2.31,True,cash
T00002308,2023-06-08 19:39:44,C000069,S0005,P00198,2,2.81,5.62,False,cash
T00002309,2023-11-06 15:50:02,C000463,S0016,P00085,2,17.7,35.4,True,mobile
T00002310,2023-10-09 23:06:51,C000392,S0011,P00008,3,36.81,110.43,False,cash
T00002311,2023-02-05 23:23:04,C000288,S0010,P00184,1,4.4,4.4,True,card
T00002312,2023-01-13 16:20:52,C000374,S0012,P00060,3,9.91,29.73,False,mobile
T00002313,2023-05-04 01:31:50,C000382,S0020,P00147,5,7.4,37.0,False,card
T00002314,2023-08-26 10:07:21,C000194,S0019,P00131,1,8.39,8.39,False,mobile
T00002315,2023-09-29 19:27:20,C000448,S0004,P00179,1,2.21,2.21,False,cash
T00002316,2023-10-27 14:50:25,C000246,S0013,P00140,1,11.63,11.63,False,mobile
T00002317,2023-05-05 13:30:02,C000457,S0018,P00162,1,2.81,2.81,False,insurance
T00002318,2023-03-03 03:39:19,C000082,S0015,P00011,3,5.64,16.92,False,insurance
T00002319,2023-01-10 14:10:32,C000058,S0011,P00187,3,1.43,4.29,False,cash
T00002320,2023-02-23 11:00:05,C000452,S0013,P00031,2,2.63,5.26,False,card
T00002321,2023-01-24 17:15:09,C000099,S0009,P00200,1,6.07,6.07,True,mobile
T00002322,2023-11-10 07:57:27,C000235,S0007,P00157,1,42.47,42.47,False,card
T00002323,2023-04-08 16:51:30,C000410,S0008,P00094,3,8.96,26.88,False,cash
T00002324,2023-10-27 14:49:00,C000035,S0007,P00163,3,20.42,61.26,True,insurance
T00002325,2023-07-21 08:23:48,C000450,S0018,P00153,1,3.32,3.32,False,mobile
T00002326,2023-07-16 04:11:43,C000341,S0004,P00103,1,10.08,10.08,False,mobile
T00002327,2023-06-15 13:04:27,C000447,S0003,P00035,2,5.64,11.28,False,mobile
T00002328,2023-10-26 04:31:49,C000350,S0017,P00179,3,2.14,6.42,False,insurance
T00002329,2023-01-16 19:34:16,C000361,S0020,P00197,1,8.68,8.68,False,insurance
T00002330,2023-02-03 18:19:01,C000171,S0009,P00048,1,15.47,15.47,False,card
T00002331,2023-06-04 02:43:02,C000434,S0002,P00131,1,7.67,7.67,False,card
T00002332,2023-05-24 14:11:26,C000033,S0009,P00081,5,8.26,41.3,False,card
T00002333,2023-07-18 14:20:03,C000459,S0002,P00108,4,1.93,7.72,True,insurance
T00002334,2023-09-26 13:23:58,C000260,S0017,P00027,1,6.41,6.41,False,cash
T00002335,2023-08-02 20:47:41,C000417,S0017,P00035,1,5.74,5.74,False,card
T00002336,2023-04-04 17:06:01,C000033,S0016,P00052,2,3.13,6.26,False,insurance
T00002337,2023-04-30 03:13:08,C000303,S0007,P00012,5,10.81,54.05,False,mobile
T00002338,2023-10-01 20:20:44,C000458,S0015,P00033,4,6.01,24.04,False,card
T00002339,2023-03-15 08:01:20,C000313,S0020,P00163,3,24.98,74.94,True,mobile
T00002340,2023-07-03 12:30:15,C000327,S0003,P00116,4,7.27,29.08,False,cash
T00002341,2023-07-16 02:52:56,C000359,S0011,P00147,2,7.89,15.78,False,mobile
T00002342,2023-10-01 02:19:25,C000315,S0009,P00039,5,4.39,21.95,False,cash
T00002343,2023-09-18 00:36:02,C000351,S0014,P00086,1,2.11,2.11,False,mobile
T00002344,2023-06-19 03:26:29,C000220,S0016,P00041,1,21.61,21.61,False,cash
T00002345,2023-04-23 12:51:40,C000218,S0014,P00036,1,26.64,26.64,False,card
T00002346,2023-05-14 22:00:44,C000170,S0014,P00132,1,7.9,7.9,False,mobile
T00002347,2023-05-30 19:39:08,C000422,S0016,P00167,1,8.4,8.4,False,insurance
T00002348,2023-03-21 18:50:13,C000356,S0014,P00052,5,3.04,15.2,False,cash
T00002349,2023-08-16 15:33:33,C000463,S0020,P00072,1,10.87,10.87,False,insurance
T00002350,2023-03-17 20:24:07,C000024,S0017,P00040,1,27.74,27.74,False,insurance
T00002351,2023-08-25 02:50:36,C000035,S0007,P00155,1,2.91,2.91,False,mobile
T00002352,2023-10-01 13:01:26,C000355,S0016,P00068,2,4.66,9.32,False,insurance
T00002353,2023-12-17 02:37:16,C000117,S0001,P00022,1,6.79,6.79,False,cash
T00002354,2023-02-13 06:48:02,C000387,S0011,P00196,2,7.06,14.12,False,mobile
T00002355,2023-10-04 13:00:46,C000411,S0016,P00106,3,6.34,19.02,False,mobile
T00002356,2023-02-01 07:08:30,C000367,S0002,P00067,2,8.24,16.48,False,cash
T00002357,2023-05-03 18:11:41,C000433,S0007,P00085,1,23.38,23.38,False,mobile
T00002358,2023-03-06 04:04:53,C000345,S0019,P00004,2,4.95,9.9,False,mobile
T00002359,2023-03-01 01:42:53,C000131,S0001,P00176,1,13.31,13.31,True,mobile
T00002360,2023-03-05 19:49:37,C000377,S0004,P00024,2,4.72,9.44,False,mobile
T00002361,2023-01-16 23:50:38,C000330,S0005,P00066,1,7.0,7.0,False,card
T00002362,2023-10-27 14:40:06,C000338,S0008,P00108,1,2.69,2.69,False,insurance
T00002363,2023-01-23 06:01:07,C000120,S0006,P00148,2,7.33,14.66,False,cash
T00002364,2023-05-26 01:21:14,C000460,S0019,P00171,1,16.15,16.15,False,mobile
T00002365,2023-09-12 11:53:05,C000403,S0007,P00088,1,4.5,4.5,False,mobile
T00002366,2023-12-27 12:02:01,C000219,S0019,P00048,1,14.51,14.51,False,mobile
T00002367,2023-11-07 17:58:16,C000017,S0019,P00080,2,15.74,31.48,False,insurance
T00002368,2023-02-19 22:40:39,C000180,S0012,P00194,2,3.33,6.66,False,mobile
T00002369,2023-12-26 12:53:08,C000085,S0008,P00194,1,3.17,3.17,False,mobile
T00002370,2023-08-26 21:19:26,C000177,S0003,P00191,1,6.0,6.0,False,mobile
T00002371,2023-03-07 08:42:27,C000131,S0008,P00195,1,7.21,7.21,False,mobile
T00002372,2023-06-13 08:06:03,C000490,S0014,P00095,1,3.32,3.32,False,card
T00002373,2023-12-01 02:37:09,C000088,S0007,P00072,5,11.22,56.1,False,insurance
T00002374,2023-05-24 00:31:59,C000284,S0012,P00136,1,4.08,4.08,False,insurance
T00002375,2023-03-08 20:15:34,C000204,S0003,P00199,1,10.67,10.67,False,card
T00002376,2023-11-15 12:44:08,C000184,S0015,P00137,4,7.04,28.16,False,insurance
T00002377,2023-12-13 21:11:44,C000206,S0012,P00173,1,19.31,19.31,False,mobile
T00002378,2023-12-22 02:48:13,C000389,S0007,P00136,1,4.74,4.74,False,card
T00002379,2023-12-14 21:05:03,C000083,S0001,P00007,1,10.5,10.5,False,cash
T00002380,2023-11-14 17:17:45,C000381,S0015,P00185,2,18.34,36.68,False,card
T00002381,2023-06-15 10:25:12,C000245,S0009,P00083,1,19.89,19.89,False,cash
T00002382,2023-03-11 23:56:19,C000062,S0018,P00033,1,7.08,7.08,False,cash
T00002383,2023-08-13 15:28:48,C000204,S0009,P00184,1,4.05,4.05,True,cash
T00002384,2023-03-22 08:53:26,C000490,S0004,P00112,2,7.41,14.82,False,cash
T00002385,2023-06-22 05:29:10,C000255,S0009,P00016,1,5.89,5.89,True,cash
T00002386,2023-08-27 19:27:41,C000236,S0010,P00184,1,5.34,5.34,False,mobile
T00002387,2023-12-11 13:19:19,C000354,S0015,P00059,1,4.67,4.67,False,card
T00002388,2023-04-16 05:26:03,C000405,S0005,P00100,2,11.99,23.98,False,card
T00002389,2023-04-02 16:43:11,C000198,S0018,P00123,2,1.48,2.96,False,mobile
T00002390,2023-09-25 10:33:32,C000288,S0002,P00024,2,5.34,10.68,False,cash
T00002391,2023-01-03 08:26:02,C000031,S0016,P00170,1,22.52,22.52,False,card
T00002392,2023-07-26 04:15:03,C000352,S0010,P00127,1,30.12,30.12,False,cash
T00002393,2023-09-29 12:19:24,C000178,S0004,P00166,10,4.55,45.5,False,cash
T00002394,2023-07-20 12:44:20,C000273,S0017,P00076,10,3.58,35.8,False,mobile
T00002395,2023-05-20 18:13:51,C000153,S0005,P00034,1,7.92,7.92,False,mobile
T00002396,2023-10-29 14:11:10,C000025,S0003,P00101,1,6.58,6.58,True,card
T00002397,2023-05-16 01:21:28,C000062,S0019,P00189,1,8.0,8.0,False,mobile
T00002398,2023-09-16 15:12:52,C000287,S0014,P00044,1,44.91,44.91,False,mobile
T00002399,2023-06-18 22:44:31,C000401,S0010,P00123,10,1.43,14.3,False,cash
T00002400,2023-01-10 16:11:00,C000442,S0005,P00072,10,9.96,99.6,True,cash
T00002401,2023-07-13 02:35:34,C000489,S0001,P00039,1,3.29,3.29,True,cash
T00002402,2023-01-19 00:04:30,C000027,S0007,P00157,1,38.16,38.16,False,card
T00002403,2023-12-05 20:51:08,C000286,S0019,P00135,1,11.77,11.77,False,insurance
T00002404,2023-08-07 23:12:53,C000142,S0003,P00084,1,8.35,8.35,False,mobile
T00002405,2023-05-16 10:04:26,C000048,S0010,P00065,1,1.71,1.71,False,card
T00002406,2023-06-26 23:22:26,C000111,S0002,P00029,4,9.75,39.0,False,cash
T00002407,2023-08-14 09:09:18,C000364,S0001,P00043,1,14.55,14.55,False,insurance
T00002408,2023-04-05 16:58:23,C000317,S0002,P00158,1,5.86,5.86,False,cash
T00002409,2023-04-15 23:24:31,C000205,S0012,P00135,1,12.41,12.41,False,insurance
T00002410,2023-06-02 09:22:46,C000423,S0003,P00074,2,2.74,5.48,True,insurance
T00002411,2023-04-05 02:53:12,C000461,S0002,P00133,1,8.23,8.23,False,card
T00002412,2023-10-03 21:06:17,C000076,S0015,P00014,1,2.95,2.95,True,mobile
T00002413,2023-02-07 18:55:53,C000405,S0020,P00086,3,1.98,5.94,False,mobile
T00002414,2023-10-28 21:16:41,C000209,S0014,P00035,4,5.43,21.72,False,mobile
T00002415,2023-05-07 20:44:11,C000216,S0005,P00128,2,4.88,9.76,False,cash
T00002416,2023-07-24 06:50:41,C000323,S0012,P00072,4,7.85,31.4,True,mobile
T00002417,2023-02-27 10:09:12,C000214,S0006,P00146,1,8.42,8.42,False,card
T00002418,2023-05-21 06:35:16,C000382,S0002,P00096,5,6.46,32.3,False,mobile
T00002419,2023-10-02 16:09:34,C000097,S0007,P00170,1,25.1,25.1,False,card
T00002420,2023-04-09 12:48:25,C000214,S0010,P00064,4,7.88,31.52,False,insurance
T00002421,2023-02-18 03:33:43,C000425,S0010,P00048,1,15.03,15.03,False,cash
T00002422,2023-07-09 23:28:47,C000281,S0002,P00052,4,3.19,12.76,False,cash
T00002423,2023-03-01 03:31:15,C000446,S0017,P00167,4,7.87,31.48,False,insurance
T00002424,2023-04-25 13:39:09,C000074,S0005,P00112,1,6.95,6.95,False,insurance
T00002425,2023-06-13 23:13:33,C000393,S0015,P00148,1,7.79,7.79,False,card
T00002426,2023-07-25 07:56:06,C000067,S0001,P00143,1,4.68,4.68,False,insurance
T00002427,2023-08-21 17:35:39,C000219,S0007,P00106,10,6.13,61.3,False,mobile
T00002428,2023-09-04 07:14:07,C000264,S0014,P00167,3,8.02,24.06,False,insurance
T00002429,2023-11-04 07:41:31,C000494,S0016,P00032,1,13.9,13.9,False,insurance
T00002430,2023-01-25 01:16:04,C000196,S0015,P00175,1,8.83,8.83,False,mobile
T00002431,2023-05-12 21:15:36,C000149,S0002,P00091,1,2.87,2.87,False,card
T00002432,2023-01-01 09:19:31,C000254,S0020,P00104,2,20.64,41.28,False,cash
T00002433,2023-01-04 10:29:28,C000053,S0002,P00162,3,2.92,8.76,False,insurance
T00002434,2023-03-19 06:27:11,C000451,S0003,P00180,1,8.98,8.98,True,mobile
T00002435,2023-08-06 17:22:45,C000242,S0005,P00128,3,5.48,16.44,False,insurance
T00002436,2023-11-22 14:27:09,C000075,S0017,P00178,1,4.62,4.62,False,insurance
T00002437,2023-10-09 13:39:23,C000267,S0018,P00173,1,14.34,14.34,True,insurance
T00002438,2023-08-24 05:59:46,C000019,S0007,P00029,3,9.71,29.13,False,cash
T00002439,2023-10-11 06:02:21,C000071,S0008,P00001,3,6.79,20.37,True,cash
T00002440,2023-03-04 14:14:44,C000485,S0017,P00082,1,6.69,6.69,False,card
T00002441,2023-11-02 16:48:03,C000127,S0015,P00024,5,5.06,25.3,False,mobile
T00002442,2023-11-21 01:20:46,C000311,S0019,P00085,1,22.9,22.9,False,insurance
T00002443,2023-02-04 14:23:43,C000418,S0003,P00068,1,4.33,4.33,False,mobile
T00002444,2023-06-21 01:32:06,C000070,S0015,P00033,2,6.86,13.72,False,mobile
T00002445,2023-10-30 03:12:20,C000003,S0011,P00002,2,3.52,7.04,False,insurance
T00002446,2023-06-23 07:08:15,C000270,S0001,P00194,1,3.3,3.3,False,mobile
T00002447,2023-11-02 22:22:09,C000289,S0012,P00065,2,1.67,3.34,False,cash
T00002448,2023-12-07 12:53:40,C000265,S0004,P00178,1,4.45,4.45,False,insurance
T00002449,2023-06-22 18:40:04,C000471,S0015,P00020,2,3.59,7.18,False,mobile
T00002450,2023-01-22 15:40:32,C000237,S0015,P00084,1,6.41,6.41,True,cash
T00002451,2023-05-04 18:42:00,C000215,S0005,P00114,2,16.41,32.82,False,mobile
T00002452,2023-03-20 07:47:50,C000400,S0007,P00010,2,4.24,8.48,True,cash
T00002453,2023-06-22 13:52:09,C000492,S0018,P00190,1,6.64,6.64,False,insurance
T00002454,2023-08-02 05:17:54,C000125,S0011,P00188,5,2.0,10.0,False,insurance
T00002455,2023-06-18 20:36:59,C000007,S0003,P00050,1,15.47,15.47,False,insurance
T00002456,2023-03-13 03:46:12,C000242,S0001,P00099,2,27.52,55.04,False,card
T00002457,2023-04-20 14:58:38,C000379,S0006,P00117,1,11.66,11.66,False,card
T00002458,2023-09-05 08:20:53,C000216,S0008,P00138,5,1.2,6.0,False,mobile
T00002459,2023-01-10 19:43:26,C000112,S0004,P00139,5,3.5,17.5,False,card
T00002460,2023-03-19 22:18:37,C000255,S0012,P00155,1,2.79,2.79,False,card
T00002461,2023-11-21 19:29:42,C000055,S0014,P00142,1,6.8,6.8,True,cash
T00002462,2023-02-06 02:14:07,C000188,S0016,P00097,1,6.66,6.66,True,insurance
T00002463,2023-05-31 23:13:13,C000381,S0020,P00152,1,2.45,2.45,False,card
T00002464,2023-03-17 08:13:20,C000051,S0012,P00032,2,12.95,25.9,True,insurance
T00002465,2023-02-08 02:13:46,C000360,S0009,P00012,2,10.29,20.58,False,insurance
T00002466,2023-06-03 21:00:16,C000059,S0007,P00127,2,30.56,61.12,False,insurance
T00002467,2023-07-09 19:19:04,C000348,S0018,P00190,1,7.25,7.25,False,insurance
T00002468,2023-03-06 02:44:39,C000327,S0001,P00159,1,6.07,6.07,False,card
T00002469,2023-01-29 07:36:31,C000055,S0007,P00087,1,30.25,30.25,False,cash
T00002470,2023-02-19 00:40:10,C000073,S0002,P00063,1,10.67,10.67,False,card
T00002471,2023-08-26 03:53:27,C000451,S0005,P00140,1,12.4,12.4,False,mobile
T00002472,2023-11-10 03:25:22,C000118,S0009,P00059,1,4.75,4.75,False,mobile
T00002473,2023-03-07 15:01:24,C000084,S0014,P00193,1,28.7,28.7,True,insurance
T00002474,2023-04-27 14:59:24,C000067,S0020,P00132,1,7.96,7.96,False,cash
T00002475,2023-05-06 03:34:20,C000022,S0010,P00107,1,0.59,0.59,False,cash
T00002476,2023-05-12 07:35:16,C000310,S0016,P00101,1,6.44,6.44,True,insurance
T00002477,2023-03-30 22:12:32,C000472,S0001,P00113,1,5.3,5.3,False,cash
T00002478,2023-01-21 02:50:32,C000199,S0008,P00035,2,5.56,11.12,False,cash
T00002479,2023-07-11 03:45:37,C000345,S0017,P00083,1,19.77,19.77,False,mobile
T00002480,2023-05-11 01:58:52,C000233,S0018,P00177,1,12.28,12.28,False,mobile
T00002481,2023-05-05 13:57:50,C000256,S0019,P00043,1,15.55,15.55,False,cash
T00002482,2023-04-07 09:21:20,C000266,S0020,P00032,1,13.22,13.22,False,insurance
T00002483,2023-12-05 06:42:37,C000224,S0010,P00183,3,7.56,22.68,False,mobile
T00002484,2023-08-11 05:11:51,C000307,S0003,P00137,3,7.9,23.7,False,mobile
T00002485,2023-06-02 09:41:30,C000455,S0015,P00174,5,5.76,28.8,False,cash
T00002486,2023-03-16 18:17:22,C000365,S0007,P00057,1,15.86,15.86,False,mobile
T00002487,2023-10-19 14:36:57,C000265,S0019,P00031,1,2.42,2.42,False,mobile
T00002488,2023-11-20 08:45:39,C000214,S0001,P00048,2,13.67,27.34,True,card
T00002489,2023-01-12 18:20:13,C000325,S0008,P00121,1,6.1,6.1,False,mobile
T00002490,2023-12-05 09:34:04,C000453,S0011,P00003,2,5.65,11.3,False,cash
T00002491,2023-09-12 14:08:02,C000029,S0018,P00193,1,37.35,37.35,False,cash
T00002492,2023-02-06 08:07:26,C000361,S0019,P00130,1,11.88,11.88,True,mobile
T00002493,2023-10-02 03:34:39,C000043,S0012,P00155,1,3.02,3.02,False,mobile
T00002494,2023-02-09 02:16:20,C000443,S0020,P00069,4,6.09,24.36,False,mobile
T00002495,2023-01-19 12:19:43,C000263,S0002,P00169,2,42.82,85.64,True,card
T00002496,2023-02-11 23:29:30,C000131,S0001,P00023,1,45.09,45.09,False,card
T00002497,2023-06-17 09:05:34,C000283,S0018,P00059,1,4.06,4.06,False,mobile
T00002498,2023-08-14 12:33:25,C000282,S0007,P00176,1,19.78,19.78,False,mobile
T00002499,2023-05-29 06:23:24,C000452,S0001,P00100,3,12.01,36.03,False,card
T00002500,2023-02-14 09:31:15,C000407,S0008,P00066,3,6.61,19.83,False,cash
T00002501,2023-03-14 11:56:09,C000054,S0009,P00139,1,3.5,3.5,False,cash
T00002502,2023-11-07 06:24:43,C000457,S0012,P00097,4,7.65,30.6,False,card
T00002503,2023-12-17 09:28:54,C000107,S0012,P00073,3,37.44,112.32,False,insurance
T00002504,2023-10-02 13:18:58,C000060,S0010,P00137,1,7.85,7.85,False,card
T00002505,2023-02-07 15:25:24,C000176,S0017,P00028,1,10.82,10.82,False,card
T00002506,2023-10-26 09:51:01,C000290,S0002,P00148,1,7.73,7.73,False,mobile
T00002507,2023-09-09 21:12:53,C000320,S0006,P00073,1,30.43,30.43,True,cash
T00002508,2023-07-11 11:39:53,C000100,S0020,P00164,2,11.98,23.96,True,insurance
T00002509,2023-02-22 03:19:55,C000256,S0019,P00083,4,18.91,75.64,False,insurance
T00002510,2023-12-29 18:58:20,C000423,S0012,P00190,2,7.08,14.16,False,card
T00002511,2023-06-11 02:36:36,C000036,S0014,P00109,1,1.41,1.41,False,insurance
T00002512,2023-01-17 01:54:49,C000160,S0019,P00036,1,28.48,28.48,False,card
T00002513,2023-03-18 10:17:05,C000404,S0002,P00133,1,8.91,8.91,False,insurance
T00002514,2023-05-27 01:27:03,C000446,S0013,P00139,1,2.99,2.99,True,insurance
T00002515,2023-01-23 16:29:13,C000264,S0018,P00104,1,19.34,19.34,False,cash
T00002516,2023-04-28 21:54:38,C000326,S0020,P00086,4,1.63,6.52,True,insurance
T00002517,2023-06-20 11:58:27,C000267,S0003,P00007,1,10.85,10.85,False,mobile
T00002518,2023-12-12 07:22:02,C000322,S0017,P00176,1,19.7,19.7,False,mobile
T00002519,2023-02-01 10:34:19,C000414,S0006,P00144,10,16.82,168.2,False,mobile
T00002520,2023-07-29 23:27:26,C000474,S0006,P00144,1,16.0,16.0,False,insurance
T00002521,2023-11-30 08:05:22,C000469,S0003,P00109,1,1.34,1.34,False,card
T00002522,2023-10-21 10:53:04,C000078,S0002,P00042,10,17.03,170.3,False,card
T00002523,2023-12-03 16:17:21,C000163,S0009,P00164,10,13.29,132.9,False,card
T00002524,2023-03-04 00:06:02,C000285,S0001,P00111,1,6.4,6.4,False,cash
T00002525,2023-10-19 16:32:02,C000458,S0017,P00193,1,38.67,38.67,False,cash
T00002526,2023-12-23 05:20:53,C000468,S0002,P00079,4,9.78,39.12,True,cash
T00002527,2023-04-29 16:13:18,C000047,S0015,P00137,1,7.01,7.01,False,mobile
T00002528,2023-07-01 12:06:54,C000032,S0008,P00104,1,20.49,20.49,False,mobile
T00002529,2023-07-13 05:25:48,C000004,S0020,P00198,1,2.93,2.93,False,cash
T00002530,2023-06-29 16:43:09,C000409,S0020,P00159,1,4.31,4.31,True,cash
T00002531,2023-04-16 11:32:02,C000313,S0020,P00040,1,25.36,25.36,False,card
T00002532,2023-12-20 09:38:57,C000308,S0002,P00001,1,9.63,9.63,False,cash
T00002533,2023-12-15 03:57:21,C000356,S0019,P00127,1,32.91,32.91,False,cash
T00002534,2023-05-19 14:04:40,C000185,S0012,P00127,1,23.19,23.19,True,insurance
T00002535,2023-10-21 03:01:53,C000191,S0017,P00103,4,10.36,41.44,False,card
T00002536,2023-05-25 16:46:43,C000464,S0010,P00076,2,3.74,7.48,False,card
T00002537,2023-10-17 07:27:56,C000101,S0014,P00112,2,7.22,14.44,False,insurance
T00002538,2023-08-01 20:23:59,C000150,S0018,P00013,1,1.85,1.85,False,cash
T00002539,2023-06-21 03:24:08,C000151,S0004,P00092,1,11.47,11.47,False,mobile
T00002540,2023-02-16 14:40:03,C000046,S0015,P00113,1,5.46,5.46,False,mobile
T00002541,2023-08-27 06:30:21,C000173,S0002,P00083,3,17.34,52.02,False,cash
T00002542,2023-04-27 21:00:14,C000448,S0006,P00061,1,7.33,7.33,False,cash
T00002543,2023-03-20 22:28:37,C000214,S0003,P00015,1,10.65,10.65,False,mobile
T00002544,2023-03-12 07:52:04,C000143,S0018,P00130,1,17.51,17.51,False,mobile
T00002545,2023-12-24 09:40:58,C000311,S0019,P00087,3,33.53,100.59,False,mobile
T00002546,2023-02-07 14:17:04,C000208,S0011,P00126,1,7.17,7.17,False,cash
T00002547,2023-10-18 15:55:18,C000382,S0010,P00003,1,5.61,5.61,False,card
T00002548,2023-11-12 06:38:22,C000094,S0005,P00128,10,4.96,49.6,False,card
T00002549,2023-01-12 07:16:41,C000299,S0014,P00069,1,6.36,6.36,False,cash
T00002550,2023-08-03 12:23:50,C000302,S0017,P00088,1,3.67,3.67,True,card
T00002551,2023-07-30 04:12:29,C000168,S0014,P00089,1,3.24,3.24,False,cash
T00002552,2023-05-11 13:21:56,C000313,S0009,P00011,2,5.91,11.82,False,mobile
T00002553,2023-08-31 16:24:58,C000017,S0003,P00180,1,7.72,7.72,True,cash
T00002554,2023-05-29 18:08:08,C000371,S0002,P00117,2,12.57,25.14,False,mobile
T00002555,2023-06-10 01:08:45,C000380,S0008,P00074,2,3.22,6.44,False,cash
T00002556,2023-06-07 01:45:00,C000173,S0016,P00121,3,5.64,16.92,False,card
T00002557,2023-10-19 10:41:28,C000196,S0009,P00138,5,1.33,6.65,False,cash
T00002558,2023-08-19 11:11:29,C000492,S0004,P00100,10,11.42,114.2,False,insurance
T00002559,2023-05-18 23:21:16,C000376,S0015,P00121,1,5.76,5.76,False,mobile
T00002560,2023-12-04 08:15:27,C000331,S0014,P00086,1,1.84,1.84,False,cash
T00002561,2023-10-19 22:47:11,C000403,S0020,P00082,1,6.99,6.99,False,insurance
T00002562,2023-12-06 12:45:46,C000450,S0015,P00080,5,17.57,87.85,False,insurance
T00002563,2023-09-23 21:39:21,C000386,S0017,P00057,1,15.14,15.14,False,cash
T00002564,2023-05-23 12:04:26,C000069,S0013,P00159,3,6.27,18.81,False,cash
T00002565,2023-10-09 08:25:08,C000320,S0002,P00172,2,7.66,15.32,False,insurance
T00002566,2023-04-30 20:26:12,C000347,S0017,P00164,1,11.11,11.11,True,mobile
T00002567,2023-04-09 14:50:01,C000117,S0002,P00157,1,38.27,38.27,False,insurance
T00002568,2023-06-14 04:20:32,C000311,S0003,P00136,5,2.93,14.65,True,mobile
T00002569,2023-12-19 19:50:17,C000157,S0005,P00134,1,3.83,3.83,False,mobile
T00002570,2023-07-26 17:28:24,C000032,S0013,P00145,1,18.65,18.65,True,mobile
T00002571,2023-05-20 15:56:33,C000496,S0004,P00150,3,18.57,55.71,False,card
T00002572,2023-06-18 02:26:29,C000362,S0010,P00149,1,7.6,7.6,False,insurance
T00002573,2023-04-17 00:03:55,C000183,S0009,P00169,5,55.99,279.95,False,mobile
T00002574,2023-08-28 18:52:11,C000212,S0003,P00196,5,7.64,38.2,False,cash
T00002575,2023-05-08 13:18:38,C000124,S0015,P00050,1,17.34,17.34,False,mobile
T00002576,2023-07-21 19:13:48,C000230,S0012,P00149,3,6.96,20.88,False,insurance
T00002577,2023-05-15 14:43:53,C000155,S0007,P00007,3,11.58,34.74,False,card
T00002578,2023-04-27 17:46:15,C000473,S0013,P00185,2,12.14,24.28,True,card
T00002579,2023-12-20 03:58:46,C000325,S0007,P00114,4,16.54,66.16,False,cash
T00002580,2023-05-06 20:18:15,C000233,S0017,P00071,1,5.55,5.55,False,mobile
T00002581,2023-01-26 16:03:57,C000061,S0007,P00078,3,5.97,17.91,False,insurance
T00002582,2023-05-18 19:23:12,C000358,S0002,P00070,1,2.63,2.63,False,cash
T00002583,2023-07-13 16:48:36,C000176,S0002,P00001,5,6.01,30.05,True,mobile
T00002584,2023-02-04 10:46:22,C000047,S0014,P00082,2,6.39,12.78,False,cash
T00002585,2023-04-22 06:27:32,C000108,S0008,P00198,1,3.04,3.04,False,card
T00002586,2023-03-02 10:43:23,C000496,S0016,P00133,2,8.75,17.5,False,insurance
T00002587,2023-07-02 05:39:48,C000365,S0020,P00142,2,10.61,21.22,False,card
T00002588,2023-09-21 05:07:20,C000417,S0008,P00152,1,2.28,2.28,False,card
T00002589,2023-12-19 12:38:37,C000176,S0013,P00194,1,3.12,3.12,False,cash
T00002590,2023-05-22 15:08:56,C000184,S0007,P00121,3,5.57,16.71,False,insurance
T00002591,2023-11-11 05:25:39,C000040,S0020,P00189,1,7.68,7.68,False,insurance
T00002592,2023-03-20 02:12:45,C000205,S0016,P00011,2,5.6,11.2,False,cash
T00002593,2023-10-12 02:25:19,C000231,S0015,P00069,4,5.3,21.2,False,card
T00002594,2023-07-24 19:30:22,C000038,S0009,P00122,2,8.61,17.22,True,mobile
T00002595,2023-10-03 23:24:07,C000385,S0015,P00149,5,7.63,38.15,False,cash
T00002596,2023-10-03 00:23:37,C000448,S0012,P00124,4,6.64,26.56,False,card
T00002597,2023-07-13 19:19:43,C000413,S0014,P00075,2,7.91,15.82,False,cash
T00002598,2023-04-04 16:50:30,C000446,S0019,P00155,5,2.79,13.95,False,cash
T00002599,2023-07-11 12:44:42,C000108,S0004,P00055,1,1.58,1.58,True,cash
T00002600,2023-10-28 22:50:11,C000312,S0020,P00137,1,7.96,7.96,False,insurance
T00002601,2023-12-20 07:40:39,C000100,S0008,P00137,2,7.77,15.54,False,insurance
T00002602,2023-12-04 14:40:57,C000274,S0006,P00024,1,5.15,5.15,False,card
T00002603,2023-03-08 01:17:46,C000060,S0019,P00041,1,20.18,20.18,False,card
T00002604,2023-08-06 10:50:19,C000085,S0007,P00127,1,32.45,32.45,False,card
T00002605,2023-02-08 01:44:30,C000108,S0011,P00033,1,6.19,6.19,False,cash
T00002606,2023-09-01 11:55:36,C000138,S0012,P00027,1,6.66,6.66,False,insurance
T00002607,2023-12-28 05:02:42,C000247,S0020,P00088,4,4.31,17.24,False,mobile
T00002608,2023-01-20 03:18:13,C000095,S0010,P00106,1,6.49,6.49,False,insurance
T00002609,2023-08-27 23:49:07,C000408,S0018,P00156,1,2.45,2.45,False,cash
T00002610,2023-12-11 04:03:43,C000292,S0014,P00144,1,14.66,14.66,True,card
T00002611,2023-11-05 09:00:11,C000065,S0002,P00169,1,52.78,52.78,True,cash
T00002612,2023-05-23 20:44:48,C000462,S0013,P00116,2,6.1,12.2,True,cash
T00002613,2023-02-07 19:51:42,C000459,S0015,P00079,1,14.99,14.99,False,mobile
T00002614,2023-12-03 07:11:38,C000432,S0016,P00083,2,21.48,42.96,False,insurance
T00002615,2023-12-02 08:40:26,C000210,S0007,P00153,1,3.49,3.49,False,card
T00002616,2023-07-30 17:56:52,C000415,S0008,P00196,3,5.59,16.77,True,insurance
T00002617,2023-12-23 07:37:28,C000180,S0013,P00124,5,6.92,34.6,False,card
T00002618,2023-01-02 16:20:59,C000331,S0011,P00106,1,6.68,6.68,False,cash
T00002619,2023-08-13 10:42:38,C000413,S0003,P00034,5,7.94,39.7,False,insurance
T00002620,2023-01-15 00:42:10,C000422,S0016,P00022,1,6.69,6.69,False,cash
T00002621,2023-12-07 14:13:31,C000063,S0019,P00090,2,6.81,13.62,False,mobile
T00002622,2023-09-05 16:08:19,C000314,S0020,P00104,1,19.54,19.54,False,cash
T00002623,2023-11-29 11:42:47,C000449,S0006,P00175,2,9.44,18.88,False,card
T00002624,2023-07-24 19:28:04,C000039,S0003,P00138,2,0.87,1.74,True,mobile
T00002625,2023-01-31 07:23:11,C000469,S0008,P00002,3,3.58,10.74,False,card
T00002626,2023-01-10 15:47:14,C000470,S0016,P00186,2,14.8,29.6,False,card
T00002627,2023-05-03 03:34:11,C000347,S0015,P00173,1,20.01,20.01,False,card
T00002628,2023-09-28 14:51:59,C000328,S0002,P00009,1,14.71,14.71,True,insurance
T00002629,2023-02-24 23:25:06,C000223,S0013,P00190,1,6.71,6.71,False,card
T00002630,2023-11-07 04:20:30,C000414,S0007,P00091,1,2.69,2.69,False,cash
T00002631,2023-03-29 04:07:39,C000337,S0015,P00122,2,10.0,20.0,True,mobile
T00002632,2023-06-30 16:42:11,C000060,S0015,P00039,3,4.13,12.39,False,mobile
T00002633,2023-03-15 22:06:57,C000035,S0011,P00175,3,9.07,27.21,False,insurance
T00002634,2023-06-19 12:51:25,C000246,S0002,P00008,1,24.36,24.36,True,card
T00002635,2023-06-14 14:11:34,C000413,S0012,P00073,2,38.82,77.64,False,cash
T00002636,2023-01-02 23:48:47,C000001,S0008,P00141,1,3.16,3.16,False,cash
T00002637,2023-07-26 16:24:05,C000363,S0018,P00119,3,5.17,15.51,True,insurance
T00002638,2023-10-14 08:10:19,C000333,S0019,P00125,2,4.61,9.22,False,mobile
T00002639,2023-12-07 19:18:28,C000326,S0005,P00129,1,23.57,23.57,False,mobile
T00002640,2023-05-01 09:08:08,C000044,S0015,P00046,1,4.32,4.32,False,cash
T00002641,2023-11-17 12:48:05,C000310,S0005,P00017,1,35.94,35.94,False,cash
T00002642,2023-11-16 20:52:45,C000420,S0016,P00200,4,7.37,29.48,False,insurance
T00002643,2023-12-26 18:30:42,C000220,S0019,P00190,4,7.03,28.12,False,insurance
T00002644,2023-05-16 19:03:26,C000161,S0019,P00005,2,13.47,26.94,False,cash
T00002645,2023-11-06 17:23:18,C000053,S0014,P00146,1,8.44,8.44,False,insurance
T00002646,2023-07-25 16:31:14,C000086,S0001,P00175,1,7.74,7.74,True,card
T00002647,2023-01-22 05:03:10,C000120,S0019,P00148,10,7.91,79.1,False,insurance
T00002648,2023-04-09 09:42:21,C000281,S0012,P00194,2,3.33,6.66,False,mobile
T00002649,2023-09-02 15:02:28,C000133,S0001,P00100,4,9.04,36.16,True,mobile
T00002650,2023-02-28 10:53:58,C000044,S0015,P00122,4,13.54,54.16,False,card
T00002651,2023-06-08 05:49:06,C000232,S0005,P00162,1,3.11,3.11,False,cash
T00002652,2023-10-10 01:35:44,C000059,S0002,P00074,1,3.37,3.37,False,cash
T00002653,2023-02-24 12:17:57,C000315,S0008,P00111,1,5.81,5.81,False,cash
T00002654,2023-06-30 18:12:52,C000378,S0019,P00082,1,6.86,6.86,False,insurance
T00002655,2023-03-20 05:00:19,C000311,S0015,P00018,1,4.53,4.53,False,mobile
T00002656,2023-07-15 06:45:31,C000150,S0008,P00051,1,5.59,5.59,False,mobile
T00002657,2023-03-29 14:51:19,C000314,S0001,P00011,3,5.96,17.88,False,card
T00002658,2023-12-18 09:52:26,C000246,S0019,P00033,4,6.45,25.8,False,card
T00002659,2023-01-28 22:03:40,C000009,S0010,P00163,3,26.57,79.71,True,card
T00002660,2023-12-17 17:50:03,C000016,S0008,P00001,4,9.51,38.04,False,insurance
T00002661,2023-10-16 05:49:11,C000078,S0017,P00082,1,6.9,6.9,False,insurance
T00002662,2023-11-08 10:53:23,C000171,S0001,P00195,1,6.36,6.36,False,card
T00002663,2023-11-06 22:47:00,C000459,S0014,P00053,2,3.24,6.48,False,insurance
T00002664,2023-03-10 06:57:17,C000128,S0010,P00010,1,5.24,5.24,False,card
T00002665,2023-12-05 22:01:03,C000450,S0014,P00091,1,3.1,3.1,False,cash
T00002666,2023-08-05 07:33:59,C000310,S0019,P00081,2,8.44,16.88,False,cash
T00002667,2023-12-17 05:24:23,C000183,S0010,P00183,1,6.65,6.65,True,cash
T00002668,2023-11-16 15:29:46,C000357,S0015,P00047,1,4.33,4.33,False,insurance
T00002669,2023-07-30 23:28:26,C000486,S0002,P00059,1,4.31,4.31,False,cash
T00002670,2023-05-17 07:19:01,C000143,S0015,P00075,1,7.47,7.47,False,card
T00002671,2023-02-12 16:37:14,C000096,S0016,P00151,1,36.75,36.75,True,insurance
T00002672,2023-02-06 19:15:48,C000265,S0001,P00126,1,7.24,7.24,False,card
T00002673,2023-05-22 20:30:11,C000205,S0017,P00121,4,5.72,22.88,False,card
T00002674,2023-10-23 04:34:19,C000168,S0017,P00007,5,10.92,54.6,False,cash
T00002675,2023-07-03 22:41:00,C000034,S0015,P00115,4,2.3,9.2,True,card
T00002676,2023-06-25 08:41:11,C000345,S0002,P00014,1,3.6,3.6,False,cash
T00002677,2023-03-30 23:32:52,C000430,S0017,P00194,1,2.9,2.9,False,insurance
T00002678,2023-07-25 10:32:04,C000408,S0009,P00139,1,3.62,3.62,False,insurance
T00002679,2023-08-21 06:13:35,C000436,S0005,P00129,1,26.3,26.3,False,mobile
T00002680,2023-12-24 12:00:46,C000366,S0001,P00191,1,6.76,6.76,False,cash
T00002681,2023-09-23 12:11:11,C000192,S0020,P00043,1,14.2,14.2,False,cash
T00002682,2023-08-10 00:35:57,C000410,S0005,P00163,5,31.22,156.1,False,mobile
T00002683,2023-11-28 06:25:52,C000033,S0003,P00027,10,5.98,59.8,False,mobile
T00002684,2023-06-04 16:37:12,C000461,S0016,P00196,1,6.95,6.95,False,mobile
T00002685,2023-12-07 07:42:50,C000496,S0003,P00128,1,5.27,5.27,False,card
T00002686,2023-05-15 16:11:00,C000193,S0010,P00104,1,20.5,20.5,False,cash
T00002687,2023-02-16 12:16:44,C000347,S0006,P00188,1,2.18,2.18,False,mobile
T00002688,2023-06-02 00:19:20,C000467,S0006,P00111,1,6.46,6.46,False,cash
T00002689,2023-02-16 20:54:11,C000035,S0007,P00021,1,7.65,7.65,False,mobile
T00002690,2023-02-13 02:20:03,C000472,S0010,P00039,1,4.64,4.64,False,cash
T00002691,2023-11-17 18:14:18,C000343,S0012,P00170,3,25.23,75.69,False,insurance
T00002692,2023-10-17 06:56:27,C000034,S0012,P00193,3,38.28,114.84,False,mobile
T00002693,2023-03-22 12:30:21,C000436,S0019,P00118,3,6.63,19.89,False,cash
T00002694,2023-11-01 22:17:40,C000183,S0005,P00124,1,6.32,6.32,False,card
T00002695,2023-01-26 01:55:45,C000259,S0018,P00177,1,9.22,9.22,True,card
T00002696,2023-04-14 12:29:36,C000451,S0005,P00192,1,15.13,15.13,False,insurance
T00002697,2023-09-15 00:30:19,C000352,S0017,P00159,1,5.9,5.9,False,card
T00002698,2023-04-21 13:58:02,C000283,S0011,P00048,1,16.1,16.1,False,card
T00002699,2023-09-23 21:40:46,C000055,S0009,P00105,2,4.04,8.08,False,mobile
T00002700,2023-11-15 06:11:03,C000365,S0009,P00166,1,4.83,4.83,False,insurance
T00002701,2023-01-25 01:06:53,C000121,S0019,P00053,4,3.34,13.36,False,cash
T00002702,2023-01-09 17:24:18,C000264,S0020,P00076,1,3.59,3.59,False,insurance
T00002703,2023-12-09 03:51:28,C000074,S0007,P00060,3,9.1,27.3,False,cash
T00002704,2023-07-09 10:42:58,C000069,S0017,P00162,1,3.09,3.09,False,mobile
T00002705,2023-07-04 08:33:36,C000034,S0015,P00152,4,2.57,10.28,False,mobile
T00002706,2023-06-18 18:40:16,C000134,S0005,P00019,1,3.1,3.1,False,cash
T00002707,2023-06-07 20:02:24,C000484,S0020,P00192,1,14.45,14.45,False,insurance
T00002708,2023-09-09 04:56:51,C000143,S0010,P00052,2,2.71,5.42,True,card
T00002709,2023-07-31 00:39:25,C000469,S0018,P00118,3,6.66,19.98,False,cash
T00002710,2023-03-01 11:23:23,C000408,S0014,P00185,1,13.82,13.82,True,cash
T00002711,2023-08-17 02:18:54,C000434,S0006,P00196,1,7.79,7.79,False,insurance
T00002712,2023-09-01 06:32:15,C000161,S0006,P00072,1,11.01,11.01,False,card
T00002713,2023-02-11 08:25:04,C000082,S0003,P00100,2,11.35,22.7,False,cash
T00002714,2023-05-18 03:08:54,C000358,S0008,P00081,1,8.93,8.93,False,card
T00002715,2023-10-15 17:52:26,C000087,S0020,P00006,2,5.73,11.46,False,insurance
T00002716,2023-08-14 05:05:32,C000429,S0017,P00032,1,14.55,14.55,False,cash
T00002717,2023-02-19 15:19:36,C000452,S0020,P00185,1,16.95,16.95,False,cash
T00002718,2023-01-15 14:16:12,C000197,S0015,P00119,1,5.47,5.47,True,mobile
T00002719,2023-07-31 13:27:37,C000064,S0010,P00112,3,6.82,20.46,False,mobile
T00002720,2023-06-18 01:38:56,C000324,S0003,P00160,1,4.59,4.59,False,mobile
T00002721,2023-12-16 19:44:46,C000122,S0012,P00021,1,7.57,7.57,False,insurance
T00002722,2023-07-10 02:23:02,C000427,S0012,P00018,1,4.33,4.33,False,card
T00002723,2023-12-06 01:29:09,C000410,S0010,P00189,1,8.56,8.56,False,mobile
T00002724,2023-03-20 00:21:19,C000211,S0009,P00151,1,59.95,59.95,False,mobile
T00002725,2023-06-12 19:56:28,C000066,S0019,P00069,2,6.13,12.26,False,mobile
T00002726,2023-02-20 19:45:08,C000259,S0016,P00051,3,5.74,17.22,False,cash
T00002727,2023-07-29 00:27:57,C000371,S0005,P00168,1,13.7,13.7,True,insurance
T00002728,2023-03-10 14:30:41,C000029,S0020,P00077,1,6.86,6.86,False,card
T00002729,2023-06-29 04:24:37,C000430,S0018,P00133,2,8.91,17.82,False,mobile
T00002730,2023-05-06 06:24:59,C000379,S0015,P00145,4,19.15,76.6,False,card
T00002731,2023-03-09 14:32:05,C000005,S0020,P00091,1,2.79,2.79,False,card
T00002732,2023-02-05 05:44:00,C000467,S0019,P00065,1,1.73,1.73,False,cash
T00002733,2023-07-06 09:17:10,C000290,S0014,P00197,1,6.67,6.67,True,card
T00002734,2023-12-11 19:47:09,C000378,S0003,P00107,1,0.67,0.67,False,mobile
T00002735,2023-03-14 08:15:53,C000429,S0017,P00081,1,8.64,8.64,False,cash
T00002736,2023-05-28 10:01:41,C000489,S0003,P00056,3,11.12,33.36,False,mobile
T00002737,2023-03-23 18:09:49,C000184,S0010,P00027,1,5.29,5.29,True,card
T00002738,2023-10-22 11:09:31,C000051,S0001,P00147,3,7.19,21.57,False,cash
T00002739,2023-06-01 00:35:18,C000097,S0018,P00082,2,7.22,14.44,False,insurance
T00002740,2023-12-21 16:30:29,C000042,S0018,P00088,1,4.81,4.81,False,card
T00002741,2023-03-31 05:47:00,C000396,S0020,P00040,1,26.03,26.03,False,mobile
T00002742,2023-01-30 09:18:12,C000098,S0006,P00128,1,4.76,4.76,False,mobile
T00002743,2023-08-01 00:53:47,C000452,S0002,P00113,1,4.93,4.93,False,mobile
T00002744,2023-08-26 04:59:04,C000122,S0011,P00175,1,9.74,9.74,False,mobile
T00002745,2023-12-27 15:06:58,C000179,S0017,P00128,1,5.3,5.3,False,card
T00002746,2023-11-14 04:37:48,C000099,S0005,P00103,10,9.46,94.6,False,insurance
T00002747,2023-11-18 20:06:31,C000125,S0005,P00032,4,13.56,54.24,False,cash
T00002748,2023-08-19 20:40:19,C000485,S0010,P00069,1,5.47,5.47,False,cash
T00002749,2023-05-11 23:20:33,C000137,S0015,P00066,1,4.35,4.35,True,mobile
T00002750,2023-06-06 03:58:20,C000380,S0006,P00087,1,23.27,23.27,True,insurance
T00002751,2023-02-18 16:23:42,C000224,S0015,P00020,3,3.93,11.79,False,mobile
T00002752,2023-06-06 21:52:59,C000305,S0012,P00177,1,8.8,8.8,True,card
T00002753,2023-05-13 15:44:07,C000309,S0014,P00163,2,32.08,64.16,False,mobile
T00002754,2023-01-14 01:36:45,C000191,S0013,P00116,1,7.11,7.11,False,cash
T00002755,2023-03-16 10:13:49,C000066,S0016,P00098,1,6.63,6.63,False,insurance
T00002756,2023-07-14 14:16:20,C000425,S0014,P00020,10,3.63,36.3,False,cash
T00002757,2023-05-15 10:34:49,C000224,S0007,P00179,1,2.17,2.17,False,insurance
T00002758,2023-12-28 15:35:30,C000006,S0019,P00026,5,15.04,75.2,False,mobile
T00002759,2023-06-24 04:25:05,C000370,S0010,P00090,1,6.92,6.92,False,cash
T00002760,2023-12-15 23:16:09,C000486,S0001,P00113,2,4.89,9.78,False,mobile
T00002761,2023-08-29 11:58:23,C000077,S0003,P00071,1,5.52,5.52,False,insurance
T00002762,2023-01-15 16:55:39,C000013,S0020,P00112,2,7.43,14.86,False,mobile
T00002763,2023-03-16 01:17:48,C000296,S0001,P00036,3,22.73,68.19,True,mobile
T00002764,2023-09-14 21:50:34,C000158,S0018,P00059,1,4.76,4.76,False,insurance
T00002765,2023-07-18 10:08:49,C000402,S0007,P00026,3,14.54,43.62,False,cash
T00002766,2023-04-20 20:13:04,C000394,S0019,P00141,2,3.1,6.2,False,insurance
T00002767,2023-07-10 00:55:54,C000308,S0007,P00030,1,15.23,15.23,False,insurance
T00002768,2023-11-25 16:30:48,C000231,S0004,P00015,2,10.65,21.3,False,mobile
T00002769,2023-05-22 11:45:13,C000444,S0012,P00174,1,5.59,5.59,False,insurance
T00002770,2023-01-17 10:07:20,C000450,S0009,P00148,4,7.31,29.24,False,insurance
T00002771,2023-04-24 04:32:23,C000450,S0019,P00018,3,3.37,10.11,True,card
T00002772,2023-12-07 15:47:47,C000157,S0004,P00154,1,22.52,22.52,False,insurance
T00002773,2023-10-05 06:53:14,C000105,S0006,P00092,3,12.19,36.57,False,mobile
T00002774,2023-11-01 20:11:17,C000279,S0007,P00160,10,4.31,43.1,True,cash
T00002775,2023-11-28 19:47:46,C000301,S0015,P00162,2,2.42,4.84,True,insurance
T00002776,2023-02-12 18:31:05,C000265,S0009,P00190,5,7.51,37.55,False,insurance
T00002777,2023-04-13 21:25:42,C000198,S0019,P00150,1,19.94,19.94,False,card
T00002778,2023-01-22 18:37:31,C000487,S0009,P00121,2,5.93,11.86,False,insurance
T00002779,2023-01-02 17:22:14,C000221,S0004,P00053,1,3.35,3.35,False,insurance
T00002780,2023-10-31 20:00:22,C000273,S0020,P00062,1,10.82,10.82,True,mobile
T00002781,2023-12-08 01:10:13,C000121,S0011,P00003,2,5.19,10.38,False,insurance
T00002782,2023-02-26 16:41:56,C000117,S0007,P00017,1,35.56,35.56,False,cash
T00002783,2023-09-20 20:52:07,C000296,S0012,P00080,1,16.43,16.43,False,mobile
T00002784,2023-07-14 16:52:13,C000417,S0015,P00102,4,1.68,6.72,False,insurance
T00002785,2023-11-30 07:56:50,C000176,S0011,P00157,1,32.21,32.21,True,insurance
T00002786,2023-11-14 03:08:28,C000182,S0010,P00121,1,5.63,5.63,False,card
T00002787,2023-07-26 13:13:36,C000119,S0015,P00164,4,11.54,46.16,True,insurance
T00002788,2023-09-15 16:06:49,C000256,S0011,P00098,1,5.81,5.81,False,cash
T00002789,2023-05-25 14:13:48,C000253,S0017,P00178,1,4.34,4.34,False,mobile
T00002790,2023-10-16 14:14:30,C000150,S0007,P00130,1,16.84,16.84,False,insurance
T00002791,2023-06-11 23:39:37,C000227,S0018,P00197,1,8.4,8.4,False,insurance
T00002792,2023-12-27 01:26:17,C000261,S0017,P00005,3,16.03,48.09,False,cash
T00002793,2023-01-23 23:23:29,C000261,S0004,P00032,2,12.9,25.8,False,cash
T00002794,2023-03-04 15:53:54,C000101,S0012,P00082,1,6.3,6.3,False,card
T00002795,2023-12-19 15:01:13,C000429,S0007,P00067,1,8.38,8.38,False,card
T00002796,2023-04-16 02:47:48,C000091,S0003,P00177,2,11.39,22.78,False,card
T00002797,2023-04-24 01:52:30,C000122,S0020,P00112,1,6.86,6.86,False,cash
T00002798,2023-10-16 00:35:00,C000019,S0009,P00189,1,8.55,8.55,False,insurance
T00002799,2023-03-10 22:16:46,C000121,S0008,P00002,2,3.73,7.46,False,mobile
T00002800,2023-07-06 22:16:20,C000456,S0016,P00016,2,5.06,10.12,True,cash
T00002801,2023-04-15 02:54:33,C000088,S0010,P00195,1,7.35,7.35,False,card
T00002802,2023-03-14 01:10:12,C000313,S0014,P00107,5,0.66,3.3,False,card
T00002803,2023-12-18 00:45:52,C000358,S0018,P00063,1,11.69,11.69,False,mobile
T00002804,2023-03-14 18:18:03,C000298,S0010,P00024,1,5.16,5.16,False,mobile
T00002805,2023-02-04 07:40:58,C000277,S0014,P00114,1,18.02,18.02,False,mobile
T00002806,2023-09-03 07:31:11,C000467,S0018,P00135,3,9.14,27.42,True,card
T00002807,2023-11-12 16:45:34,C000139,S0014,P00191,5,4.92,24.6,True,mobile
T00002808,2023-02-16 09:48:11,C000243,S0001,P00194,1,3.37,3.37,False,insurance
T00002809,2023-09-15 15:43:28,C000110,S0012,P00049,2,2.85,5.7,False,card
T00002810,2023-07-16 20:20:58,C000037,S0008,P00176,1,13.4,13.4,True,card
T00002811,2023-02-16 05:04:30,C000089,S0003,P00156,3,2.31,6.93,False,cash
T00002812,2023-12-22 05:26:28,C000339,S0001,P00153,1,3.51,3.51,False,cash
T00002813,2023-08-14 08:33:04,C000186,S0005,P00119,1,5.35,5.35,True,cash
T00002814,2023-11-03 13:03:47,C000319,S0001,P00081,1,8.57,8.57,False,mobile
T00002815,2023-05-12 18:06:06,C000057,S0011,P00163,1,29.43,29.43,False,card
T00002816,2023-12-10 09:23:18,C000299,S0003,P00192,3,14.31,42.93,False,mobile
T00002817,2023-08-16 23:54:19,C000218,S0002,P00137,1,7.82,7.82,False,mobile
T00002818,2023-02-16 04:54:23,C000457,S0008,P00145,1,12.5,12.5,True,card
T00002819,2023-12-02 22:28:04,C000252,S0013,P00095,1,2.58,2.58,True,card
T00002820,2023-10-17 16:00:32,C000193,S0005,P00146,5,8.49,42.45,False,card
T00002821,2023-04-20 06:33:31,C000297,S0014,P00175,3,6.27,18.81,True,insurance
T00002822,2023-07-18 15:01:22,C000052,S0004,P00131,1,7.72,7.72,False,cash
T00002823,2023-05-22 06:05:38,C000001,S0017,P00077,1,6.16,6.16,True,insurance
T00002824,2023-07-17 19:58:39,C000269,S0017,P00124,1,4.34,4.34,True,cash
T00002825,2023-12-18 09:30:35,C000466,S0003,P00151,2,52.4,104.8,False,cash
T00002826,2023-11-24 04:58:44,C000121,S0015,P00105,2,4.53,9.06,False,mobile
T00002827,2023-03-20 10:57:29,C000325,S0005,P00085,3,17.57,52.71,True,cash
T00002828,2023-12-20 17:40:42,C000331,S0005,P00178,3,4.77,14.31,False,cash
T00002829,2023-06-09 09:53:28,C000358,S0008,P00034,2,8.4,16.8,False,card
T00002830,2023-09-14 13:28:04,C000231,S0008,P00198,2,2.88,5.76,False,card
T00002831,2023-10-06 04:15:11,C000393,S0015,P00064,2,8.26,16.52,False,mobile
T00002832,2023-06-25 18:56:59,C000138,S0001,P00015,1,8.31,8.31,True,mobile
T00002833,2023-06-16 05:21:27,C000281,S0013,P00099,2,24.5,49.0,False,mobile
T00002834,2023-06-16 03:08:39,C000422,S0002,P00126,1,6.38,6.38,False,card
T00002835,2023-11-10 23:13:50,C000487,S0006,P00151,1,50.95,50.95,False,cash
T00002836,2023-05-21 15:04:44,C000297,S0019,P00157,1,26.68,26.68,True,card
T00002837,2023-04-12 21:24:32,C000219,S0005,P00093,1,4.95,4.95,False,mobile
T00002838,2023-05-12 14:55:45,C000252,S0020,P00115,1,3.01,3.01,False,cash
T00002839,2023-03-12 22:29:44,C000410,S0002,P00128,5,5.29,26.45,False,cash
T00002840,2023-05-23 12:12:13,C000300,S0011,P00028,1,11.19,11.19,False,insurance
T00002841,2023-02-11 12:35:21,C000440,S0014,P00112,1,6.32,6.32,False,card
T00002842,2023-02-02 16:05:03,C000007,S0001,P00001,1,9.24,9.24,False,cash
T00002843,2023-09-21 11:33:20,C000434,S0018,P00057,1,14.58,14.58,False,mobile
T00002844,2023-01-29 04:28:53,C000458,S0006,P00045,5,4.57,22.85,False,insurance
T00002845,2023-07-26 19:50:25,C000404,S0013,P00183,1,6.75,6.75,False,card
T00002846,2023-10-11 20:56:35,C000439,S0003,P00061,1,7.95,7.95,False,mobile
T00002847,2023-09-21 17:04:15,C000433,S0017,P00135,1,7.69,7.69,True,card
T00002848,2023-06-12 08:53:34,C000129,S0001,P00025,1,7.92,7.92,False,mobile
T00002849,2023-03-12 11:34:12,C000320,S0018,P00079,1,14.58,14.58,False,cash
T00002850,2023-12-05 18:27:35,C000114,S0004,P00035,1,4.45,4.45,True,cash
T00002851,2023-10-31 23:57:56,C000021,S0019,P00125,1,4.77,4.77,False,insurance
T00002852,2023-08-11 20:21:46,C000454,S0006,P00171,10,16.94,169.4,False,mobile
T00002853,2023-02-01 13:56:56,C000394,S0011,P00182,1,16.28,16.28,False,insurance
T00002854,2023-01-13 19:17:50,C000003,S0012,P00042,2,16.95,33.9,False,insurance
T00002855,2023-04-25 17:45:44,C000380,S0007,P00031,4,2.37,9.48,False,insurance
T00002856,2023-02-27 08:07:26,C000287,S0020,P00009,1,21.17,21.17,False,cash
T00002857,2023-11-10 04:04:41,C000060,S0006,P00126,2,6.36,12.72,False,insurance
T00002858,2023-03-16 22:02:30,C000129,S0003,P00069,1,5.57,5.57,False,mobile
T00002859,2023-04-13 21:14:17,C000240,S0015,P00101,5,9.06,45.3,False,insurance
T00002860,2023-12-22 04:01:48,C000227,S0002,P00197,1,9.13,9.13,False,insurance
T00002861,2023-10-25 20:19:09,C000402,S0007,P00043,1,14.15,14.15,False,cash
T00002862,2023-03-21 14:36:00,C000317,S0004,P00059,1,3.9,3.9,True,insurance
T00002863,2023-05-20 14:37:57,C000448,S0013,P00020,1,3.76,3.76,False,cash
T00002864,2023-07-07 17:38:30,C000012,S0017,P00142,1,8.91,8.91,False,card
T00002865,2023-08-30 19:03:55,C000467,S0011,P00157,2,29.61,59.22,True,mobile
T00002866,2023-12-07 18:26:30,C000370,S0005,P00079,1,14.19,14.19,False,insurance
T00002867,2023-11-14 02:09:18,C000433,S0005,P00104,4,15.61,62.44,True,insurance
T00002868,2023-12-22 16:45:21,C000082,S0012,P00082,2,6.35,12.7,False,mobile
T00002869,2023-01-15 19:04:41,C000278,S0007,P00164,1,13.9,13.9,False,insurance
T00002870,2023-03-28 00:50:41,C000426,S0007,P00052,1,3.3,3.3,False,insurance
T00002871,2023-07-24 22:22:43,C000415,S0007,P00135,10,12.64,126.4,False,mobile
T00002872,2023-01-18 21:05:30,C000219,S0005,P00187,1,1.16,1.16,True,cash
T00002873,2023-05-10 08:15:48,C000240,S0008,P00171,3,14.36,43.08,True,insurance
T00002874,2023-02-25 21:51:56,C000001,S0007,P00018,3,4.29,12.87,False,card
T00002875,2023-12-06 13:59:19,C000351,S0016,P00168,1,12.59,12.59,True,cash
T00002876,2023-01-24 01:14:15,C000262,S0001,P00110,1,7.46,7.46,False,cash
T00002877,2023-02-24 00:27:36,C000093,S0011,P00150,1,19.35,19.35,False,insurance
T00002878,2023-03-13 00:36:19,C000072,S0018,P00007,1,11.13,11.13,False,mobile
T00002879,2023-02-24 02:07:03,C000137,S0007,P00130,1,17.84,17.84,False,cash
T00002880,2023-07-26 23:01:30,C000429,S0003,P00196,1,7.16,7.16,False,insurance
T00002881,2023-05-13 14:56:26,C000478,S0012,P00104,1,19.89,19.89,False,card
T00002882,2023-11-29 03:09:10,C000352,S0008,P00066,1,6.61,6.61,False,insurance
T00002883,2023-04-05 22:30:23,C000182,S0007,P00187,1,1.28,1.28,False,mobile
T00002884,2023-07-15 13:08:39,C000441,S0009,P00088,2,4.76,9.52,False,cash
T00002885,2023-08-29 06:32:37,C000037,S0014,P00176,1,19.64,19.64,False,cash
T00002886,2023-08-16 20:38:41,C000376,S0007,P00137,3,7.13,21.39,False,cash
T00002887,2023-10-17 21:12:01,C000495,S0018,P00182,1,15.82,15.82,False,mobile
T00002888,2023-03-15 11:30:44,C000431,S0013,P00033,2,6.34,12.68,False,insurance
T00002889,2023-07-04 17:08:13,C000018,S0016,P00114,2,15.96,31.92,False,cash
T00002890,2023-10-19 09:53:55,C000290,S0009,P00038,1,24.13,24.13,False,mobile
T00002891,2023-11-11 03:18:38,C000439,S0003,P00176,10,17.94,179.4,False,card
T00002892,2023-08-13 21:00:14,C000291,S0007,P00035,1,5.39,5.39,False,card
T00002893,2023-08-26 06:55:22,C000493,S0005,P00136,1,4.99,4.99,False,insurance
T00002894,2023-11-11 13:05:58,C000436,S0004,P00031,4,2.31,9.24,False,cash
T00002895,2023-08-16 10:52:33,C000484,S0001,P00174,1,5.63,5.63,False,insurance
T00002896,2023-12-12 09:05:37,C000245,S0009,P00110,1,8.2,8.2,False,insurance
T00002897,2023-02-16 10:39:33,C000193,S0003,P00121,5,5.57,27.85,False,card
T00002898,2023-05-07 15:15:40,C000299,S0004,P00022,1,6.69,6.69,False,insurance
T00002899,2023-02-10 20:01:22,C000200,S0015,P00198,1,2.65,2.65,False,insurance
T00002900,2023-02-02 23:17:55,C000087,S0013,P00039,1,4.07,4.07,False,mobile
T00002901,2023-06-21 18:52:41,C000424,S0014,P00117,2,11.18,22.36,False,mobile
T00002902,2023-03-24 05:42:55,C000046,S0001,P00188,1,2.23,2.23,False,cash
T00002903,2023-05-29 04:55:32,C000467,S0011,P00033,1,7.09,7.09,False,card
T00002904,2023-06-09 08:59:02,C000396,S0008,P00031,1,2.28,2.28,False,mobile
T00002905,2023-08-15 00:23:18,C000190,S0009,P00112,2,7.36,14.72,False,cash
T00002906,2023-12-11 05:34:48,C000380,S0008,P00060,3,8.92,26.76,False,mobile
T00002907,2023-11-06 04:15:06,C000264,S0012,P00170,1,27.33,27.33,False,insurance
T00002908,2023-05-18 16:54:52,C000230,S0013,P00042,2,18.2,36.4,False,mobile
T00002909,2023-04-29 12:18:33,C000103,S0008,P00113,1,5.22,5.22,False,cash
T00002910,2023-10-08 13:28:30,C000435,S0017,P00051,1,6.36,6.36,False,card
T00002911,2023-02-15 00:13:34,C000109,S0012,P00110,5,6.92,34.6,False,mobile
T00002912,2023-07-16 17:36:16,C000389,S0011,P00040,1,27.03,27.03,False,cash
T00002913,2023-06-03 23:28:18,C000394,S0019,P00171,1,16.58,16.58,False,cash
T00002914,2023-03-08 13:01:02,C000212,S0019,P00041,2,19.86,39.72,False,cash
T00002915,2023-08-13 09:17:49,C000204,S0019,P00154,1,23.36,23.36,False,cash
T00002916,2023-04-27 17:56:00,C000379,S0003,P00076,1,3.51,3.51,False,insurance
T00002917,2023-03-09 13:23:26,C000181,S0020,P00182,2,15.76,31.52,False,insurance
T00002918,2023-08-26 18:17:04,C000355,S0002,P00137,4,6.81,27.24,False,insurance
T00002919,2023-03-05 09:47:42,C000125,S0015,P00027,1,7.3,7.3,False,mobile
T00002920,2023-09-02 22:02:50,C000335,S0002,P00028,4,11.32,45.28,False,insurance
T00002921,2023-03-01 00:03:08,C000481,S0014,P00087,3,34.15,102.45,False,cash
T00002922,2023-06-08 06:03:40,C000446,S0001,P00042,1,16.65,16.65,False,cash
T00002923,2023-10-22 02:37:35,C000180,S0003,P00091,1,2.78,2.78,False,card
T00002924,2023-03-25 05:26:52,C000120,S0003,P00185,1,17.83,17.83,False,mobile
T00002925,2023-10-07 09:59:49,C000325,S0009,P00145,1,19.3,19.3,False,mobile
T00002926,2023-09-20 18:34:40,C000216,S0017,P00191,2,6.08,12.16,False,insurance
T00002927,2023-11-25 13:36:44,C000138,S0016,P00056,3,11.16,33.48,False,cash
T00002928,2023-03-03 11:16:29,C000446,S0017,P00034,3,8.24,24.72,False,card
T00002929,2023-09-18 07:15:26,C000434,S0011,P00118,4,6.35,25.4,False,cash
T00002930,2023-12-07 22:44:48,C000397,S0020,P00120,2,3.91,7.82,False,insurance
T00002931,2023-10-05 17:43:53,C000092,S0008,P00040,1,24.59,24.59,False,cash
T00002932,2023-03-10 09:31:32,C000444,S0014,P00165,1,7.03,7.03,False,cash
T00002933,2023-10-27 06:24:03,C000425,S0009,P00029,1,10.58,10.58,False,mobile
T00002934,2023-02-09 01:28:50,C000347,S0009,P00092,2,9.47,18.94,True,insurance
T00002935,2023-08-03 08:08:37,C000170,S0013,P00055,1,2.36,2.36,False,cash
T00002936,2023-07-01 03:27:01,C000345,S0006,P00045,3,4.95,14.85,False,mobile
T00002937,2023-07-13 07:30:36,C000094,S0005,P00184,1,5.88,5.88,False,mobile
T00002938,2023-07-09 02:47:07,C000319,S0009,P00122,1,13.78,13.78,False,mobile
T00002939,2023-01-12 10:58:49,C000175,S0013,P00026,1,15.1,15.1,False,insurance
T00002940,2023-07-04 23:34:24,C000462,S0005,P00152,4,2.56,10.24,False,insurance
T00002941,2023-12-07 23:23:57,C000018,S0011,P00151,1,52.07,52.07,False,card
T00002942,2023-06-08 22:43:38,C000378,S0007,P00119,1,6.89,6.89,False,card
T00002943,2023-04-11 19:06:44,C000018,S0013,P00098,1,6.3,6.3,False,card
T00002944,2023-12-29 02:42:11,C000129,S0020,P00158,1,5.8,5.8,False,insurance
T00002945,2023-02-06 00:47:52,C000202,S0018,P00164,1,13.06,13.06,False,insurance
T00002946,2023-06-27 00:08:51,C000088,S0007,P00145,2,19.48,38.96,False,cash
T00002947,2023-07-06 14:03:17,C000063,S0020,P00018,1,4.52,4.52,False,mobile
T00002948,2023-06-23 23:20:29,C000444,S0016,P00168,1,17.39,17.39,False,card
T00002949,2023-12-02 12:11:53,C000294,S0008,P00021,2,6.98,13.96,False,mobile
T00002950,2023-06-03 12:32:54,C000072,S0009,P00016,5,6.84,34.2,False,insurance
T00002951,2023-12-21 06:45:48,C000039,S0013,P00128,5,5.34,26.7,False,cash
T00002952,2023-01-25 07:47:23,C000144,S0019,P00111,1,6.66,6.66,False,insurance
T00002953,2023-09-25 03:40:03,C000295,S0015,P00104,4,20.32,81.28,False,mobile
T00002954,2023-08-04 20:04:09,C000478,S0001,P00001,1,9.36,9.36,False,mobile
T00002955,2023-03-29 13:24:32,C000483,S0009,P00154,2,21.27,42.54,False,card
T00002956,2023-03-24 23:31:35,C000493,S0020,P00059,1,4.24,4.24,False,cash
T00002957,2023-09-19 23:07:37,C000393,S0004,P00172,1,4.98,4.98,True,card
T00002958,2023-08-21 02:09:08,C000236,S0006,P00139,1,3.37,3.37,False,mobile
T00002959,2023-08-11 11:10:50,C000242,S0017,P00177,1,12.72,12.72,False,insurance
T00002960,2023-01-19 12:04:52,C000224,S0007,P00087,4,29.08,116.32,False,cash
T00002961,2023-08-06 15:06:23,C000141,S0017,P00183,1,8.02,8.02,False,mobile
T00002962,2023-12-24 05:23:52,C000480,S0008,P00120,1,2.88,2.88,True,mobile
T00002963,2023-01-07 07:20:07,C000356,S0020,P00142,2,10.08,20.16,False,card
T00002964,2023-06-20 17:13:42,C000214,S0011,P00030,1,13.24,13.24,False,cash
T00002965,2023-06-29 22:52:57,C000190,S0005,P00038,1,23.39,23.39,False,insurance
T00002966,2023-11-23 10:03:18,C000133,S0004,P00070,1,2.6,2.6,False,cash
T00002967,2023-04-13 22:56:31,C000450,S0007,P00037,3,1.41,4.23,False,cash
T00002968,2023-06-23 02:30:09,C000191,S0016,P00159,1,6.05,6.05,False,mobile
T00002969,2023-09-19 01:23:22,C000314,S0006,P00117,1,11.56,11.56,False,insurance
T00002970,2023-01-22 23:03:00,C000104,S0008,P00053,5,3.22,16.1,False,cash
T00002971,2023-10-19 14:18:58,C000105,S0007,P00024,1,5.68,5.68,False,card
T00002972,2023-10-27 06:51:27,C000376,S0009,P00171,2,17.3,34.6,False,cash
T00002973,2023-09-19 22:50:10,C000339,S0007,P00155,1,3.22,3.22,False,mobile
T00002974,2023-08-24 22:31:59,C000175,S0009,P00175,1,9.67,9.67,False,cash
T00002975,2023-09-30 03:07:48,C000265,S0005,P00033,1,6.67,6.67,False,cash
T00002976,2023-10-12 13:25:47,C000341,S0009,P00108,2,2.55,5.1,False,mobile
T00002977,2023-11-25 20:03:32,C000479,S0008,P00057,1,14.79,14.79,False,insurance
T00002978,2023-06-05 20:29:31,C000366,S0004,P00025,1,7.06,7.06,False,card
T00002979,2023-06-16 00:06:29,C000208,S0012,P00159,2,5.64,11.28,False,card
T00002980,2023-08-21 05:00:56,C000395,S0020,P00097,1,6.02,6.02,True,card
T00002981,2023-03-12 06:49:41,C000296,S0012,P00142,1,10.56,10.56,False,insurance
T00002982,2023-11-08 16:01:00,C000223,S0007,P00127,1,33.32,33.32,False,cash
T00002983,2023-08-18 16:59:16,C000150,S0003,P00191,1,6.65,6.65,False,mobile
T00002984,2023-04-20 19:13:36,C000083,S0002,P00076,1,3.32,3.32,False,cash
T00002985,2023-05-07 13:16:37,C000188,S0008,P00102,10,1.78,17.8,False,insurance
T00002986,2023-06-08 07:56:16,C000064,S0014,P00199,2,10.28,20.56,False,card
T00002987,2023-08-30 03:51:31,C000043,S0018,P00054,2,4.2,8.4,False,card
T00002988,2023-10-11 04:54:45,C000333,S0019,P00162,1,3.07,3.07,False,mobile
T00002989,2023-09-02 13:19:06,C000413,S0005,P00056,1,11.23,11.23,False,cash
T00002990,2023-12-05 11:53:35,C000377,S0008,P00160,1,5.13,5.13,False,cash
T00002991,2023-12-16 15:41:16,C000013,S0011,P00188,2,2.39,4.78,False,cash
T00002992,2023-09-14 14:03:22,C000218,S0015,P00067,1,7.47,7.47,False,card
T00002993,2023-05-16 00:17:24,C000228,S0011,P00091,4,2.84,11.36,False,insurance
T00002994,2023-08-07 01:27:57,C000125,S0020,P00029,2,10.64,21.28,False,mobile
T00002995,2023-06-04 17:30:51,C000407,S0020,P00031,1,2.38,2.38,False,cash
T00002996,2023-08-17 23:47:19,C000444,S0009,P00101,5,8.61,43.05,False,card
T00002997,2023-10-23 14:42:23,C000160,S0018,P00087,1,28.56,28.56,False,insurance
T00002998,2023-05-15 10:29:17,C000008,S0008,P00024,3,4.85,14.55,True,mobile
T00002999,2023-07-04 02:20:22,C000322,S0004,P00022,1,6.35,6.35,False,card
T00003000,2023-01-17 14:40:49,C000210,S0020,P00107,2,0.62,1.24,False,card
T00003001,2023-09-26 02:42:09,C000117,S0014,P00140,1,11.59,11.59,False,mobile
T00003002,2023-06-28 07:21:17,C000070,S0006,P00052,1,3.0,3.0,False,insurance
T00003003,2023-06-17 08:01:19,C000078,S0004,P00125,4,4.25,17.0,False,mobile
T00003004,2023-07-13 19:18:54,C000377,S0013,P00014,1,3.57,3.57,False,insurance
T00003005,2023-03-20 10:33:56,C000461,S0009,P00065,2,1.63,3.26,False,insurance
T00003006,2023-08-06 15:50:38,C000037,S0006,P00050,10,16.69,166.9,False,mobile
T00003007,2023-09-29 06:06:03,C000399,S0002,P00134,2,4.02,8.04,False,cash
T00003008,2023-05-08 06:46:16,C000228,S0003,P00123,1,1.47,1.47,False,mobile
T00003009,2023-02-17 17:46:17,C000305,S0015,P00065,1,1.71,1.71,False,mobile
T00003010,2023-05-21 19:24:04,C000153,S0020,P00065,1,1.72,1.72,False,mobile
T00003011,2023-03-14 06:49:36,C000069,S0020,P00042,5,16.44,82.2,False,cash
T00003012,2023-05-17 02:43:59,C000160,S0005,P00177,1,12.34,12.34,False,card
T00003013,2023-08-17 03:56:35,C000168,S0016,P00179,1,1.98,1.98,False,card
T00003014,2023-02-11 06:36:55,C000112,S0017,P00107,1,0.53,0.53,True,mobile
T00003015,2023-09-30 00:08:57,C000278,S0011,P00185,3,16.28,48.84,False,cash
T00003016,2023-03-23 18:13:28,C000466,S0019,P00182,3,12.02,36.06,True,card
T00003017,2023-11-22 15:59:37,C000453,S0007,P00061,1,7.7,7.7,False,insurance
T00003018,2023-09-24 14:37:43,C000185,S0018,P00184,3,5.2,15.6,False,mobile
T00003019,2023-04-10 05:18:56,C000090,S0009,P00086,3,2.01,6.03,False,card
T00003020,2023-07-25 00:21:26,C000134,S0015,P00110,1,8.09,8.09,False,mobile
T00003021,2023-02-10 07:17:13,C000074,S0010,P00013,4,1.94,7.76,False,card
T00003022,2023-02-06 07:19:21,C000241,S0014,P00068,1,3.3,3.3,True,card
T00003023,2023-12-15 00:01:25,C000351,S0008,P00100,1,11.02,11.02,False,insurance
T00003024,2023-10-20 02:02:24,C000330,S0012,P00015,1,10.98,10.98,False,card
T00003025,2023-02-26 05:02:24,C000183,S0019,P00091,1,2.06,2.06,True,card
T00003026,2023-04-13 21:34:24,C000495,S0003,P00040,1,26.55,26.55,False,insurance
T00003027,2023-03-13 22:49:07,C000355,S0007,P00020,1,3.6,3.6,False,card
T00003028,2023-05-24 20:07:41,C000146,S0009,P00070,1,2.33,2.33,True,mobile
T00003029,2023-04-17 01:03:15,C000269,S0014,P00090,2,5.58,11.16,True,card
T00003030,2023-04-30 09:57:21,C000254,S0009,P00018,2,4.78,9.56,False,cash
T00003031,2023-07-12 16:45:46,C000490,S0002,P00165,1,6.19,6.19,True,insurance
T00003032,2023-03-10 19:34:19,C000359,S0003,P00165,1,6.98,6.98,False,insurance
T00003033,2023-11-18 08:21:51,C000213,S0018,P00076,1,2.54,2.54,True,card
T00003034,2023-09-22 20:45:48,C000371,S0019,P00055,4,2.18,8.72,False,mobile
T00003035,2023-10-04 20:07:48,C000350,S0006,P00071,2,5.25,10.5,False,insurance
T00003036,2023-03-03 16:33:11,C000208,S0020,P00029,4,10.2,40.8,False,insurance
T00003037,2023-09-15 18:27:52,C000424,S0012,P00167,1,8.18,8.18,False,card
T00003038,2023-11-01 09:26:09,C000486,S0005,P00153,3,3.33,9.99,False,mobile
T00003039,2023-03-05 18:22:38,C000017,S0011,P00003,1,5.5,5.5,False,card
T00003040,2023-10-01 11:09:55,C000168,S0008,P00019,1,3.18,3.18,False,insurance
T00003041,2023-05-11 04:42:56,C000196,S0003,P00096,4,5.83,23.32,False,cash
T00003042,2023-10-14 16:17:33,C000047,S0010,P00081,1,8.61,8.61,False,mobile
T00003043,2023-06-24 03:20:44,C000215,S0011,P00157,1,41.94,41.94,False,insurance
T00003044,2023-10-20 00:05:43,C000301,S0009,P00074,1,3.29,3.29,False,mobile
T00003045,2023-02-23 15:54:47,C000160,S0013,P00100,1,12.47,12.47,False,insurance
T00003046,2023-05-22 15:00:12,C000461,S0001,P00004,1,4.21,4.21,True,card
T00003047,2023-04-10 12:40:55,C000089,S0008,P00150,1,18.52,18.52,False,insurance
T00003048,2023-04-01 09:42:34,C000112,S0012,P00024,1,5.37,5.37,False,insurance
T00003049,2023-04-23 05:35:56,C000197,S0005,P00027,1,6.26,6.26,False,mobile
T00003050,2023-05-20 04:56:28,C000235,S0017,P00140,1,8.28,8.28,True,cash
T00003051,2023-02-16 07:53:05,C000186,S0007,P00049,5,2.89,14.45,False,card
T00003052,2023-09-15 09:04:25,C000455,S0012,P00081,5,8.66,43.3,False,mobile
T00003053,2023-07-20 06:53:38,C000007,S0010,P00112,1,7.42,7.42,False,cash
T00003054,2023-10-29 20:29:58,C000284,S0016,P00173,1,17.5,17.5,True,mobile
T00003055,2023-09-14 15:07:35,C000314,S0002,P00096,1,5.6,5.6,False,mobile
T00003056,2023-02-24 06:02:38,C000087,S0002,P00091,1,2.13,2.13,True,card
T00003057,2023-01-26 10:55:21,C000197,S0002,P00140,1,11.42,11.42,False,insurance
T00003058,2023-06-03 21:39:22,C000349,S0004,P00191,3,6.78,20.34,False,insurance
T00003059,2023-06-25 03:05:29,C000388,S0012,P00051,1,4.46,4.46,True,insurance
T00003060,2023-03-29 10:49:19,C000354,S0009,P00199,4,7.34,29.36,True,mobile
T00003061,2023-10-12 17:23:49,C000154,S0016,P00145,1,15.52,15.52,True,insurance
T00003062,2023-07-31 16:42:17,C000205,S0012,P00105,1,4.37,4.37,False,mobile
T00003063,2023-09-30 06:26:31,C000113,S0007,P00049,1,2.86,2.86,False,insurance
T00003064,2023-02-09 16:18:56,C000270,S0007,P00115,3,2.78,8.34,False,mobile
T00003065,2023-10-24 16:28:43,C000216,S0019,P00166,1,4.66,4.66,False,mobile
T00003066,2023-03-17 00:24:21,C000309,S0001,P00108,1,3.01,3.01,False,insurance
T00003067,2023-06-13 03:49:49,C000322,S0001,P00098,1,6.32,6.32,False,mobile
T00003068,2023-06-09 22:20:59,C000334,S0010,P00080,1,16.01,16.01,False,insurance
T00003069,2023-10-26 16:23:12,C000002,S0020,P00038,1,23.36,23.36,False,card
T00003070,2023-04-11 18:31:58,C000278,S0013,P00052,1,3.11,3.11,False,insurance
T00003071,2023-03-29 15:13:08,C000461,S0002,P00159,4,4.34,17.36,True,cash
T00003072,2023-05-04 14:59:29,C000449,S0014,P00004,2,4.54,9.08,False,cash
T00003073,2023-05-12 08:02:28,C000238,S0009,P00109,1,1.39,1.39,False,card
T00003074,2023-03-08 03:12:18,C000475,S0018,P00071,1,5.98,5.98,False,insurance
T00003075,2023-03-06 04:38:32,C000396,S0010,P00045,1,3.85,3.85,True,cash
T00003076,2023-03-26 04:58:25,C000076,S0012,P00147,1,7.0,7.0,False,insurance
T00003077,2023-06-20 03:56:42,C000013,S0006,P00007,1,11.03,11.03,False,cash
T00003078,2023-05-05 23:33:20,C000085,S0019,P00045,2,4.46,8.92,False,card
T00003079,2023-05-23 17:02:11,C000291,S0007,P00165,5,5.1,25.5,True,card
T00003080,2023-09-19 17:40:24,C000178,S0017,P00066,2,6.11,12.22,False,card
T00003081,2023-03-29 16:44:21,C000104,S0007,P00007,2,11.72,23.44,False,mobile
T00003082,2023-11-28 04:49:10,C000102,S0020,P00002,4,3.8,15.2,False,card
T00003083,2023-10-01 15:33:23,C000381,S0007,P00171,1,17.23,17.23,False,cash
T00003084,2023-03-05 14:04:04,C000358,S0005,P00200,10,7.39,73.9,False,card
T00003085,2023-04-25 05:45:55,C000216,S0020,P00198,1,2.94,2.94,False,cash
T00003086,2023-03-08 19:30:15,C000167,S0008,P00036,2,27.06,54.12,False,insurance
T00003087,2023-04-10 07:13:07,C000182,S0009,P00041,1,18.46,18.46,False,mobile
T00003088,2023-05-14 00:58:36,C000500,S0010,P00026,1,10.04,10.04,True,insurance
T00003089,2023-02-17 15:27:28,C000299,S0017,P00170,1,23.95,23.95,False,cash
T00003090,2023-01-06 06:05:50,C000215,S0008,P00177,4,11.85,47.4,False,card
T00003091,2023-06-09 17:32:47,C000280,S0015,P00023,2,35.88,71.76,True,insurance
T00003092,2023-09-13 03:51:29,C000093,S0014,P00049,3,2.55,7.65,False,mobile
T00003093,2023-04-21 06:41:56,C000224,S0006,P00059,2,4.52,9.04,False,cash
T00003094,2023-11-10 04:57:10,C000078,S0002,P00062,3,12.6,37.8,False,cash
T00003095,2023-05-15 09:58:03,C000439,S0014,P00180,1,10.93,10.93,False,insurance
T00003096,2023-11-24 21:21:49,C000197,S0006,P00027,1,6.07,6.07,False,card
T00003097,2023-03-27 21:40:19,C000159,S0004,P00042,1,15.79,15.79,False,cash
T00003098,2023-07-16 07:37:07,C000141,S0013,P00161,3,12.33,36.99,False,mobile
T00003099,2023-10-05 18:55:35,C000446,S0017,P00109,1,1.26,1.26,False,cash
T00003100,2023-01-22 11:45:59,C000121,S0017,P00104,1,20.37,20.37,False,insurance
T00003101,2023-12-05 12:30:34,C000298,S0016,P00102,1,1.3,1.3,True,card
T00003102,2023-05-13 20:16:55,C000053,S0001,P00054,1,3.85,3.85,False,insurance
T00003103,2023-07-01 05:55:58,C000072,S0009,P00037,3,1.09,3.27,True,card
T00003104,2023-08-17 18:02:37,C000120,S0014,P00095,1,3.86,3.86,False,insurance
T00003105,2023-08-23 01:14:03,C000362,S0006,P00173,5,20.97,104.85,False,card
T00003106,2023-01-09 14:46:05,C000264,S0020,P00139,1,3.01,3.01,True,insurance
T00003107,2023-11-12 15:37:02,C000244,S0005,P00057,1,14.82,14.82,False,mobile
T00003108,2023-08-15 23:48:32,C000378,S0007,P00120,1,4.03,4.03,False,card
T00003109,2023-12-30 13:46:33,C000081,S0002,P00024,1,5.28,5.28,False,cash
T00003110,2023-06-21 15:08:09,C000440,S0008,P00098,4,6.61,26.44,False,card
T00003111,2023-08-12 07:40:48,C000058,S0006,P00163,2,31.61,63.22,False,insurance
T00003112,2023-06-10 13:07:28,C000361,S0005,P00030,2,14.85,29.7,False,insurance
T00003113,2023-11-20 21:06:49,C000465,S0009,P00082,4,5.56,22.24,True,mobile
T00003114,2023-10-30 23:44:11,C000350,S0008,P00122,4,13.23,52.92,False,insurance
T00003115,2023-11-27 17:36:06,C000042,S0014,P00090,1,7.26,7.26,False,cash
T00003116,2023-07-03 13:23:48,C000213,S0018,P00152,2,2.02,4.04,True,insurance
T00003117,2023-10-16 02:07:13,C000010,S0008,P00155,1,2.86,2.86,False,card
T00003118,2023-05-11 14:25:54,C000132,S0013,P00110,2,8.01,16.02,False,cash
T00003119,2023-06-17 18:41:48,C000410,S0013,P00132,1,7.94,7.94,False,insurance
T00003120,2023-10-04 17:15:51,C000018,S0010,P00030,1,12.06,12.06,True,mobile
T00003121,2023-01-30 12:57:40,C000034,S0016,P00062,1,9.68,9.68,True,mobile
T00003122,2023-09-16 14:50:29,C000384,S0003,P00024,1,5.75,5.75,False,insurance
T00003123,2023-01-06 18:04:38,C000115,S0014,P00043,1,15.38,15.38,False,cash
T00003124,2023-07-31 08:33:56,C000228,S0005,P00127,3,32.3,96.9,False,cash
T00003125,2023-06-23 16:49:29,C000317,S0002,P00073,5,40.01,200.05,False,insurance
T00003126,2023-06-20 14:22:42,C000201,S0010,P00151,2,55.04,110.08,False,insurance
T00003127,2023-06-29 22:19:54,C000302,S0003,P00035,1,5.29,5.29,False,mobile
T00003128,2023-06-29 01:31:52,C000090,S0005,P00117,1,12.91,12.91,False,cash
T00003129,2023-05-29 06:43:04,C000143,S0014,P00089,5,2.95,14.75,False,cash
T00003130,2023-06-14 07:01:51,C000373,S0013,P00174,1,5.15,5.15,True,card
T00003131,2023-07-26 19:30:36,C000126,S0005,P00061,4,7.8,31.2,False,insurance
T00003132,2023-10-05 21:38:15,C000180,S0011,P00103,10,8.23,82.3,True,mobile
T00003133,2023-07-20 23:41:36,C000091,S0001,P00195,1,6.51,6.51,False,insurance
T00003134,2023-08-22 21:04:45,C000050,S0006,P00106,1,6.15,6.15,False,insurance
T00003135,2023-11-01 12:39:06,C000475,S0001,P00125,1,4.5,4.5,False,mobile
T00003136,2023-12-27 04:22:45,C000242,S0011,P00197,10,8.98,89.8,False,card
T00003137,2023-02-09 13:13:42,C000168,S0020,P00169,1,59.91,59.91,False,cash
T00003138,2023-09-17 12:07:14,C000387,S0004,P00055,1,2.18,2.18,False,mobile
T00003139,2023-03-23 23:09:07,C000307,S0006,P00161,1,11.9,11.9,False,cash
T00003140,2023-03-13 15:04:42,C000026,S0011,P00131,1,7.48,7.48,False,cash
T00003141,2023-10-16 15:41:30,C000078,S0007,P00123,2,1.02,2.04,True,cash
T00003142,2023-01-26 00:05:12,C000091,S0003,P00036,1,29.47,29.47,False,insurance
T00003143,2023-11-05 14:42:11,C000480,S0004,P00167,1,8.11,8.11,False,insurance
T00003144,2023-10-08 11:28:58,C000381,S0017,P00154,3,21.78,65.34,False,insurance
T00003145,2023-12-29 02:47:04,C000301,S0018,P00044,1,43.14,43.14,False,mobile
T00003146,2023-09-01 03:08:58,C000246,S0019,P00015,1,10.78,10.78,False,insurance
T00003147,2023-11-14 17:45:34,C000312,S0009,P00162,1,2.87,2.87,False,cash
T00003148,2023-02-13 03:31:11,C000402,S0014,P00006,2,3.57,7.14,True,card
T00003149,2023-11-20 22:09:28,C000136,S0019,P00129,1,17.88,17.88,True,card
T00003150,2023-02-28 08:36:26,C000457,S0016,P00062,3,13.18,39.54,False,card
T00003151,2023-04-25 10:08:37,C000494,S0006,P00105,5,4.47,22.35,False,card
T00003152,2023-02-16 15:53:47,C000265,S0006,P00193,2,37.94,75.88,False,insurance
T00003153,2023-05-27 04:54:58,C000405,S0001,P00038,1,22.0,22.0,False,card
T00003154,2023-09-30 15:15:14,C000123,S0004,P00118,2,5.58,11.16,True,card
T00003155,2023-04-08 13:59:29,C000031,S0018,P00107,1,0.68,0.68,False,cash
T00003156,2023-10-27 06:41:54,C000458,S0005,P00015,1,8.29,8.29,True,insurance
T00003157,2023-08-09 16:37:54,C000300,S0010,P00131,1,7.28,7.28,False,insurance
T00003158,2023-08-17 22:17:54,C000158,S0011,P00014,4,2.98,11.92,True,card
T00003159,2023-12-08 17:24:13,C000396,S0018,P00167,2,8.7,17.4,False,insurance
T00003160,2023-06-07 04:36:17,C000174,S0002,P00080,1,11.04,11.04,True,cash
T00003161,2023-05-06 10:46:58,C000026,S0013,P00200,1,7.86,7.86,False,insurance
T00003162,2023-12-29 00:25:42,C000050,S0018,P00039,1,4.04,4.04,False,insurance
T00003163,2023-07-22 17:58:03,C000246,S0003,P00149,1,7.13,7.13,False,mobile
T00003164,2023-08-12 17:10:51,C000344,S0015,P00078,1,4.94,4.94,True,insurance
T00003165,2023-04-18 20:28:25,C000457,S0017,P00144,1,15.31,15.31,False,insurance
T00003166,2023-03-20 10:03:22,C000483,S0019,P00113,3,4.86,14.58,False,cash
T00003167,2023-03-03 19:22:21,C000025,S0016,P00065,3,1.73,5.19,False,insurance
T00003168,2023-03-23 09:00:41,C000455,S0005,P00176,4,20.87,83.48,False,cash
T00003169,2023-03-13 01:08:27,C000327,S0007,P00133,3,8.78,26.34,False,insurance
T00003170,2023-09-29 19:21:02,C000275,S0006,P00040,1,25.67,25.67,False,cash
T00003171,2023-01-22 02:12:37,C000185,S0012,P00051,1,5.85,5.85,False,mobile
T00003172,2023-08-18 02:18:10,C000324,S0017,P00058,4,15.68,62.72,False,insurance
T00003173,2023-12-12 13:01:42,C000453,S0011,P00192,5,10.88,54.4,True,card
T00003174,2023-10-06 15:52:04,C000060,S0014,P00158,3,6.4,19.2,False,insurance
T00003175,2023-05-27 15:33:22,C000394,S0011,P00071,4,5.84,23.36,False,card
T00003176,2023-01-22 14:56:27,C000045,S0011,P00175,4,9.65,38.6,False,mobile
T00003177,2023-10-31 14:52:49,C000265,S0006,P00181,1,7.98,7.98,False,insurance
T00003178,2023-01-02 03:30:27,C000276,S0010,P00003,2,4.24,8.48,True,insurance
T00003179,2023-09-06 00:05:40,C000406,S0018,P00097,2,7.75,15.5,False,mobile
T00003180,2023-09-02 05:24:40,C000487,S0017,P00174,3,5.68,17.04,False,card
T00003181,2023-03-11 20:37:23,C000191,S0010,P00066,2,6.19,12.38,False,mobile
T00003182,2023-09-27 07:30:27,C000305,S0008,P00128,1,5.53,5.53,False,cash
T00003183,2023-03-05 20:50:17,C000196,S0016,P00186,4,17.59,70.36,False,card
T00003184,2023-03-24 03:15:38,C000480,S0015,P00080,1,16.6,16.6,False,card
T00003185,2023-10-23 13:31:44,C000127,S0002,P00050,1,17.87,17.87,False,cash
T00003186,2023-12-23 09:40:17,C000055,S0001,P00143,1,5.41,5.41,False,insurance
T00003187,2023-04-07 08:31:17,C000429,S0018,P00144,5,16.42,82.1,False,card
T00003188,2023-12-02 08:48:37,C000115,S0020,P00033,5,6.42,32.1,False,cash
T00003189,2023-11-29 10:27:34,C000146,S0013,P00188,1,2.28,2.28,False,mobile
T00003190,2023-10-08 01:32:43,C000312,S0007,P00047,4,4.28,17.12,False,card
T00003191,2023-02-20 23:31:26,C000175,S0019,P00007,4,11.01,44.04,False,cash
T00003192,2023-04-19 23:43:51,C000111,S0019,P00182,1,16.37,16.37,False,mobile
T00003193,2023-09-04 16:27:45,C000304,S0013,P00048,4,16.51,66.04,False,card
T00003194,2023-12-30 17:10:55,C000373,S0017,P00160,4,3.86,15.44,True,insurance
T00003195,2023-10-24 11:14:38,C000486,S0001,P00163,1,31.5,31.5,False,mobile
T00003196,2023-06-02 23:28:07,C000199,S0001,P00166,1,4.75,4.75,False,cash
T00003197,2023-03-27 15:11:59,C000318,S0012,P00135,5,12.95,64.75,False,mobile
T00003198,2023-12-16 13:30:09,C000250,S0014,P00052,1,3.15,3.15,False,cash
T00003199,2023-04-11 12:56:51,C000081,S0005,P00076,2,3.12,6.24,False,insurance
T00003200,2023-05-05 13:37:33,C000163,S0008,P00171,1,18.1,18.1,False,cash
T00003201,2023-12-18 02:02:14,C000287,S0001,P00066,1,6.49,6.49,False,cash
T00003202,2023-07-24 10:42:15,C000006,S0019,P00067,1,8.12,8.12,False,cash
T00003203,2023-04-07 07:31:29,C000128,S0002,P00188,5,2.37,11.85,False,card
T00003204,2023-01-02 22:41:53,C000409,S0020,P00141,1,2.98,2.98,False,card
T00003205,2023-06-06 12:06:17,C000351,S0015,P00164,1,12.59,12.59,False,card
T00003206,2023-12-25 21:42:33,C000324,S0018,P00063,1,10.91,10.91,False,insurance
T00003207,2023-06-07 10:27:22,C000436,S0002,P00098,2,6.66,13.32,False,insurance
T00003208,2023-09-12 15:05:13,C000026,S0003,P00187,5,1.43,7.15,False,cash
T00003209,2023-04-03 02:30:41,C000453,S0003,P00189,4,7.49,29.96,False,mobile
T00003210,2023-10-10 07:45:16,C000431,S0002,P00058,10,15.91,159.1,False,card
T00003211,2023-10-10 09:18:40,C000417,S0002,P00040,1,19.54,19.54,True,insurance
T00003212,2023-08-10 10:06:58,C000348,S0001,P00055,2,2.15,4.3,False,cash
T00003213,2023-10-08 22:52:33,C000383,S0019,P00175,1,10.12,10.12,False,insurance
T00003214,2023-07-30 16:35:38,C000257,S0014,P00142,1,9.36,9.36,False,card
T00003215,2023-05-18 16:59:10,C000392,S0008,P00097,3,6.69,20.07,True,insurance
T00003216,2023-09-26 14:07:10,C000284,S0010,P00040,3,25.53,76.59,False,card
T00003217,2023-10-31 23:39:32,C000218,S0013,P00095,1,3.4,3.4,False,insurance
T00003218,2023-11-03 03:30:28,C000320,S0004,P00147,1,7.34,7.34,False,card
T00003219,2023-03-19 13:25:21,C000044,S0003,P00007,1,11.91,11.91,False,insurance
T00003220,2023-09-04 06:42:47,C000417,S0001,P00122,1,13.51,13.51,False,insurance
T00003221,2023-01-02 13:36:54,C000377,S0003,P00015,1,10.05,10.05,False,mobile
T00003222,2023-07-28 04:59:11,C000478,S0005,P00035,1,5.38,5.38,False,insurance
T00003223,2023-07-27 21:43:05,C000388,S0007,P00136,1,3.3,3.3,True,cash
T00003224,2023-05-13 07:29:47,C000171,S0003,P00139,1,3.26,3.26,True,insurance
T00003225,2023-12-28 20:15:49,C000187,S0003,P00151,1,58.71,58.71,False,card
T00003226,2023-11-18 09:32:48,C000058,S0011,P00061,4,8.04,32.16,False,insurance
T00003227,2023-01-15 01:35:48,C000414,S0002,P00063,10,10.54,105.4,False,card
T00003228,2023-03-18 00:23:17,C000026,S0007,P00059,3,4.32,12.96,False,cash
T00003229,2023-03-17 17:04:16,C000102,S0001,P00103,1,9.87,9.87,False,mobile
T00003230,2023-11-23 17:04:28,C000211,S0016,P00004,2,5.1,10.2,False,mobile
T00003231,2023-07-08 21:14:18,C000130,S0013,P00083,1,19.92,19.92,False,mobile
T00003232,2023-09-23 07:26:58,C000415,S0020,P00076,1,3.62,3.62,False,cash
T00003233,2023-10-22 19:38:32,C000434,S0013,P00051,2,6.36,12.72,False,card
T00003234,2023-10-07 09:55:36,C000465,S0009,P00151,1,56.38,56.38,False,insurance
T00003235,2023-02-02 09:52:15,C000135,S0015,P00008,2,37.35,74.7,False,insurance
T00003236,2023-02-21 01:57:56,C000060,S0003,P00071,1,6.09,6.09,False,insurance
T00003237,2023-05-24 20:46:12,C000018,S0016,P00120,1,3.71,3.71,False,mobile
T00003238,2023-05-04 04:04:18,C000099,S0005,P00065,1,1.31,1.31,True,insurance
T00003239,2023-09-29 22:27:15,C000217,S0006,P00036,1,27.69,27.69,False,card
T00003240,2023-02-26 20:52:26,C000309,S0009,P00050,1,16.45,16.45,False,mobile
T00003241,2023-05-16 05:48:05,C000207,S0018,P00128,1,5.28,5.28,False,mobile
T00003242,2023-03-28 02:42:52,C000316,S0010,P00178,1,4.35,4.35,False,card
T00003243,2023-03-10 17:40:30,C000145,S0015,P00151,4,44.08,176.32,True,card
T00003244,2023-03-04 21:36:52,C000280,S0015,P00072,5,10.88,54.4,False,mobile
T00003245,2023-03-13 03:51:05,C000211,S0009,P00081,1,8.74,8.74,False,cash
T00003246,2023-07-25 10:21:52,C000215,S0007,P00129,3,25.31,75.93,False,mobile
T00003247,2023-05-30 06:11:10,C000459,S0020,P00003,2,6.08,12.16,False,mobile
T00003248,2023-06-08 10:40:39,C000139,S0004,P00094,1,6.18,6.18,True,insurance
T00003249,2023-06-24 12:11:15,C000344,S0017,P00156,3,2.45,7.35,False,cash
T00003250,2023-09-27 17:54:01,C000208,S0001,P00191,3,6.01,18.03,False,card
T00003251,2023-11-10 16:48:39,C000061,S0012,P00085,2,24.62,49.24,False,card
T00003252,2023-07-11 14:56:28,C000490,S0018,P00070,1,2.49,2.49,False,mobile
T00003253,2023-08-22 18:43:02,C000091,S0020,P00136,3,4.51,13.53,False,card
T00003254,2023-09-26 20:02:50,C000308,S0008,P00068,1,4.03,4.03,False,card
T00003255,2023-09-09 07:21:05,C000126,S0002,P00006,1,4.26,4.26,True,mobile
T00003256,2023-02-18 20:55:11,C000069,S0009,P00070,4,2.8,11.2,False,card
T00003257,2023-12-24 19:22:34,C000439,S0015,P00056,2,11.06,22.12,False,insurance
T00003258,2023-03-01 23:47:14,C000151,S0009,P00030,2,10.14,20.28,True,insurance
T00003259,2023-05-30 21:51:51,C000321,S0008,P00100,1,11.59,11.59,False,insurance
T00003260,2023-08-26 13:08:06,C000145,S0006,P00077,4,6.8,27.2,False,cash
T00003261,2023-05-27 19:42:15,C000256,S0016,P00141,1,2.85,2.85,False,insurance
T00003262,2023-03-30 11:59:38,C000065,S0017,P00140,2,11.55,23.1,False,insurance
T00003263,2023-12-03 02:21:33,C000091,S0014,P00164,4,15.59,62.36,False,insurance
T00003264,2023-01-27 00:53:03,C000385,S0014,P00089,1,3.16,3.16,False,insurance
T00003265,2023-03-31 11:58:09,C000436,S0013,P00166,1,4.95,4.95,False,insurance
T00003266,2023-12-28 10:49:31,C000267,S0002,P00132,3,7.86,23.58,False,insurance
T00003267,2023-09-23 15:39:58,C000036,S0003,P00178,1,3.85,3.85,False,card
T00003268,2023-02-01 15:49:32,C000248,S0007,P00014,3,3.85,11.55,False,insurance
T00003269,2023-10-02 15:57:04,C000281,S0010,P00100,1,10.74,10.74,False,card
T00003270,2023-12-19 21:38:22,C000176,S0006,P00077,1,7.24,7.24,False,cash
T00003271,2023-02-05 14:16:33,C000381,S0009,P00008,1,38.51,38.51,False,insurance
T00003272,2023-05-31 17:09:27,C000114,S0006,P00170,2,24.86,49.72,False,card
T00003273,2023-06-20 10:28:10,C000330,S0006,P00167,1,7.2,7.2,False,mobile
T00003274,2023-02-17 16:31:36,C000192,S0012,P00089,1,3.24,3.24,False,cash
T00003275,2023-03-15 00:06:49,C000106,S0006,P00106,3,5.93,17.79,False,insurance
T00003276,2023-03-05 05:55:10,C000121,S0015,P00063,4,8.66,34.64,True,mobile
T00003277,2023-03-09 11:26:18,C000295,S0005,P00013,1,1.46,1.46,True,cash
T00003278,2023-05-27 21:13:41,C000423,S0001,P00106,1,6.35,6.35,False,mobile
T00003279,2023-03-28 15:02:03,C000007,S0016,P00017,1,34.96,34.96,False,insurance
T00003280,2023-04-16 08:27:28,C000241,S0006,P00120,1,2.93,2.93,True,card
T00003281,2023-03-11 23:22:50,C000469,S0002,P00131,1,7.14,7.14,False,insurance
T00003282,2023-10-17 18:23:03,C000498,S0014,P00154,3,17.16,51.48,True,mobile
T00003283,2023-03-19 01:53:03,C000253,S0016,P00100,2,11.61,23.22,False,insurance
T00003284,2023-11-27 08:50:11,C000293,S0011,P00101,1,7.18,7.18,True,cash
T00003285,2023-07-16 03:26:30,C000493,S0002,P00005,1,15.23,15.23,False,insurance
T00003286,2023-10-20 04:34:02,C000318,S0010,P00058,1,16.19,16.19,False,mobile
T00003287,2023-08-20 15:32:30,C000020,S0016,P00144,2,16.42,32.84,False,mobile
T00003288,2023-04-07 20:02:44,C000282,S0012,P00174,2,5.4,10.8,False,insurance
T00003289,2023-08-07 21:30:00,C000349,S0003,P00001,1,9.36,9.36,False,card
T00003290,2023-04-10 18:50:17,C000409,S0015,P00106,1,6.68,6.68,False,insurance
T00003291,2023-02-13 03:44:40,C000359,S0011,P00086,1,2.08,2.08,False,insurance
T00003292,2023-04-03 17:18:24,C000034,S0014,P00073,1,30.6,30.6,True,cash
T00003293,2023-04-11 07:59:43,C000231,S0012,P00104,2,19.13,38.26,False,insurance
T00003294,2023-02-19 03:41:34,C000180,S0015,P00054,1,4.11,4.11,False,insurance
T00003295,2023-01-09 14:15:04,C000024,S0020,P00131,3,7.49,22.47,False,cash
T00003296,2023-12-10 13:01:22,C000452,S0008,P00196,3,7.12,21.36,False,insurance
T00003297,2023-07-06 21:15:19,C000489,S0019,P00196,3,7.18,21.54,False,cash
T00003298,2023-05-27 08:17:22,C000208,S0017,P00122,2,12.55,25.1,False,cash
T00003299,2023-12-05 12:03:49,C000304,S0006,P00012,2,10.31,20.62,False,mobile
T00003300,2023-03-23 18:53:14,C000138,S0011,P00182,1,16.67,16.67,False,cash
T00003301,2023-05-27 15:28:41,C000074,S0012,P00190,1,7.45,7.45,False,cash
T00003302,2023-11-05 04:31:06,C000216,S0003,P00165,1,6.43,6.43,False,cash
T00003303,2023-08-19 01:25:52,C000315,S0007,P00116,1,6.53,6.53,False,card
T00003304,2023-05-26 07:22:12,C000256,S0015,P00099,1,25.06,25.06,False,cash
T00003305,2023-04-04 02:54:41,C000098,S0011,P00128,1,3.99,3.99,True,cash
T00003306,2023-01-13 18:46:49,C000080,S0001,P00152,2,2.44,4.88,False,card
T00003307,2023-01-31 23:01:08,C000019,S0007,P00139,2,3.76,7.52,False,insurance
T00003308,2023-02-28 22:43:17,C000040,S0004,P00059,3,3.33,9.99,True,insurance
T00003309,2023-10-14 07:54:27,C000415,S0009,P00195,1,6.96,6.96,False,insurance
T00003310,2023-08-21 16:29:28,C000070,S0005,P00149,1,7.2,7.2,False,cash
T00003311,2023-06-07 18:46:33,C000216,S0010,P00139,10,3.7,37.0,False,card
T00003312,2023-10-12 23:27:38,C000364,S0003,P00175,4,10.35,41.4,False,mobile
T00003313,2023-02-28 12:35:03,C000333,S0012,P00110,2,8.05,16.1,False,cash
T00003314,2023-03-18 18:43:22,C000368,S0008,P00183,1,5.17,5.17,True,card
T00003315,2023-05-23 22:52:59,C000095,S0009,P00193,5,36.78,183.9,False,card
T00003316,2023-11-30 22:22:05,C000456,S0012,P00187,3,1.37,4.11,False,cash
T00003317,2023-08-12 13:55:57,C000134,S0003,P00048,5,14.52,72.6,False,insurance
T00003318,2023-11-06 18:18:39,C000453,S0018,P00176,1,19.13,19.13,False,cash
T00003319,2023-04-01 07:56:33,C000020,S0001,P00197,1,9.23,9.23,False,mobile
T00003320,2023-11-05 19:27:16,C000064,S0017,P00008,1,36.86,36.86,False,cash
T00003321,2023-01-27 09:10:59,C000269,S0001,P00192,4,14.44,57.76,False,cash
T00003322,2023-03-24 20:50:52,C000046,S0003,P00119,5,7.02,35.1,False,insurance
T00003323,2023-07-10 09:09:00,C000278,S0018,P00048,4,15.54,62.16,False,mobile
T00003324,2023-01-19 09:28:56,C000475,S0012,P00060,3,10.37,31.11,False,cash
T00003325,2023-11-09 09:46:36,C000325,S0015,P00017,5,27.08,135.4,True,card
T00003326,2023-11-12 17:48:44,C000437,S0014,P00195,3,6.91,20.73,False,insurance
T00003327,2023-07-17 02:15:11,C000426,S0013,P00074,5,3.41,17.05,False,mobile
T00003328,2023-04-22 07:28:15,C000088,S0009,P00046,1,3.91,3.91,True,insurance
T00003329,2023-02-06 00:32:55,C000069,S0002,P00105,4,3.25,13.0,True,insurance
T00003330,2023-08-14 06:51:13,C000443,S0019,P00184,3,5.56,16.68,False,cash
T00003331,2023-07-15 17:05:53,C000287,S0020,P00139,1,3.91,3.91,False,cash
T00003332,2023-10-04 15:04:15,C000442,S0004,P00174,1,5.51,5.51,False,card
T00003333,2023-08-08 07:44:40,C000407,S0013,P00111,1,6.91,6.91,False,insurance
T00003334,2023-02-16 16:46:11,C000013,S0004,P00176,2,18.66,37.32,False,card
T00003335,2023-02-14 07:44:14,C000167,S0014,P00095,1,3.43,3.43,False,card
T00003336,2023-10-12 05:24:14,C000391,S0016,P00043,4,14.17,56.68,False,card
T00003337,2023-02-27 21:13:59,C000100,S0012,P00085,1,25.92,25.92,False,insurance
T00003338,2023-12-08 14:50:10,C000149,S0019,P00043,1,15.24,15.24,False,insurance
T00003339,2023-02-08 13:33:22,C000253,S0002,P00140,3,9.83,29.49,True,mobile
T00003340,2023-09-23 03:05:02,C000042,S0016,P00130,5,18.62,93.1,False,card
T00003341,2023-12-21 23:37:04,C000359,S0010,P00123,1,1.21,1.21,True,mobile
T00003342,2023-06-10 14:31:19,C000064,S0001,P00017,1,31.48,31.48,False,insurance
T00003343,2023-01-21 15:27:18,C000083,S0007,P00156,1,2.49,2.49,False,card
T00003344,2023-11-16 02:39:37,C000326,S0014,P00041,2,19.82,39.64,False,mobile
T00003345,2023-03-10 04:18:48,C000014,S0012,P00140,10,7.79,77.9,True,mobile
T00003346,2023-07-11 23:52:12,C000143,S0003,P00025,1,5.33,5.33,True,card
T00003347,2023-12-25 08:54:21,C000470,S0001,P00031,1,2.26,2.26,False,mobile
T00003348,2023-09-29 02:19:08,C000095,S0019,P00005,4,14.7,58.8,False,card
T00003349,2023-01-17 20:37:19,C000158,S0019,P00096,1,6.37,6.37,False,mobile
T00003350,2023-10-26 15:56:24,C000307,S0018,P00149,2,6.61,13.22,False,mobile
T00003351,2023-02-28 16:36:32,C000020,S0010,P00170,1,24.29,24.29,False,insurance
T00003352,2023-09-30 18:20:48,C000411,S0001,P00080,1,15.1,15.1,False,mobile
T00003353,2023-08-15 00:39:56,C000470,S0011,P00081,1,8.73,8.73,False,insurance
T00003354,2023-04-15 18:42:00,C000398,S0008,P00043,1,14.61,14.61,False,mobile
T00003355,2023-02-12 21:29:03,C000178,S0010,P00066,1,4.93,4.93,True,cash
T00003356,2023-12-26 04:32:49,C000500,S0018,P00160,1,4.88,4.88,False,cash
T00003357,2023-03-28 18:07:31,C000157,S0006,P00015,4,10.21,40.84,False,card
T00003358,2023-04-23 08:36:50,C000079,S0006,P00193,4,37.11,148.44,False,insurance
T00003359,2023-07-03 01:06:56,C000131,S0007,P00124,1,6.47,6.47,False,cash
T00003360,2023-09-02 17:54:56,C000012,S0001,P00077,1,6.91,6.91,False,cash
T00003361,2023-07-03 22:05:57,C000215,S0016,P00193,1,34.67,34.67,False,insurance
T00003362,2023-07-03 20:53:44,C000329,S0019,P00130,3,17.86,53.58,False,mobile
T00003363,2023-08-01 01:58:52,C000377,S0007,P00194,1,2.99,2.99,False,insurance
T00003364,2023-11-09 04:50:12,C000325,S0017,P00047,1,4.16,4.16,False,mobile
T00003365,2023-05-24 19:36:35,C000396,S0020,P00075,4,6.8,27.2,False,cash
T00003366,2023-10-30 21:29:29,C000164,S0020,P00073,1,32.58,32.58,True,card
T00003367,2023-10-14 10:16:59,C000370,S0016,P00142,1,9.44,9.44,False,card
T00003368,2023-12-16 19:21:07,C000271,S0001,P00087,1,33.66,33.66,False,mobile
T00003369,2023-11-29 09:18:41,C000264,S0006,P00104,3,19.15,57.45,False,mobile
T00003370,2023-10-18 12:54:06,C000391,S0004,P00137,2,7.86,15.72,False,mobile
T00003371,2023-03-31 19:23:24,C000254,S0008,P00162,3,2.87,8.61,False,card
T00003372,2023-10-09 20:15:46,C000006,S0006,P00096,3,5.86,17.58,False,insurance
T00003373,2023-09-26 02:16:01,C000014,S0013,P00144,1,17.3,17.3,False,cash
T00003374,2023-04-16 09:05:06,C000103,S0003,P00181,1,8.13,8.13,False,card
T00003375,2023-09-04 18:45:44,C000433,S0016,P00042,1,13.56,13.56,True,cash
T00003376,2023-04-03 01:56:24,C000184,S0019,P00018,2,4.59,9.18,False,insurance
T00003377,2023-07-10 09:43:07,C000425,S0014,P00117,1,11.01,11.01,False,card
T00003378,2023-10-18 00:24:20,C000130,S0008,P00164,2,14.2,28.4,False,card
T00003379,2023-03-10 15:00:00,C000393,S0017,P00125,1,3.66,3.66,True,cash
T00003380,2023-05-03 15:37:11,C000355,S0009,P00016,5,5.24,26.2,True,mobile
T00003381,2023-10-17 11:08:57,C000344,S0003,P00030,1,14.19,14.19,False,cash
T00003382,2023-06-15 04:19:25,C000094,S0014,P00101,3,9.41,28.23,False,mobile
T00003383,2023-12-16 16:01:53,C000257,S0001,P00154,4,23.39,93.56,False,insurance
T00003384,2023-01-03 21:32:32,C000206,S0004,P00072,3,9.38,28.14,True,cash
T00003385,2023-09-20 17:57:44,C000193,S0018,P00044,1,42.82,42.82,False,mobile
T00003386,2023-10-24 08:50:10,C000335,S0020,P00101,2,8.71,17.42,False,insurance
T00003387,2023-12-01 02:25:30,C000016,S0015,P00068,2,4.07,8.14,False,insurance
T00003388,2023-02-27 01:24:20,C000433,S0014,P00012,2,10.82,21.64,False,cash
T00003389,2023-12-25 05:50:33,C000281,S0016,P00089,1,2.91,2.91,False,card
T00003390,2023-05-23 18:56:31,C000371,S0008,P00091,1,2.28,2.28,True,insurance
T00003391,2023-05-09 03:30:53,C000190,S0012,P00050,1,16.54,16.54,False,insurance
T00003392,2023-05-10 10:01:02,C000154,S0015,P00014,5,3.43,17.15,False,cash
T00003393,2023-08-21 07:31:16,C000125,S0018,P00090,1,6.72,6.72,False,cash
T00003394,2023-08-28 23:35:16,C000348,S0011,P00023,1,44.95,44.95,False,card
T00003395,2023-06-22 12:16:35,C000119,S0016,P00052,10,3.07,30.7,False,insurance
T00003396,2023-01-26 20:34:21,C000284,S0006,P00179,2,2.17,4.34,False,card
T00003397,2023-12-26 03:11:20,C000154,S0003,P00193,5,36.27,181.35,False,mobile
T00003398,2023-03-22 20:17:17,C000489,S0010,P00176,3,18.92,56.76,False,cash
T00003399,2023-02-04 03:30:18,C000197,S0012,P00184,1,4.49,4.49,True,cash
T00003400,2023-08-06 10:44:02,C000097,S0001,P00088,1,4.26,4.26,False,mobile
T00003401,2023-05-31 02:30:26,C000481,S0015,P00145,1,21.17,21.17,False,card
T00003402,2023-08-13 01:35:43,C000253,S0016,P00092,1,8.4,8.4,True,mobile
T00003403,2023-11-15 16:42:33,C000385,S0009,P00042,1,16.56,16.56,False,mobile
T00003404,2023-02-05 10:13:40,C000453,S0002,P00182,1,15.95,15.95,False,card
T00003405,2023-04-14 09:28:20,C000040,S0012,P00122,1,13.15,13.15,False,insurance
T00003406,2023-07-08 00:46:07,C000281,S0017,P00173,1,19.15,19.15,False,insurance
T00003407,2023-10-14 18:09:30,C000026,S0011,P00017,1,36.11,36.11,False,cash
T00003408,2023-08-07 15:13:02,C000402,S0018,P00195,1,7.42,7.42,False,cash
T00003409,2023-05-20 07:59:37,C000022,S0002,P00102,3,1.73,5.19,False,cash
T00003410,2023-08-11 01:29:43,C000131,S0014,P00175,1,9.9,9.9,False,cash
T00003411,2023-12-23 17:05:34,C000434,S0009,P00146,1,8.47,8.47,False,insurance
T00003412,2023-06-24 17:44:53,C000337,S0011,P00109,1,1.29,1.29,True,cash
T00003413,2023-11-18 14:31:00,C000255,S0011,P00007,1,7.62,7.62,True,cash
T00003414,2023-10-11 21:41:52,C000235,S0017,P00060,1,10.25,10.25,False,insurance
T00003415,2023-04-20 16:20:05,C000389,S0018,P00186,3,16.05,48.15,False,insurance
T00003416,2023-04-01 19:39:32,C000067,S0004,P00009,1,22.22,22.22,False,cash
T00003417,2023-10-08 08:24:26,C000098,S0010,P00187,3,1.39,4.17,False,insurance
T00003418,2023-03-17 12:32:33,C000190,S0004,P00160,2,5.26,10.52,False,cash
T00003419,2023-05-03 14:46:43,C000215,S0012,P00026,3,14.11,42.33,False,cash
T00003420,2023-03-27 16:25:37,C000163,S0014,P00147,1,7.39,7.39,False,mobile
T00003421,2023-08-09 17:11:09,C000180,S0010,P00070,2,2.43,4.86,False,cash
T00003422,2023-04-18 01:36:18,C000478,S0012,P00002,1,2.69,2.69,True,card
T00003423,2023-08-28 16:29:17,C000430,S0017,P00140,1,11.48,11.48,False,card
T00003424,2023-12-07 06:47:57,C000406,S0008,P00101,1,8.68,8.68,False,mobile
T00003425,2023-10-29 23:20:44,C000347,S0005,P00096,1,6.23,6.23,False,insurance
T00003426,2023-12-12 01:19:32,C000202,S0003,P00193,1,36.96,36.96,False,insurance
T00003427,2023-01-09 21:36:09,C000302,S0020,P00107,1,0.63,0.63,False,card
T00003428,2023-06-15 18:51:27,C000267,S0011,P00064,1,7.74,7.74,False,cash
T00003429,2023-03-22 03:17:57,C000144,S0001,P00136,1,3.57,3.57,True,mobile
T00003430,2023-12-01 02:29:56,C000474,S0019,P00040,1,23.68,23.68,False,card
T00003431,2023-09-17 03:18:51,C000323,S0017,P00117,1,9.29,9.29,True,mobile
T00003432,2023-04-27 13:27:03,C000483,S0014,P00135,1,12.32,12.32,False,cash
T00003433,2023-07-25 02:56:20,C000458,S0005,P00094,5,10.0,50.0,False,card
T00003434,2023-08-09 09:03:20,C000040,S0013,P00040,2,15.88,31.76,True,insurance
T00003435,2023-06-30 09:36:21,C000066,S0018,P00171,2,16.66,33.32,False,card
T00003436,2023-06-22 15:56:27,C000401,S0001,P00109,4,1.33,5.32,False,card
T00003437,2023-01-21 02:18:51,C000021,S0004,P00100,1,11.36,11.36,False,mobile
T00003438,2023-06-14 16:42:24,C000276,S0002,P00163,1,30.05,30.05,False,insurance
T00003439,2023-05-07 18:32:17,C000297,S0017,P00120,1,3.75,3.75,False,insurance
T00003440,2023-10-25 20:14:07,C000024,S0019,P00037,2,1.38,2.76,False,mobile
T00003441,2023-11-11 21:30:57,C000284,S0016,P00105,1,3.74,3.74,False,mobile
T00003442,2023-10-01 03:38:01,C000484,S0015,P00014,2,3.95,7.9,False,insurance
T00003443,2023-01-12 05:52:47,C000016,S0002,P00102,1,1.75,1.75,False,cash
T00003444,2023-11-03 04:57:33,C000382,S0017,P00012,1,11.42,11.42,False,cash
T00003445,2023-05-25 07:16:01,C000152,S0013,P00012,3,9.97,29.91,False,cash
T00003446,2023-06-01 13:23:54,C000478,S0013,P00058,1,15.32,15.32,False,card
T00003447,2023-12-11 00:48:56,C000438,S0004,P00153,1,3.27,3.27,False,card
T00003448,2023-11-12 16:41:40,C000263,S0017,P00035,1,5.38,5.38,False,mobile
T00003449,2023-01-19 12:29:38,C000017,S0019,P00075,1,7.68,7.68,False,insurance
T00003450,2023-05-11 23:29:59,C000485,S0003,P00180,1,11.39,11.39,False,card
T00003451,2023-09-30 21:25:46,C000248,S0018,P00132,3,7.38,22.14,False,cash
T00003452,2023-07-16 03:22:05,C000015,S0009,P00002,1,3.65,3.65,False,cash
T00003453,2023-04-04 18:30:13,C000412,S0009,P00056,1,10.76,10.76,False,cash
T00003454,2023-07-11 00:26:52,C000191,S0011,P00109,2,1.3,2.6,True,card
T00003455,2023-11-12 10:41:41,C000100,S0003,P00088,3,4.54,13.62,False,mobile
T00003456,2023-03-23 06:39:19,C000258,S0013,P00159,2,4.38,8.76,True,card
T00003457,2023-09-29 13:39:00,C000249,S0016,P00198,4,3.02,12.08,False,card
T00003458,2023-09-25 10:52:17,C000409,S0013,P00008,1,34.87,34.87,False,mobile
T00003459,2023-11-19 09:31:14,C000395,S0006,P00001,1,8.99,8.99,False,mobile
T00003460,2023-04-19 10:49:02,C000447,S0011,P00010,1,5.03,5.03,False,card
T00003461,2023-03-20 14:19:08,C000038,S0020,P00184,3,5.42,16.26,False,cash
T00003462,2023-07-19 08:18:40,C000476,S0002,P00172,10,7.55,75.5,False,mobile
T00003463,2023-07-13 09:22:25,C000372,S0011,P00013,1,1.76,1.76,False,cash
T00003464,2023-05-30 01:41:49,C000282,S0016,P00014,2,3.83,7.66,False,card
T00003465,2023-10-11 15:42:08,C000441,S0008,P00119,1,6.4,6.4,False,cash
T00003466,2023-10-18 20:29:19,C000374,S0011,P00148,1,7.36,7.36,False,card
T00003467,2023-03-31 10:25:58,C000269,S0017,P00151,1,53.88,53.88,False,card
T00003468,2023-10-17 13:44:48,C000159,S0010,P00148,1,7.36,7.36,False,mobile
T00003469,2023-03-25 23:47:59,C000487,S0018,P00077,4,6.68,26.72,False,insurance
T00003470,2023-05-29 09:05:20,C000076,S0011,P00168,4,17.15,68.6,False,cash
T00003471,2023-01-10 21:27:47,C000355,S0009,P00142,1,7.37,7.37,True,card
T00003472,2023-05-04 21:40:55,C000250,S0006,P00051,1,5.94,5.94,False,insurance
T00003473,2023-12-15 21:35:23,C000100,S0020,P00080,4,16.68,66.72,False,mobile
T00003474,2023-06-11 02:13:31,C000499,S0002,P00024,3,5.18,15.54,False,card
T00003475,2023-09-16 10:42:27,C000151,S0002,P00014,1,3.6,3.6,False,card
T00003476,2023-02-09 06:50:53,C000308,S0008,P00101,1,9.12,9.12,False,mobile
T00003477,2023-08-20 08:15:19,C000202,S0011,P00015,1,10.42,10.42,False,mobile
T00003478,2023-05-16 06:04:52,C000382,S0012,P00156,2,2.28,4.56,False,mobile
T00003479,2023-09-28 19:32:17,C000236,S0016,P00178,5,4.26,21.3,False,insurance
T00003480,2023-12-04 19:10:32,C000291,S0014,P00086,2,1.98,3.96,False,cash
T00003481,2023-07-13 12:10:14,C000019,S0014,P00142,2,10.59,21.18,False,cash
T00003482,2023-02-07 10:18:10,C000489,S0020,P00189,1,8.23,8.23,False,insurance
T00003483,2023-06-23 07:30:18,C000151,S0009,P00013,1,1.88,1.88,False,mobile
T00003484,2023-02-14 19:28:42,C000094,S0013,P00199,2,11.13,22.26,False,insurance
T00003485,2023-06-13 15:06:49,C000436,S0011,P00063,2,9.6,19.2,False,mobile
T00003486,2023-01-23 06:10:49,C000273,S0016,P00014,4,3.68,14.72,False,insurance
T00003487,2023-08-22 02:52:37,C000079,S0018,P00024,1,5.24,5.24,False,insurance
T00003488,2023-04-24 00:05:47,C000003,S0009,P00014,1,3.52,3.52,False,insurance
T00003489,2023-03-15 08:36:34,C000290,S0017,P00133,2,8.66,17.32,False,cash
T00003490,2023-01-07 07:09:49,C000281,S0004,P00069,3,5.77,17.31,False,card
T00003491,2023-11-20 06:04:51,C000003,S0020,P00114,1,16.68,16.68,False,card
T00003492,2023-11-01 17:44:34,C000203,S0003,P00154,4,21.73,86.92,False,mobile
T00003493,2023-10-23 11:28:08,C000121,S0019,P00043,1,16.0,16.0,False,insurance
T00003494,2023-01-22 03:52:59,C000432,S0014,P00146,1,8.58,8.58,False,mobile
T00003495,2023-05-08 05:47:16,C000102,S0017,P00172,3,7.77,23.31,False,cash
T00003496,2023-12-20 13:42:33,C000455,S0002,P00009,1,13.69,13.69,True,mobile
T00003497,2023-07-30 14:43:51,C000419,S0018,P00055,1,2.12,2.12,False,mobile
T00003498,2023-02-16 18:32:12,C000296,S0008,P00148,1,7.58,7.58,False,cash
T00003499,2023-02-21 08:00:52,C000320,S0001,P00144,2,17.73,35.46,False,mobile
T00003500,2023-04-06 18:32:33,C000036,S0010,P00200,4,7.51,30.04,False,insurance
T00003501,2023-12-20 22:25:01,C000410,S0010,P00010,1,5.5,5.5,False,mobile
T00003502,2023-03-03 17:43:43,C000248,S0016,P00068,4,4.16,16.64,False,mobile
T00003503,2023-11-25 15:40:14,C000133,S0008,P00176,1,20.09,20.09,False,cash
T00003504,2023-09-04 19:07:31,C000400,S0009,P00149,1,7.54,7.54,False,card
T00003505,2023-12-02 13:41:48,C000248,S0019,P00078,3,6.47,19.41,False,cash
T00003506,2023-10-28 16:02:52,C000490,S0006,P00102,1,1.68,1.68,False,cash
T00003507,2023-05-01 21:46:35,C000326,S0014,P00118,2,6.44,12.88,False,cash
T00003508,2023-10-29 08:29:41,C000037,S0020,P00105,1,4.43,4.43,False,card
T00003509,2023-03-03 13:33:39,C000032,S0008,P00088,2,3.16,6.32,True,mobile
T00003510,2023-04-16 21:54:26,C000328,S0008,P00120,5,2.86,14.3,True,mobile
T00003511,2023-03-19 02:02:30,C000493,S0008,P00104,1,19.21,19.21,False,mobile
T00003512,2023-02-18 11:21:35,C000407,S0013,P00159,1,6.04,6.04,False,mobile
T00003513,2023-02-02 18:15:07,C000115,S0011,P00172,3,7.49,22.47,False,card
T00003514,2023-03-10 05:07:11,C000133,S0019,P00040,1,24.98,24.98,False,mobile
T00003515,2023-02-13 17:17:11,C000270,S0014,P00198,3,2.22,6.66,True,mobile
T00003516,2023-05-19 11:23:36,C000381,S0002,P00134,1,3.86,3.86,False,insurance
T00003517,2023-01-26 22:54:59,C000149,S0019,P00035,1,6.14,6.14,False,cash
T00003518,2023-01-23 07:18:48,C000474,S0012,P00100,1,11.71,11.71,False,card
T00003519,2023-12-27 07:05:40,C000177,S0008,P00144,2,15.54,31.08,False,card
T00003520,2023-02-01 22:05:51,C000316,S0004,P00172,1,7.1,7.1,False,card
T00003521,2023-01-27 22:58:04,C000141,S0019,P00104,1,19.94,19.94,False,insurance
T00003522,2023-01-11 23:00:24,C000211,S0001,P00070,1,2.69,2.69,False,insurance
T00003523,2023-02-18 05:53:15,C000477,S0016,P00008,1,37.28,37.28,False,cash
T00003524,2023-07-12 03:54:06,C000028,S0014,P00084,1,8.75,8.75,False,card
T00003525,2023-10-29 02:53:46,C000039,S0007,P00150,1,19.13,19.13,False,insurance
T00003526,2023-09-25 12:01:17,C000485,S0005,P00168,2,17.36,34.72,False,insurance
T00003527,2023-07-31 04:58:43,C000194,S0007,P00187,1,1.41,1.41,False,cash
T00003528,2023-01-31 22:46:29,C000168,S0014,P00196,3,6.86,20.58,False,card
T00003529,2023-10-09 21:18:32,C000450,S0004,P00179,4,2.26,9.04,False,cash
T00003530,2023-01-14 13:25:40,C000045,S0009,P00092,3,12.74,38.22,False,mobile
T00003531,2023-08-18 15:38:50,C000295,S0002,P00042,1,18.0,18.0,False,insurance
T00003532,2023-05-29 23:55:24,C000343,S0001,P00034,2,8.7,17.4,False,insurance
T00003533,2023-11-18 02:40:53,C000487,S0005,P00182,1,15.08,15.08,False,mobile
T00003534,2023-04-22 22:36:32,C000266,S0019,P00023,1,44.36,44.36,False,cash
T00003535,2023-08-21 09:39:08,C000031,S0006,P00140,1,12.49,12.49,False,cash
T00003536,2023-06-10 03:47:47,C000267,S0019,P00166,1,4.86,4.86,False,card
T00003537,2023-07-10 01:17:05,C000259,S0020,P00106,4,6.48,25.92,False,mobile
T00003538,2023-12-08 17:20:20,C000105,S0008,P00200,1,7.65,7.65,False,insurance
T00003539,2023-09-17 10:34:53,C000039,S0003,P00070,5,2.68,13.4,False,card
T00003540,2023-05-31 21:33:40,C000221,S0007,P00115,1,2.73,2.73,False,cash
T00003541,2023-06-12 20:25:23,C000388,S0012,P00007,1,10.76,10.76,False,card
T00003542,2023-09-14 11:08:08,C000209,S0011,P00104,1,19.68,19.68,False,mobile
T00003543,2023-05-06 23:12:49,C000338,S0009,P00182,1,16.41,16.41,False,insurance
T00003544,2023-03-03 02:24:22,C000218,S0017,P00036,2,29.42,58.84,False,mobile
T00003545,2023-06-20 05:24:43,C000007,S0007,P00041,4,13.62,54.48,True,card
T00003546,2023-01-25 20:00:51,C000293,S0010,P00139,4,3.04,12.16,True,cash
T00003547,2023-03-03 18:37:20,C000030,S0011,P00192,10,14.75,147.5,False,cash
T00003548,2023-06-03 03:18:31,C000496,S0001,P00138,1,1.34,1.34,False,insurance
T00003549,2023-10-17 22:51:03,C000165,S0003,P00176,2,19.68,39.36,False,card
T00003550,2023-10-12 10:27:48,C000417,S0018,P00101,3,8.81,26.43,False,cash
T00003551,2023-04-05 21:30:29,C000098,S0010,P00095,3,3.41,10.23,False,mobile
T00003552,2023-06-03 13:57:44,C000422,S0012,P00073,2,38.86,77.72,False,card
T00003553,2023-02-25 21:15:05,C000221,S0016,P00085,1,24.59,24.59,False,insurance
T00003554,2023-10-02 21:48:47,C000250,S0016,P00132,1,8.0,8.0,False,cash
T00003555,2023-03-31 16:07:59,C000349,S0018,P00166,1,4.28,4.28,True,insurance
T00003556,2023-10-19 00:39:44,C000071,S0016,P00164,1,13.71,13.71,False,insurance
T00003557,2023-11-03 12:19:30,C000380,S0014,P00043,2,14.94,29.88,False,card
T00003558,2023-09-08 19:50:51,C000148,S0015,P00085,1,17.48,17.48,True,mobile
T00003559,2023-05-01 04:38:18,C000437,S0001,P00013,1,2.0,2.0,False,insurance
T00003560,2023-12-13 20:36:52,C000027,S0006,P00156,1,2.38,2.38,False,mobile
T00003561,2023-09-07 17:19:54,C000404,S0016,P00109,3,1.4,4.2,False,insurance
T00003562,2023-08-24 02:03:15,C000422,S0011,P00131,1,7.71,7.71,False,cash
T00003563,2023-11-08 17:35:41,C000226,S0015,P00186,1,17.45,17.45,False,insurance
T00003564,2023-11-17 20:30:54,C000473,S0002,P00128,5,4.17,20.85,True,card
T00003565,2023-01-29 07:10:38,C000099,S0004,P00145,1,19.79,19.79,False,insurance
T00003566,2023-11-17 21:11:57,C000143,S0001,P00017,2,32.91,65.82,False,cash
T00003567,2023-10-06 11:15:12,C000104,S0017,P00180,5,11.32,56.6,False,mobile
T00003568,2023-03-17 04:10:32,C000274,S0004,P00142,4,9.96,39.84,False,insurance
T00003569,2023-04-22 23:45:56,C000425,S0020,P00152,1,2.51,2.51,False,mobile
T00003570,2023-10-01 23:16:59,C000199,S0012,P00089,4,3.07,12.28,False,card
T00003571,2023-03-20 20:24:46,C000018,S0016,P00158,1,6.38,6.38,False,card
T00003572,2023-06-14 16:17:49,C000321,S0015,P00026,1,14.19,14.19,False,insurance
T00003573,2023-09-08 18:14:35,C000301,S0018,P00039,1,4.14,4.14,False,card
T00003574,2023-08-25 18:40:37,C000108,S0011,P00009,1,21.95,21.95,False,cash
T00003575,2023-11-28 03:59:00,C000232,S0019,P00063,1,10.42,10.42,False,cash
T00003576,2023-02-10 14:23:12,C000096,S0012,P00152,1,2.42,2.42,False,card
T00003577,2023-04-18 09:17:16,C000290,S0003,P00010,1,4.9,4.9,False,mobile
T00003578,2023-12-25 11:54:21,C000267,S0004,P00149,5,7.43,37.15,False,cash
T00003579,2023-07-27 01:19:56,C000232,S0009,P00087,1,27.36,27.36,False,card
T00003580,2023-04-01 12:42:15,C000483,S0004,P00012,3,10.76,32.28,False,insurance
T00003581,2023-04-16 11:59:27,C000206,S0009,P00167,5,7.61,38.05,False,cash
T00003582,2023-05-04 11:21:39,C000407,S0014,P00019,4,3.19,12.76,False,cash
T00003583,2023-07-21 18:14:20,C000488,S0018,P00182,4,14.76,59.04,False,mobile
T00003584,2023-04-14 13:45:39,C000476,S0005,P00113,3,5.26,15.78,False,card
T00003585,2023-08-15 08:35:12,C000251,S0013,P00048,1,16.06,16.06,False,cash
T00003586,2023-06-12 01:51:21,C000415,S0011,P00199,3,10.67,32.01,False,cash
T00003587,2023-08-11 03:53:24,C000155,S0001,P00157,4,39.5,158.0,False,insurance
T00003588,2023-02-26 11:08:18,C000128,S0010,P00194,10,3.28,32.8,False,insurance
T00003589,2023-08-15 23:18:04,C000035,S0010,P00069,1,6.41,6.41,False,insurance
T00003590,2023-12-03 14:32:35,C000415,S0009,P00111,2,5.25,10.5,True,cash
T00003591,2023-02-19 04:03:25,C000065,S0011,P00109,2,1.36,2.72,False,card
T00003592,2023-04-30 04:32:38,C000043,S0005,P00058,1,16.76,16.76,False,insurance
T00003593,2023-09-10 10:46:11,C000299,S0010,P00006,1,5.26,5.26,False,cash
T00003594,2023-08-13 17:38:43,C000233,S0019,P00125,1,3.33,3.33,True,insurance
T00003595,2023-09-03 14:37:09,C000182,S0003,P00194,2,2.47,4.94,True,card
T00003596,2023-07-23 16:21:21,C000192,S0011,P00184,3,5.31,15.93,False,cash
T00003597,2023-09-06 11:05:24,C000383,S0003,P00015,1,11.32,11.32,False,card
T00003598,2023-08-10 19:36:29,C000085,S0010,P00021,5,7.46,37.3,False,insurance
T00003599,2023-01-27 23:04:49,C000489,S0020,P00169,2,61.77,123.54,False,cash
T00003600,2023-10-01 11:12:46,C000345,S0002,P00058,1,16.75,16.75,False,card
T00003601,2023-06-12 15:35:03,C000267,S0016,P00023,1,42.28,42.28,False,card
T00003602,2023-01-19 17:28:26,C000002,S0005,P00117,5,11.25,56.25,False,cash
T00003603,2023-05-29 21:19:51,C000378,S0016,P00027,4,6.69,26.76,False,card
T00003604,2023-06-08 09:43:47,C000416,S0005,P00139,1,3.97,3.97,False,cash
T00003605,2023-02-01 13:30:41,C000411,S0019,P00186,2,17.72,35.44,False,cash
T00003606,2023-12-29 13:49:38,C000007,S0004,P00155,2,2.84,5.68,False,mobile
T00003607,2023-03-22 22:36:22,C000320,S0018,P00119,2,6.73,13.46,False,cash
T00003608,2023-05-01 08:37:36,C000201,S0002,P00156,1,2.24,2.24,True,card
T00003609,2023-06-10 12:14:58,C000132,S0007,P00167,1,8.28,8.28,False,mobile
T00003610,2023-10-31 00:46:25,C000495,S0005,P00166,1,4.89,4.89,False,card
T00003611,2023-09-28 10:01:47,C000473,S0003,P00121,1,4.72,4.72,True,cash
T00003612,2023-10-08 15:08:01,C000104,S0006,P00047,1,4.26,4.26,False,mobile
T00003613,2023-03-28 06:58:27,C000365,S0016,P00102,3,1.74,5.22,False,cash
T00003614,2023-11-04 17:43:01,C000459,S0005,P00015,1,10.93,10.93,False,cash
T00003615,2023-10-30 00:41:43,C000211,S0010,P00014,1,3.72,3.72,False,card
T00003616,2023-06-18 20:16:21,C000077,S0014,P00063,2,10.14,20.28,False,cash
T00003617,2023-07-18 16:05:38,C000287,S0005,P00104,1,20.17,20.17,False,cash
T00003618,2023-01-14 12:27:18,C000325,S0002,P00008,4,39.03,156.12,False,mobile
T00003619,2023-10-04 19:02:38,C000018,S0003,P00005,3,14.4,43.2,False,card
T00003620,2023-12-16 18:37:11,C000277,S0001,P00169,5,54.76,273.8,False,insurance
T00003621,2023-06-22 00:14:57,C000362,S0017,P00025,1,8.09,8.09,False,cash
T00003622,2023-07-16 17:49:13,C000431,S0019,P00115,5,2.85,14.25,False,cash
T00003623,2023-07-01 16:57:39,C000491,S0005,P00070,2,2.69,5.38,False,card
T00003624,2023-01-31 01:59:07,C000261,S0008,P00018,2,3.93,7.86,True,cash
T00003625,2023-08-14 13:52:07,C000120,S0009,P00061,1,7.32,7.32,False,insurance
T00003626,2023-09-20 14:32:58,C000314,S0018,P00067,1,7.67,7.67,False,mobile
T00003627,2023-12-04 18:45:05,C000366,S0019,P00016,1,6.23,6.23,False,mobile
T00003628,2023-12-05 10:36:36,C000230,S0008,P00192,1,10.38,10.38,True,insurance
T00003629,2023-06-29 00:28:29,C000264,S0006,P00123,5,1.55,7.75,False,insurance
T00003630,2023-12-16 01:40:53,C000319,S0004,P00155,3,2.78,8.34,False,cash
T00003631,2023-07-12 10:21:08,C000158,S0014,P00065,3,1.65,4.95,False,card
T00003632,2023-08-22 16:53:56,C000333,S0020,P00148,1,7.72,7.72,False,cash
T00003633,2023-08-08 03:02:44,C000020,S0019,P00056,1,11.72,11.72,False,insurance
T00003634,2023-12-30 12:29:12,C000369,S0005,P00179,2,2.17,4.34,False,card
T00003635,2023-09-26 10:55:56,C000007,S0004,P00164,1,12.96,12.96,False,mobile
T00003636,2023-02-13 16:21:39,C000383,S0013,P00001,10,8.93,89.3,False,insurance
T00003637,2023-01-27 03:41:04,C000440,S0013,P00079,1,9.93,9.93,True,insurance
T00003638,2023-05-30 04:43:06,C000117,S0015,P00131,1,7.58,7.58,False,card
T00003639,2023-07-07 17:02:44,C000293,S0003,P00170,1,24.18,24.18,False,cash
T00003640,2023-09-01 09:05:44,C000063,S0002,P00114,3,18.32,54.96,False,cash
T00003641,2023-06-25 07:11:03,C000380,S0020,P00034,1,8.32,8.32,False,insurance
T00003642,2023-07-07 07:54:07,C000078,S0018,P00014,1,3.72,3.72,False,cash
T00003643,2023-12-02 11:50:24,C000088,S0009,P00028,1,10.18,10.18,True,insurance
T00003644,2023-05-02 21:30:01,C000499,S0020,P00131,1,7.51,7.51,False,card
T00003645,2023-06-29 15:16:25,C000242,S0018,P00139,1,3.73,3.73,False,cash
T00003646,2023-07-22 21:19:03,C000054,S0018,P00019,2,2.93,5.86,False,insurance
T00003647,2023-06-20 11:14:53,C000107,S0016,P00191,1,5.61,5.61,False,mobile
T00003648,2023-12-19 09:29:55,C000237,S0006,P00052,1,2.62,2.62,True,cash
T00003649,2023-12-17 05:46:45,C000269,S0005,P00174,1,5.35,5.35,False,insurance
T00003650,2023-07-06 18:37:30,C000014,S0010,P00114,1,17.57,17.57,False,mobile
T00003651,2023-06-14 00:14:09,C000491,S0007,P00045,5,4.59,22.95,False,card
T00003652,2023-08-03 09:13:56,C000291,S0014,P00103,1,9.67,9.67,False,mobile
T00003653,2023-03-07 20:12:23,C000324,S0004,P00175,1,9.72,9.72,False,card
T00003654,2023-06-05 01:22:10,C000288,S0005,P00100,1,11.51,11.51,False,card
T00003655,2023-03-20 22:58:45,C000061,S0002,P00070,2,2.72,5.44,False,card
T00003656,2023-02-22 10:25:22,C000186,S0017,P00070,5,2.55,12.75,False,insurance
T00003657,2023-02-04 15:33:30,C000488,S0020,P00101,1,8.14,8.14,False,card
T00003658,2023-08-02 16:37:17,C000276,S0001,P00166,3,4.69,14.07,False,cash
T00003659,2023-01-01 04:57:47,C000373,S0004,P00110,1,6.26,6.26,True,cash
T00003660,2023-08-24 04:57:55,C000458,S0008,P00165,1,7.33,7.33,False,cash
T00003661,2023-06-07 05:28:38,C000295,S0018,P00002,1,3.43,3.43,False,card
T00003662,2023-05-14 09:35:35,C000102,S0007,P00035,5,5.36,26.8,False,card
T00003663,2023-10-08 00:06:12,C000150,S0006,P00157,2,29.13,58.26,True,card
T00003664,2023-07-16 02:31:06,C000257,S0019,P00068,10,4.25,42.5,False,insurance
T00003665,2023-09-24 23:33:46,C000478,S0002,P00131,4,7.22,28.88,False,mobile
T00003666,2023-09-16 05:58:06,C000001,S0016,P00028,3,11.08,33.24,False,card
T00003667,2023-01-12 16:51:15,C000228,S0018,P00065,1,1.84,1.84,False,card
T00003668,2023-03-20 10:32:27,C000412,S0017,P00146,2,9.24,18.48,False,mobile
T00003669,2023-07-27 11:22:14,C000035,S0019,P00096,3,6.45,19.35,False,insurance
T00003670,2023-12-22 02:22:14,C000153,S0009,P00016,4,6.49,25.96,False,card
T00003671,2023-02-26 03:49:02,C000221,S0012,P00200,1,7.66,7.66,False,insurance
T00003672,2023-02-08 10:09:20,C000450,S0002,P00154,1,17.65,17.65,True,insurance
T00003673,2023-12-09 13:14:33,C000030,S0019,P00031,1,2.37,2.37,False,insurance
T00003674,2023-12-18 21:58:55,C000108,S0012,P00192,1,13.84,13.84,False,insurance
T00003675,2023-03-02 22:06:02,C000014,S0017,P00179,1,1.99,1.99,False,insurance
T00003676,2023-05-27 05:19:12,C000410,S0017,P00085,1,20.94,20.94,True,insurance
T00003677,2023-08-17 02:19:13,C000137,S0004,P00162,1,2.91,2.91,False,mobile
T00003678,2023-03-13 01:30:38,C000066,S0001,P00159,1,5.98,5.98,False,card
T00003679,2023-04-29 18:01:06,C000112,S0008,P00093,1,5.51,5.51,False,card
T00003680,2023-05-24 21:14:31,C000138,S0001,P00052,1,3.16,3.16,False,insurance
T00003681,2023-08-22 12:40:47,C000335,S0019,P00039,10,4.08,40.8,False,mobile
T00003682,2023-04-23 03:14:59,C000024,S0007,P00139,2,3.82,7.64,False,insurance
T00003683,2023-05-31 01:29:28,C000023,S0007,P00054,1,3.01,3.01,True,insurance
T00003684,2023-04-16 09:47:53,C000279,S0008,P00067,1,7.73,7.73,False,card
T00003685,2023-10-04 12:14:30,C000416,S0012,P00184,1,4.26,4.26,True,insurance
T00003686,2023-02-25 16:54:47,C000314,S0004,P00168,5,18.05,90.25,False,insurance
T00003687,2023-03-25 23:12:46,C000410,S0001,P00186,1,17.53,17.53,False,mobile
T00003688,2023-04-01 23:54:31,C000303,S0013,P00109,1,1.37,1.37,False,mobile
T00003689,2023-11-26 16:59:52,C000409,S0001,P00043,1,13.94,13.94,False,cash
T00003690,2023-12-10 18:56:43,C000260,S0001,P00058,1,16.73,16.73,False,cash
T00003691,2023-07-02 01:49:53,C000377,S0019,P00016,2,6.15,12.3,False,cash
T00003692,2023-02-26 22:18:47,C000119,S0006,P00156,3,2.43,7.29,False,card
T00003693,2023-10-03 05:13:47,C000408,S0002,P00033,5,7.23,36.15,False,insurance
T00003694,2023-06-29 02:54:16,C000211,S0005,P00158,1,5.88,5.88,False,mobile
T00003695,2023-11-06 07:14:35,C000456,S0001,P00087,3,31.1,93.3,False,insurance
T00003696,2023-05-12 00:54:43,C000301,S0018,P00083,2,18.73,37.46,False,mobile
T00003697,2023-12-30 13:46:01,C000454,S0014,P00180,2,10.28,20.56,False,insurance
T00003698,2023-10-21 17:58:54,C000191,S0008,P00139,3,3.84,11.52,False,card
T00003699,2023-03-23 12:23:21,C000107,S0004,P00199,2,10.1,20.2,False,cash
T00003700,2023-09-22 02:22:05,C000447,S0014,P00101,1,8.24,8.24,False,mobile
T00003701,2023-04-15 10:17:31,C000392,S0005,P00192,1,14.42,14.42,False,cash
T00003702,2023-05-08 07:46:58,C000419,S0017,P00063,1,11.41,11.41,False,card
T00003703,2023-04-02 03:47:00,C000287,S0013,P00132,2,8.43,16.86,False,insurance
T00003704,2023-09-06 07:52:16,C000001,S0003,P00170,1,25.88,25.88,False,card
T00003705,2023-04-06 16:26:38,C000225,S0002,P00038,1,21.39,21.39,False,card
T00003706,2023-08-21 12:32:57,C000307,S0001,P00119,3,4.68,14.04,True,insurance
T00003707,2023-08-01 00:14:14,C000096,S0001,P00186,1,16.54,16.54,False,cash
T00003708,2023-10-01 06:58:47,C000026,S0007,P00109,1,1.37,1.37,False,card
T00003709,2023-12-28 15:24:46,C000041,S0020,P00187,4,1.39,5.56,False,card
T00003710,2023-01-04 05:03:15,C000269,S0003,P00090,3,7.62,22.86,False,mobile
T00003711,2023-12-27 11:04:10,C000030,S0001,P00069,1,6.08,6.08,False,insurance
T00003712,2023-02-09 19:18:43,C000084,S0014,P00144,1,15.98,15.98,False,insurance
T00003713,2023-07-11 17:53:27,C000363,S0008,P00036,1,28.7,28.7,False,cash
T00003714,2023-05-05 02:00:48,C000488,S0019,P00080,1,13.79,13.79,True,card
T00003715,2023-08-21 14:32:30,C000125,S0019,P00055,1,2.19,2.19,False,card
T00003716,2023-09-20 17:05:30,C000245,S0018,P00173,3,18.54,55.62,False,insurance
T00003717,2023-11-10 00:42:10,C000202,S0009,P00088,1,4.19,4.19,False,cash
T00003718,2023-05-27 07:41:38,C000183,S0009,P00114,3,16.63,49.89,False,insurance
T00003719,2023-12-06 14:06:25,C000097,S0015,P00070,2,1.9,3.8,True,insurance
T00003720,2023-04-28 08:47:41,C000432,S0009,P00184,1,5.8,5.8,False,mobile
T00003721,2023-03-16 04:55:35,C000300,S0015,P00054,1,3.88,3.88,False,card
T00003722,2023-05-19 00:05:52,C000298,S0011,P00082,1,7.57,7.57,False,card
T00003723,2023-07-12 09:20:26,C000370,S0005,P00139,1,4.1,4.1,False,card
T00003724,2023-09-01 05:02:39,C000167,S0001,P00095,1,3.3,3.3,False,cash
T00003725,2023-10-31 03:39:53,C000329,S0002,P00151,2,52.74,105.48,False,card
T00003726,2023-03-23 20:21:06,C000491,S0009,P00134,1,3.82,3.82,False,cash
T00003727,2023-04-21 08:46:24,C000471,S0012,P00089,1,3.03,3.03,False,card
T00003728,2023-12-08 16:18:07,C000362,S0015,P00128,3,5.75,17.25,False,insurance
T00003729,2023-06-10 02:10:18,C000218,S0009,P00185,1,16.51,16.51,False,cash
T00003730,2023-03-29 22:21:47,C000408,S0016,P00087,3,31.55,94.65,False,card
T00003731,2023-12-25 18:23:10,C000005,S0016,P00133,1,5.31,5.31,True,insurance
T00003732,2023-06-13 10:12:49,C000023,S0018,P00085,1,16.09,16.09,True,mobile
T00003733,2023-12-25 13:22:05,C000178,S0017,P00192,1,10.55,10.55,True,insurance
T00003734,2023-12-01 15:08:37,C000092,S0005,P00051,2,5.29,10.58,False,cash
T00003735,2023-11-26 19:44:57,C000317,S0013,P00083,1,14.89,14.89,True,cash
T00003736,2023-07-31 18:56:29,C000378,S0009,P00131,1,7.6,7.6,False,cash
T00003737,2023-10-18 15:14:41,C000057,S0010,P00182,2,11.02,22.04,True,insurance
T00003738,2023-12-16 15:24:41,C000058,S0007,P00092,1,11.44,11.44,False,mobile
T00003739,2023-04-08 23:07:26,C000117,S0015,P00101,1,8.48,8.48,False,insurance
T00003740,2023-01-14 17:46:02,C000475,S0014,P00082,1,6.58,6.58,False,insurance
T00003741,2023-04-27 18:56:46,C000143,S0017,P00141,1,3.03,3.03,False,mobile
T00003742,2023-08-20 19:56:40,C000294,S0008,P00123,1,1.47,1.47,False,card
T00003743,2023-07-19 05:03:46,C000233,S0002,P00043,1,14.04,14.04,False,insurance
T00003744,2023-01-30 07:59:15,C000004,S0012,P00170,2,22.95,45.9,False,cash
T00003745,2023-07-24 02:57:04,C000336,S0003,P00001,1,8.53,8.53,False,mobile
T00003746,2023-03-05 11:32:45,C000345,S0002,P00025,1,7.94,7.94,False,cash
T00003747,2023-07-04 00:04:21,C000378,S0019,P00030,4,14.7,58.8,False,insurance
T00003748,2023-07-29 13:19:09,C000355,S0007,P00028,1,10.98,10.98,False,card
T00003749,2023-08-20 17:57:06,C000154,S0001,P00070,2,1.73,3.46,True,mobile
T00003750,2023-05-31 04:04:44,C000498,S0009,P00057,1,14.32,14.32,False,card
T00003751,2023-05-29 15:06:36,C000106,S0019,P00200,10,7.78,77.8,False,insurance
T00003752,2023-09-05 00:00:58,C000013,S0007,P00008,3,35.57,106.71,False,card
T00003753,2023-09-30 16:47:08,C000371,S0018,P00018,4,3.62,14.48,True,cash
T00003754,2023-10-22 00:25:24,C000226,S0019,P00200,2,7.59,15.18,False,cash
T00003755,2023-05-02 09:53:32,C000466,S0019,P00182,4,16.22,64.88,False,mobile
T00003756,2023-06-04 08:43:49,C000426,S0007,P00128,2,5.23,10.46,False,card
T00003757,2023-05-01 08:47:39,C000245,S0018,P00170,2,27.62,55.24,False,insurance
T00003758,2023-07-12 00:37:25,C000398,S0013,P00092,1,11.8,11.8,False,cash
T00003759,2023-02-16 07:26:45,C000111,S0018,P00023,3,45.79,137.37,False,insurance
T00003760,2023-06-06 13:16:43,C000322,S0004,P00030,1,14.98,14.98,False,cash
T00003761,2023-03-10 16:35:23,C000365,S0018,P00010,5,4.87,24.35,False,mobile
T00003762,2023-07-13 19:06:32,C000384,S0016,P00119,4,6.91,27.64,False,card
T00003763,2023-11-06 14:09:02,C000121,S0017,P00074,1,3.32,3.32,False,cash
T00003764,2023-12-25 16:24:56,C000149,S0009,P00110,1,5.64,5.64,True,mobile
T00003765,2023-06-12 10:43:21,C000433,S0006,P00115,4,2.69,10.76,False,insurance
T00003766,2023-01-21 12:05:54,C000276,S0015,P00032,1,13.38,13.38,False,insurance
T00003767,2023-03-24 22:39:10,C000449,S0016,P00086,1,1.89,1.89,False,insurance
T00003768,2023-02-08 03:41:50,C000438,S0016,P00046,3,4.8,14.4,False,card
T00003769,2023-10-04 09:36:14,C000031,S0001,P00100,1,12.1,12.1,False,card
T00003770,2023-12-25 10:06:06,C000153,S0005,P00044,4,44.88,179.52,False,cash
T00003771,2023-07-21 15:34:45,C000063,S0005,P00199,3,7.89,23.67,True,card
T00003772,2023-03-06 08:56:47,C000046,S0002,P00005,1,14.51,14.51,False,mobile
T00003773,2023-01-08 16:49:08,C000341,S0017,P00159,2,6.17,12.34,False,mobile
T00003774,2023-12-22 07:07:57,C000068,S0005,P00058,2,15.91,31.82,False,mobile
T00003775,2023-04-26 03:44:01,C000444,S0001,P00178,3,4.3,12.9,False,cash
T00003776,2023-02-10 18:31:35,C000248,S0011,P00145,4,21.14,84.56,False,insurance
T00003777,2023-03-06 10:17:03,C000260,S0006,P00047,2,3.22,6.44,True,card
T00003778,2023-04-03 21:54:23,C000466,S0006,P00088,1,4.5,4.5,False,cash
T00003779,2023-08-27 17:42:19,C000378,S0010,P00147,1,7.31,7.31,False,insurance
T00003780,2023-11-21 14:37:09,C000078,S0019,P00127,1,30.67,30.67,False,insurance
T00003781,2023-04-11 02:40:16,C000207,S0017,P00018,1,4.32,4.32,False,insurance
T00003782,2023-09-08 03:44:14,C000288,S0011,P00110,1,7.73,7.73,False,card
T00003783,2023-01-24 15:22:30,C000259,S0003,P00173,1,18.11,18.11,False,mobile
T00003784,2023-01-04 16:15:35,C000011,S0015,P00098,1,4.41,4.41,True,mobile
T00003785,2023-01-20 23:54:43,C000168,S0001,P00018,1,4.84,4.84,False,card
T00003786,2023-12-03 00:27:01,C000012,S0015,P00189,1,8.38,8.38,False,cash
T00003787,2023-07-31 17:58:11,C000184,S0020,P00100,1,11.12,11.12,False,card
T00003788,2023-10-21 01:57:48,C000414,S0001,P00057,1,13.81,13.81,False,insurance
T00003789,2023-01-08 21:46:34,C000115,S0005,P00179,1,2.22,2.22,False,cash
T00003790,2023-01-09 02:13:47,C000287,S0004,P00035,1,5.51,5.51,False,card
T00003791,2023-11-05 23:02:53,C000266,S0006,P00086,1,1.92,1.92,False,insurance
T00003792,2023-02-07 08:24:26,C000463,S0015,P00117,2,11.93,23.86,False,mobile
T00003793,2023-02-26 13:32:57,C000168,S0013,P00103,2,9.54,19.08,False,card
T00003794,2023-07-08 21:30:15,C000299,S0015,P00110,2,7.41,14.82,False,card
T00003795,2023-08-09 18:57:49,C000228,S0018,P00078,1,4.33,4.33,True,insurance
T00003796,2023-03-25 07:32:24,C000238,S0017,P00040,1,26.35,26.35,False,mobile
T00003797,2023-06-11 20:47:41,C000387,S0020,P00021,4,6.82,27.28,False,insurance
T00003798,2023-09-03 15:40:33,C000343,S0003,P00005,1,15.27,15.27,False,card
T00003799,2023-06-11 04:45:03,C000229,S0006,P00094,1,9.34,9.34,False,card
T00003800,2023-05-20 06:51:33,C000499,S0007,P00145,1,20.04,20.04,False,cash
T00003801,2023-01-27 03:13:11,C000171,S0010,P00163,1,30.49,30.49,False,mobile
T00003802,2023-06-14 11:34:56,C000324,S0008,P00108,2,2.6,5.2,False,cash
T00003803,2023-10-20 04:50:37,C000328,S0017,P00035,4,5.41,21.64,False,insurance
T00003804,2023-08-17 03:21:52,C000071,S0005,P00028,1,10.94,10.94,False,card
T00003805,2023-11-22 01:42:24,C000065,S0006,P00138,10,1.35,13.5,False,insurance
T00003806,2023-02-15 22:13:59,C000131,S0005,P00113,4,4.03,16.12,True,card
T00003807,2023-01-05 00:14:29,C000160,S0015,P00177,1,12.37,12.37,False,card
T00003808,2023-07-19 12:43:00,C000449,S0005,P00111,1,6.46,6.46,False,card
T00003809,2023-03-07 00:17:10,C000296,S0013,P00059,3,4.49,13.47,False,cash
T00003810,2023-08-05 05:06:30,C000080,S0007,P00060,1,9.96,9.96,False,card
T00003811,2023-11-26 00:30:26,C000335,S0020,P00046,1,4.83,4.83,False,insurance
T00003812,2023-05-03 17:13:49,C000311,S0011,P00150,2,19.44,38.88,False,card
T00003813,2023-07-20 00:22:34,C000118,S0005,P00069,1,5.91,5.91,False,insurance
T00003814,2023-09-06 03:17:38,C000047,S0014,P00023,5,43.76,218.8,False,insurance
T00003815,2023-02-24 14:44:44,C000077,S0020,P00163,4,32.17,128.68,False,insurance
T00003816,2023-11-23 15:28:13,C000347,S0010,P00137,3,7.58,22.74,False,mobile
T00003817,2023-03-15 19:34:38,C000473,S0019,P00127,3,29.27,87.81,False,card
T00003818,2023-10-22 05:05:02,C000083,S0010,P00027,2,6.62,13.24,False,insurance
T00003819,2023-08-29 05:38:24,C000160,S0008,P00183,1,6.04,6.04,True,cash
T00003820,2023-02-21 07:28:14,C000345,S0007,P00108,5,2.79,13.95,False,mobile
T00003821,2023-09-21 19:59:59,C000253,S0014,P00043,1,13.97,13.97,False,card
T00003822,2023-03-13 12:23:54,C000189,S0006,P00117,2,13.22,26.44,False,insurance
T00003823,2023-08-07 04:35:33,C000441,S0011,P00196,3,6.42,19.26,False,mobile
T00003824,2023-12-16 07:46:47,C000483,S0019,P00105,2,3.78,7.56,False,card
T00003825,2023-12-13 22:42:16,C000267,S0002,P00134,1,3.86,3.86,False,card
T00003826,2023-11-14 03:08:25,C000114,S0008,P00171,4,17.63,70.52,False,cash
T00003827,2023-06-29 20:08:23,C000122,S0016,P00194,3,3.51,10.53,False,cash
T00003828,2023-07-23 16:07:17,C000053,S0019,P00173,2,17.16,34.32,False,card
T00003829,2023-04-20 07:10:31,C000403,S0004,P00140,3,10.34,31.02,False,insurance
T00003830,2023-12-02 05:29:31,C000214,S0010,P00003,1,5.17,5.17,False,card
T00003831,2023-06-23 17:06:24,C000415,S0011,P00126,1,7.24,7.24,False,cash
T00003832,2023-10-08 20:55:34,C000210,S0012,P00050,1,15.52,15.52,False,insurance
T00003833,2023-05-11 22:02:41,C000005,S0017,P00017,5,34.32,171.6,False,cash
T00003834,2023-09-27 12:20:43,C000014,S0007,P00173,1,15.45,15.45,True,insurance
T00003835,2023-03-23 16:29:50,C000260,S0016,P00117,1,11.34,11.34,False,insurance
T00003836,2023-09-25 02:26:17,C000111,S0009,P00103,2,9.9,19.8,False,cash
T00003837,2023-01-17 17:32:05,C000305,S0012,P00071,3,5.78,17.34,False,insurance
T00003838,2023-02-08 03:41:51,C000065,S0003,P00075,1,7.31,7.31,False,card
T00003839,2023-05-09 04:55:42,C000340,S0014,P00146,1,8.78,8.78,False,insurance
T00003840,2023-06-25 11:03:50,C000426,S0008,P00060,1,8.41,8.41,False,cash
T00003841,2023-09-16 22:52:20,C000253,S0010,P00061,3,6.95,20.85,False,insurance
T00003842,2023-05-11 16:40:51,C000200,S0012,P00047,10,4.39,43.9,False,insurance
T00003843,2023-01-07 17:04:21,C000283,S0002,P00174,5,5.29,26.45,False,cash
T00003844,2023-04-29 10:38:23,C000272,S0017,P00131,2,5.38,10.76,True,insurance
T00003845,2023-06-09 20:39:49,C000462,S0002,P00089,10,3.15,31.5,False,card
T00003846,2023-07-17 21:56:14,C000204,S0004,P00161,1,9.42,9.42,True,mobile
T00003847,2023-08-23 10:03:58,C000008,S0017,P00070,1,2.44,2.44,False,cash
T00003848,2023-04-01 03:35:05,C000024,S0001,P00065,3,1.8,5.4,False,card
T00003849,2023-08-11 04:29:25,C000132,S0005,P00136,1,4.73,4.73,False,insurance
T00003850,2023-08-18 21:32:55,C000090,S0002,P00139,3,3.21,9.63,False,card
T00003851,2023-10-10 16:48:03,C000054,S0009,P00033,10,4.54,45.4,True,card
T00003852,2023-07-10 00:37:41,C000155,S0002,P00123,1,1.4,1.4,False,cash
T00003853,2023-10-23 00:42:01,C000131,S0018,P00051,1,5.36,5.36,False,insurance
T00003854,2023-03-22 15:55:49,C000295,S0014,P00166,1,3.36,3.36,True,card
T00003855,2023-09-17 01:27:44,C000071,S0006,P00019,1,2.97,2.97,False,cash
T00003856,2023-01-17 16:29:49,C000113,S0001,P00107,1,0.64,0.64,False,card
T00003857,2023-02-07 10:02:26,C000057,S0003,P00188,2,1.8,3.6,True,mobile
T00003858,2023-11-11 18:12:03,C000013,S0019,P00022,1,4.84,4.84,True,card
T00003859,2023-06-22 21:47:46,C000170,S0019,P00168,2,17.01,34.02,False,cash
T00003860,2023-08-14 23:42:31,C000468,S0010,P00089,10,2.83,28.3,False,cash
T00003861,2023-08-08 15:21:16,C000435,S0002,P00129,2,17.58,35.16,True,mobile
T00003862,2023-09-10 22:18:48,C000096,S0001,P00142,2,9.74,19.48,False,card
T00003863,2023-03-31 09:15:53,C000096,S0017,P00156,1,2.58,2.58,False,cash
T00003864,2023-03-06 21:17:16,C000360,S0018,P00108,1,2.73,2.73,False,cash
T00003865,2023-01-16 11:43:57,C000382,S0001,P00109,1,1.35,1.35,False,mobile
T00003866,2023-11-11 18:36:47,C000258,S0016,P00193,1,37.13,37.13,False,insurance
T00003867,2023-03-23 09:17:06,C000176,S0010,P00152,10,1.99,19.9,True,mobile
T00003868,2023-07-29 08:41:00,C000422,S0002,P00129,1,23.25,23.25,False,mobile
T00003869,2023-06-15 13:57:27,C000258,S0006,P00046,4,4.58,18.32,False,card
T00003870,2023-03-01 02:20:51,C000213,S0015,P00175,2,9.83,19.66,False,cash
T00003871,2023-05-31 16:05:43,C000297,S0013,P00165,1,7.41,7.41,False,card
T00003872,2023-01-31 06:51:08,C000378,S0002,P00039,1,2.97,2.97,True,card
T00003873,2023-03-06 07:21:46,C000283,S0015,P00068,5,4.3,21.5,False,card
T00003874,2023-02-20 20:21:59,C000435,S0010,P00032,3,15.85,47.55,False,mobile
T00003875,2023-10-28 02:05:39,C000341,S0010,P00019,1,2.74,2.74,True,cash
T00003876,2023-07-26 12:57:47,C000326,S0006,P00031,1,2.56,2.56,False,mobile
T00003877,2023-12-03 22:47:56,C000398,S0003,P00079,1,13.3,13.3,False,card
T00003878,2023-06-08 16:46:13,C000321,S0009,P00170,1,24.04,24.04,False,cash
T00003879,2023-03-15 06:58:44,C000166,S0001,P00077,1,7.52,7.52,False,insurance
T00003880,2023-08-10 12:36:37,C000309,S0002,P00187,1,1.45,1.45,False,card
T00003881,2023-12-05 08:44:57,C000343,S0010,P00024,1,5.56,5.56,False,cash
T00003882,2023-07-13 20:43:52,C000235,S0010,P00034,2,8.67,17.34,False,mobile
T00003883,2023-01-07 12:02:00,C000068,S0013,P00188,2,2.16,4.32,False,card
T00003884,2023-04-21 12:27:16,C000135,S0010,P00108,1,2.96,2.96,False,card
T00003885,2023-12-03 16:28:20,C000431,S0018,P00182,1,16.05,16.05,False,card
T00003886,2023-07-08 16:17:54,C000120,S0004,P00157,1,40.19,40.19,False,insurance
T00003887,2023-12-13 12:03:00,C000109,S0012,P00037,1,1.45,1.45,False,card
T00003888,2023-07-05 08:59:26,C000289,S0020,P00144,1,12.28,12.28,True,cash
T00003889,2023-01-05 09:17:06,C000188,S0014,P00029,2,10.64,21.28,False,insurance
T00003890,2023-11-14 18:58:42,C000407,S0013,P00100,1,8.83,8.83,True,mobile
T00003891,2023-10-05 17:44:12,C000211,S0004,P00149,1,7.74,7.74,False,mobile
T00003892,2023-09-18 08:24:29,C000326,S0001,P00131,3,5.66,16.98,True,mobile
T00003893,2023-12-20 03:40:52,C000444,S0005,P00032,2,11.52,23.04,True,card
T00003894,2023-03-13 09:57:05,C000017,S0016,P00052,1,3.12,3.12,False,cash
T00003895,2023-11-26 17:57:43,C000237,S0008,P00050,3,17.67,53.01,False,cash
T00003896,2023-03-26 16:11:57,C000035,S0011,P00048,3,16.24,48.72,False,mobile
T00003897,2023-12-20 08:07:27,C000246,S0006,P00029,1,10.16,10.16,False,insurance
T00003898,2023-03-11 16:20:26,C000476,S0016,P00066,1,5.29,5.29,True,mobile
T00003899,2023-07-20 07:37:34,C000100,S0008,P00171,1,16.69,16.69,False,cash
T00003900,2023-10-15 07:42:36,C000435,S0020,P00060,3,9.69,29.07,False,card
T00003901,2023-01-29 10:46:19,C000307,S0019,P00097,2,8.03,16.06,False,insurance
T00003902,2023-01-25 06:44:16,C000062,S0011,P00199,4,10.62,42.48,False,insurance
T00003903,2023-11-06 07:45:31,C000251,S0015,P00105,2,4.5,9.0,False,card
T00003904,2023-01-22 23:53:16,C000407,S0006,P00189,1,9.03,9.03,False,card
T00003905,2023-08-12 10:24:13,C000130,S0003,P00167,3,8.23,24.69,False,card
T00003906,2023-12-08 12:17:25,C000306,S0003,P00132,2,7.63,15.26,False,mobile
T00003907,2023-08-12 18:20:25,C000232,S0004,P00143,5,3.65,18.25,True,card
T00003908,2023-06-25 02:01:18,C000086,S0010,P00169,2,59.03,118.06,False,insurance
T00003909,2023-06-01 21:07:39,C000094,S0007,P00104,1,19.76,19.76,False,card
T00003910,2023-08-21 06:59:50,C000409,S0010,P00051,1,5.9,5.9,False,mobile
T00003911,2023-07-28 03:36:41,C000432,S0004,P00052,1,3.06,3.06,False,mobile
T00003912,2023-07-02 15:26:12,C000261,S0004,P00175,3,9.27,27.81,False,insurance
T00003913,2023-02-25 21:40:22,C000360,S0004,P00050,1,15.94,15.94,False,card
T00003914,2023-08-30 05:03:40,C000017,S0012,P00097,1,8.56,8.56,False,cash
T00003915,2023-09-27 06:37:52,C000024,S0001,P00073,1,42.82,42.82,False,insurance
T00003916,2023-09-16 00:33:23,C000476,S0017,P00004,1,4.57,4.57,False,cash
T00003917,2023-01-28 07:21:04,C000421,S0010,P00053,1,3.16,3.16,False,cash
T00003918,2023-09-13 20:22:25,C000465,S0007,P00110,1,8.29,8.29,False,cash
T00003919,2023-09-23 15:21:53,C000185,S0019,P00113,1,5.14,5.14,False,cash
T00003920,2023-03-08 18:18:42,C000419,S0019,P00166,1,3.78,3.78,True,insurance
T00003921,2023-11-06 00:40:32,C000072,S0002,P00173,1,19.0,19.0,False,cash
T00003922,2023-07-10 16:19:01,C000113,S0020,P00011,1,5.95,5.95,False,insurance
T00003923,2023-06-21 23:29:11,C000201,S0018,P00062,1,12.32,12.32,False,card
T00003924,2023-09-21 01:49:09,C000066,S0011,P00155,1,2.98,2.98,False,cash
T00003925,2023-07-05 13:52:41,C000032,S0005,P00091,1,3.29,3.29,False,card
T00003926,2023-07-18 06:53:27,C000033,S0008,P00069,2,6.2,12.4,False,cash
T00003927,2023-04-24 15:30:14,C000286,S0011,P00166,1,4.74,4.74,False,mobile
T00003928,2023-12-04 17:55:46,C000398,S0017,P00112,1,6.79,6.79,False,cash
T00003929,2023-12-19 21:11:25,C000255,S0004,P00006,3,5.32,15.96,False,card
T00003930,2023-02-17 11:26:50,C000285,S0020,P00060,3,9.27,27.81,False,card
T00003931,2023-09-24 20:34:32,C000268,S0002,P00100,2,11.49,22.98,False,mobile
T00003932,2023-01-09 11:51:01,C000394,S0012,P00021,3,8.15,24.45,False,mobile
T00003933,2023-05-15 07:29:02,C000054,S0001,P00163,2,33.26,66.52,False,insurance
T00003934,2023-12-20 01:54:00,C000166,S0016,P00069,4,6.04,24.16,False,card
T00003935,2023-03-05 15:07:02,C000099,S0017,P00128,4,5.07,20.28,False,cash
T00003936,2023-05-18 05:27:48,C000245,S0009,P00032,1,14.28,14.28,False,card
T00003937,2023-03-21 22:14:50,C000035,S0008,P00031,2,2.54,5.08,False,cash
T00003938,2023-09-23 01:43:53,C000444,S0019,P00140,2,11.06,22.12,False,insurance
T00003939,2023-06-18 20:49:30,C000295,S0014,P00127,1,29.93,29.93,False,card
T00003940,2023-08-04 21:28:27,C000478,S0019,P00185,1,14.2,14.2,True,card
T00003941,2023-12-10 02:16:40,C000426,S0017,P00128,3,5.52,16.56,False,cash
T00003942,2023-07-09 15:54:19,C000245,S0003,P00011,5,5.89,29.45,False,insurance
T00003943,2023-09-25 05:30:09,C000178,S0017,P00182,5,10.64,53.2,True,insurance
T00003944,2023-02-05 15:19:35,C000340,S0020,P00015,1,10.5,10.5,False,mobile
T00003945,2023-03-20 08:22:09,C000251,S0018,P00120,2,3.11,6.22,True,card
T00003946,2023-12-11 15:46:05,C000280,S0019,P00191,1,5.85,5.85,False,cash
T00003947,2023-11-09 21:07:34,C000007,S0020,P00174,1,4.73,4.73,True,card
T00003948,2023-08-28 00:43:26,C000292,S0017,P00182,1,11.48,11.48,True,insurance
T00003949,2023-05-18 15:57:35,C000228,S0002,P00028,3,10.0,30.0,True,cash
T00003950,2023-03-14 17:28:50,C000059,S0012,P00159,4,6.04,24.16,False,mobile
T00003951,2023-11-07 00:38:42,C000048,S0016,P00029,1,10.71,10.71,False,insurance
T00003952,2023-10-13 20:25:31,C000330,S0016,P00099,4,29.44,117.76,False,mobile
T00003953,2023-03-29 23:29:15,C000365,S0014,P00002,1,3.53,3.53,False,card
T00003954,2023-08-03 16:46:14,C000124,S0016,P00126,1,6.66,6.66,False,mobile
T00003955,2023-08-14 04:37:09,C000441,S0009,P00010,1,4.71,4.71,True,insurance
T00003956,2023-06-23 19:07:31,C000073,S0003,P00161,1,11.48,11.48,False,mobile
T00003957,2023-12-04 07:23:37,C000050,S0009,P00155,4,3.08,12.32,False,cash
T00003958,2023-02-15 04:08:37,C000320,S0012,P00009,10,19.0,190.0,False,card
T00003959,2023-04-04 20:57:43,C000388,S0001,P00100,1,9.72,9.72,True,cash
T00003960,2023-02-04 14:10:12,C000423,S0017,P00169,10,48.26,482.6,True,mobile
T00003961,2023-09-10 05:24:24,C000163,S0018,P00106,1,6.56,6.56,False,card
T00003962,2023-08-23 10:04:08,C000283,S0015,P00041,1,16.56,16.56,False,insurance
T00003963,2023-12-26 09:09:47,C000452,S0013,P00103,5,9.78,48.9,False,mobile
T00003964,2023-07-17 09:39:34,C000432,S0019,P00142,1,8.06,8.06,True,insurance
T00003965,2023-02-24 19:37:36,C000283,S0004,P00173,1,19.3,19.3,False,card
T00003966,2023-06-14 02:54:06,C000329,S0019,P00171,1,17.37,17.37,False,insurance
T00003967,2023-02-02 04:16:56,C000146,S0010,P00098,1,6.21,6.21,False,insurance
T00003968,2023-09-03 09:46:09,C000221,S0010,P00052,5,2.16,10.8,True,cash
T00003969,2023-11-09 04:26:09,C000471,S0019,P00128,3,4.04,12.12,True,cash
T00003970,2023-05-04 15:55:59,C000204,S0011,P00047,1,4.4,4.4,False,card
T00003971,2023-04-23 21:13:17,C000288,S0010,P00174,1,4.41,4.41,True,insurance
T00003972,2023-01-26 22:23:30,C000246,S0001,P00086,4,1.81,7.24,False,cash
T00003973,2023-06-01 02:46:27,C000045,S0012,P00145,1,19.41,19.41,False,mobile
T00003974,2023-06-23 00:16:12,C000328,S0002,P00118,1,6.06,6.06,False,cash
T00003975,2023-10-02 15:09:50,C000102,S0012,P00103,1,8.92,8.92,False,card
T00003976,2023-10-02 08:56:27,C000202,S0019,P00002,10,3.34,33.4,False,card
T00003977,2023-02-21 01:14:48,C000024,S0004,P00116,2,6.69,13.38,False,cash
T00003978,2023-04-14 18:49:45,C000057,S0017,P00036,3,27.3,81.9,False,card
T00003979,2023-07-06 04:13:09,C000388,S0014,P00022,2,6.23,12.46,False,insurance
T00003980,2023-05-02 22:58:10,C000050,S0002,P00007,3,10.31,30.93,False,cash
T00003981,2023-01-10 07:10:38,C000249,S0005,P00061,1,7.15,7.15,False,card
T00003982,2023-11-04 20:01:48,C000346,S0003,P00129,1,22.75,22.75,False,card
T00003983,2023-09-24 04:23:59,C000405,S0018,P00005,1,14.3,14.3,False,card
T00003984,2023-07-09 07:20:54,C000060,S0004,P00166,1,4.63,4.63,False,mobile
T00003985,2023-04-26 13:35:32,C000313,S0003,P00174,4,5.85,23.4,False,card
T00003986,2023-11-03 18:06:24,C000397,S0016,P00090,3,6.92,20.76,False,card
T00003987,2023-01-13 20:13:00,C000452,S0008,P00107,3,0.45,1.35,True,insurance
T00003988,2023-06-12 11:39:31,C000217,S0005,P00093,3,4.94,14.82,False,mobile
T00003989,2023-10-19 13:11:36,C000064,S0002,P00120,5,3.98,19.9,False,card
T00003990,2023-12-13 21:11:28,C000224,S0008,P00144,1,16.37,16.37,False,insurance
T00003991,2023-04-02 12:23:03,C000441,S0012,P00121,1,5.95,5.95,False,insurance
T00003992,2023-08-25 21:20:30,C000387,S0006,P00182,2,15.8,31.6,False,mobile
T00003993,2023-03-11 01:05:19,C000070,S0014,P00139,2,3.18,6.36,True,mobile
T00003994,2023-02-12 04:29:33,C000290,S0003,P00150,1,17.32,17.32,False,insurance
T00003995,2023-05-09 12:00:13,C000207,S0001,P00071,2,5.95,11.9,False,cash
T00003996,2023-11-19 04:10:21,C000107,S0002,P00156,10,2.54,25.4,False,cash
T00003997,2023-09-08 23:15:32,C000387,S0018,P00147,2,5.87,11.74,True,card
T00003998,2023-06-28 02:13:15,C000044,S0016,P00010,2,5.05,10.1,False,mobile
T00003999,2023-04-13 22:42:06,C000274,S0018,P00109,1,1.42,1.42,False,cash
T00004000,2023-02-21 13:21:29,C000101,S0020,P00004,4,4.82,19.28,False,mobile
T00004001,2023-04-09 13:24:08,C000399,S0005,P00174,2,5.53,11.06,False,mobile
T00004002,2023-02-25 13:54:03,C000488,S0014,P00036,1,27.79,27.79,False,cash
T00004003,2023-03-10 02:22:51,C000436,S0001,P00137,2,5.63,11.26,True,card
T00004004,2023-09-08 06:17:47,C000154,S0011,P00179,3,2.2,6.6,False,mobile
T00004005,2023-02-18 07:15:16,C000430,S0014,P00152,1,2.44,2.44,False,mobile
T00004006,2023-01-18 05:50:46,C000307,S0016,P00111,3,6.18,18.54,False,mobile
T00004007,2023-07-17 09:53:09,C000002,S0003,P00039,1,3.95,3.95,False,insurance
T00004008,2023-04-15 07:40:59,C000376,S0020,P00072,1,7.9,7.9,True,card
T00004009,2023-06-15 12:28:46,C000244,S0018,P00019,4,3.17,12.68,False,cash
T00004010,2023-02-20 21:11:03,C000222,S0012,P00174,1,4.16,4.16,True,card
T00004011,2023-03-18 10:21:58,C000223,S0019,P00086,1,2.01,2.01,False,cash
T00004012,2023-06-10 13:15:09,C000249,S0019,P00117,2,9.38,18.76,True,mobile
T00004013,2023-09-09 04:02:13,C000253,S0007,P00174,1,5.86,5.86,False,card
T00004014,2023-05-31 19:47:40,C000498,S0001,P00155,1,2.88,2.88,False,card
T00004015,2023-07-17 04:25:57,C000351,S0020,P00200,1,5.66,5.66,True,insurance
T00004016,2023-07-09 23:06:45,C000106,S0011,P00053,4,2.94,11.76,False,mobile
T00004017,2023-04-08 20:45:52,C000214,S0007,P00003,1,5.64,5.64,False,mobile
T00004018,2023-04-12 18:54:10,C000174,S0004,P00065,1,1.53,1.53,False,insurance
T00004019,2023-06-04 23:07:30,C000118,S0001,P00092,1,10.58,10.58,False,cash
T00004020,2023-01-12 15:55:58,C000023,S0015,P00124,3,6.78,20.34,False,cash
T00004021,2023-09-07 11:36:40,C000482,S0008,P00123,1,1.5,1.5,False,cash
T00004022,2023-08-12 15:16:37,C000193,S0009,P00123,2,1.47,2.94,False,mobile
T00004023,2023-04-22 10:22:40,C000214,S0016,P00118,5,6.98,34.9,False,card
T00004024,2023-05-17 00:48:02,C000232,S0017,P00146,1,8.87,8.87,False,cash
T00004025,2023-04-30 15:31:50,C000240,S0006,P00122,1,13.93,13.93,False,card
T00004026,2023-08-26 02:03:45,C000046,S0020,P00043,1,13.11,13.11,False,insurance
T00004027,2023-10-04 12:54:56,C000190,S0010,P00005,1,12.74,12.74,False,cash
T00004028,2023-02-09 13:18:52,C000033,S0019,P00049,1,2.48,2.48,False,insurance
T00004029,2023-05-31 10:45:14,C000470,S0012,P00162,1,2.99,2.99,False,insurance
T00004030,2023-01-06 00:21:32,C000287,S0003,P00103,1,10.74,10.74,False,mobile
T00004031,2023-06-14 14:51:19,C000089,S0017,P00134,4,3.93,15.72,False,cash
T00004032,2023-04-01 09:05:55,C000343,S0003,P00177,1,12.07,12.07,False,card
T00004033,2023-05-03 05:34:42,C000396,S0015,P00091,1,3.02,3.02,False,cash
T00004034,2023-06-16 04:23:51,C000403,S0016,P00175,1,9.84,9.84,False,insurance
T00004035,2023-04-28 20:03:04,C000375,S0007,P00012,1,10.94,10.94,False,mobile
T00004036,2023-05-24 10:36:46,C000059,S0018,P00105,1,4.11,4.11,False,card
T00004037,2023-10-06 09:02:13,C000018,S0016,P00121,4,5.13,20.52,False,mobile
T00004038,2023-10-22 22:48:12,C000406,S0010,P00194,1,3.06,3.06,False,card
T00004039,2023-01-03 03:13:15,C000475,S0003,P00070,10,2.32,23.2,False,card
T00004040,2023-05-18 12:47:23,C000398,S0005,P00108,4,2.63,10.52,False,card
T00004041,2023-11-05 06:23:54,C000149,S0010,P00022,1,6.22,6.22,False,mobile
T00004042,2023-07-13 01:56:03,C000037,S0002,P00132,1,7.98,7.98,False,mobile
T00004043,2023-03-16 17:19:49,C000143,S0002,P00049,1,2.66,2.66,False,cash
T00004044,2023-08-05 00:57:08,C000398,S0001,P00064,3,7.49,22.47,False,card
T00004045,2023-02-22 18:05:56,C000244,S0014,P00046,1,4.95,4.95,False,card
T00004046,2023-01-08 22:43:08,C000431,S0016,P00168,5,17.98,89.9,False,cash
T00004047,2023-08-19 04:52:12,C000206,S0019,P00004,2,4.83,9.66,False,mobile
T00004048,2023-07-07 12:12:19,C000176,S0011,P00072,1,10.22,10.22,False,mobile
T00004049,2023-10-03 08:47:50,C000226,S0017,P00079,1,13.28,13.28,False,insurance
T00004050,2023-05-06 12:26:45,C000007,S0012,P00077,4,6.63,26.52,False,mobile
T00004051,2023-11-07 23:01:05,C000423,S0003,P00043,1,14.62,14.62,False,cash
T00004052,2023-06-03 08:18:11,C000311,S0002,P00166,1,5.08,5.08,False,cash
T00004053,2023-09-26 15:20:20,C000187,S0017,P00102,1,1.7,1.7,False,card
T00004054,2023-02-06 12:06:38,C000141,S0013,P00165,1,7.02,7.02,False,mobile
T00004055,2023-02-05 08:43:19,C000174,S0011,P00193,4,37.02,148.08,False,cash
T00004056,2023-10-12 22:43:14,C000221,S0020,P00194,1,3.44,3.44,False,cash
T00004057,2023-10-31 13:42:08,C000473,S0008,P00034,1,8.65,8.65,False,insurance
T00004058,2023-12-10 00:50:37,C000324,S0015,P00134,1,3.91,3.91,False,mobile
T00004059,2023-04-29 03:54:01,C000174,S0015,P00116,2,7.57,15.14,False,card
T00004060,2023-01-09 02:32:25,C000484,S0014,P00020,4,3.47,13.88,False,card
T00004061,2023-12-23 16:26:47,C000360,S0016,P00109,1,1.31,1.31,False,card
T00004062,2023-08-07 21:35:33,C000270,S0001,P00033,5,6.65,33.25,False,insurance
T00004063,2023-03-31 22:51:15,C000403,S0015,P00056,1,10.64,10.64,False,card
T00004064,2023-10-06 00:56:31,C000233,S0017,P00147,1,7.26,7.26,False,insurance
T00004065,2023-11-26 00:26:04,C000044,S0009,P00090,2,7.08,14.16,False,insurance
T00004066,2023-04-14 16:04:45,C000031,S0010,P00126,2,5.34,10.68,True,insurance
T00004067,2023-10-08 03:49:30,C000395,S0007,P00134,1,3.95,3.95,False,card
T00004068,2023-10-14 16:05:08,C000342,S0008,P00077,1,7.19,7.19,False,insurance
T00004069,2023-07-02 14:42:42,C000260,S0013,P00120,2,3.78,7.56,False,card
T00004070,2023-08-19 04:15:14,C000489,S0001,P00137,2,7.79,15.58,False,cash
T00004071,2023-04-09 02:31:32,C000188,S0013,P00163,2,28.52,57.04,False,card
T00004072,2023-12-05 05:09:54,C000311,S0002,P00066,1,6.06,6.06,False,card
T00004073,2023-12-24 20:23:42,C000034,S0001,P00035,1,4.02,4.02,True,insurance
T00004074,2023-12-24 02:03:29,C000451,S0005,P00124,5,6.49,32.45,False,insurance
T00004075,2023-09-26 07:31:27,C000220,S0002,P00085,5,19.02,95.1,True,cash
T00004076,2023-01-16 09:56:08,C000476,S0011,P00004,1,4.86,4.86,False,insurance
T00004077,2023-05-14 09:21:08,C000267,S0010,P00045,2,4.95,9.9,False,cash
T00004078,2023-06-11 22:58:35,C000436,S0017,P00140,1,10.41,10.41,False,cash
T00004079,2023-12-16 09:10:58,C000189,S0006,P00020,1,2.46,2.46,True,mobile
T00004080,2023-07-19 02:29:07,C000358,S0020,P00086,1,1.41,1.41,True,cash
T00004081,2023-07-15 03:58:19,C000171,S0012,P00072,1,11.19,11.19,False,cash
T00004082,2023-02-23 09:56:56,C000159,S0008,P00006,2,5.09,10.18,False,mobile
T00004083,2023-10-16 21:56:32,C000315,S0016,P00076,3,3.49,10.47,False,cash
T00004084,2023-05-03 09:47:35,C000438,S0008,P00175,1,9.97,9.97,False,insurance
T00004085,2023-02-03 10:35:37,C000246,S0015,P00157,4,39.29,157.16,False,insurance
T00004086,2023-12-26 12:05:18,C000331,S0012,P00151,1,53.48,53.48,False,mobile
T00004087,2023-03-11 04:27:34,C000054,S0001,P00077,4,6.52,26.08,False,card
T00004088,2023-01-06 21:47:21,C000409,S0015,P00190,2,6.53,13.06,False,mobile
T00004089,2023-01-29 07:59:16,C000233,S0006,P00141,2,2.84,5.68,False,cash
T00004090,2023-06-14 17:06:33,C000229,S0009,P00127,5,19.89,99.45,True,cash
T00004091,2023-02-07 10:58:05,C000467,S0010,P00153,1,3.32,3.32,False,cash
T00004092,2023-11-03 17:25:51,C000427,S0018,P00006,4,5.29,21.16,False,insurance
T00004093,2023-07-06 12:44:44,C000489,S0020,P00147,4,5.99,23.96,True,cash
T00004094,2023-04-28 21:36:05,C000140,S0002,P00175,1,10.01,10.01,False,insurance
T00004095,2023-01-02 03:31:01,C000488,S0006,P00148,1,6.34,6.34,True,card
T00004096,2023-06-24 15:31:11,C000333,S0002,P00093,1,5.23,5.23,False,insurance
T00004097,2023-02-25 01:47:32,C000420,S0011,P00070,1,2.82,2.82,False,cash
T00004098,2023-12-23 00:12:28,C000306,S0007,P00096,1,6.28,6.28,False,cash
T00004099,2023-04-16 22:56:52,C000244,S0004,P00109,1,1.38,1.38,False,mobile
T00004100,2023-06-22 20:31:27,C000243,S0017,P00172,1,7.56,7.56,False,mobile
T00004101,2023-01-07 18:40:31,C000161,S0001,P00173,1,13.73,13.73,True,cash
T00004102,2023-02-17 15:43:43,C000112,S0020,P00138,1,1.25,1.25,False,card
T00004103,2023-03-17 12:36:06,C000129,S0004,P00015,1,10.25,10.25,False,mobile
T00004104,2023-01-19 19:50:20,C000131,S0002,P00198,2,2.53,5.06,False,insurance
T00004105,2023-09-22 06:16:51,C000064,S0014,P00088,1,4.27,4.27,False,mobile
T00004106,2023-12-11 03:09:33,C000169,S0010,P00068,1,4.1,4.1,False,mobile
T00004107,2023-12-25 16:03:54,C000266,S0016,P00115,1,2.65,2.65,False,cash
T00004108,2023-04-07 18:06:39,C000226,S0002,P00060,1,8.77,8.77,False,insurance
T00004109,2023-10-15 02:29:16,C000396,S0005,P00199,1,10.83,10.83,False,mobile
T00004110,2023-07-03 11:30:08,C000022,S0014,P00093,1,5.03,5.03,False,cash
T00004111,2023-01-17 16:36:36,C000432,S0010,P00087,1,30.91,30.91,False,card
T00004112,2023-02-03 00:22:14,C000424,S0001,P00068,1,4.3,4.3,False,card
T00004113,2023-07-19 09:27:50,C000142,S0001,P00079,1,16.76,16.76,False,insurance
T00004114,2023-06-04 05:03:04,C000108,S0004,P00076,1,3.14,3.14,False,insurance
T00004115,2023-01-04 01:13:18,C000025,S0003,P00168,1,16.48,16.48,False,cash
T00004116,2023-12-05 13:24:07,C000313,S0011,P00013,1,1.93,1.93,False,mobile
T00004117,2023-09-23 20:13:24,C000013,S0007,P00054,1,3.14,3.14,True,card
T00004118,2023-07-02 21:04:48,C000095,S0007,P00090,5,7.04,35.2,False,insurance
T00004119,2023-12-26 06:22:46,C000443,S0001,P00096,1,6.21,6.21,False,insurance
T00004120,2023-12-20 11:50:13,C000125,S0009,P00138,2,1.21,2.42,False,insurance
T00004121,2023-12-21 12:26:33,C000037,S0008,P00168,3,17.25,51.75,False,mobile
T00004122,2023-04-05 05:11:17,C000225,S0004,P00028,1,8.42,8.42,True,insurance
T00004123,2023-11-17 15:27:48,C000073,S0011,P00111,1,6.86,6.86,False,insurance
T00004124,2023-07-03 15:42:26,C000071,S0017,P00101,1,8.85,8.85,False,insurance
T00004125,2023-09-22 06:39:26,C000316,S0009,P00063,1,10.23,10.23,False,card
T00004126,2023-11-09 20:51:40,C000011,S0010,P00084,2,8.38,16.76,False,insurance
T00004127,2023-03-01 10:49:16,C000075,S0017,P00079,2,15.37,30.74,False,card
T00004128,2023-06-13 03:55:57,C000121,S0009,P00088,1,4.5,4.5,False,card
T00004129,2023-02-16 22:03:46,C000484,S0004,P00036,2,27.29,54.58,False,card
T00004130,2023-04-12 17:36:06,C000311,S0020,P00168,1,15.66,15.66,False,cash
T00004131,2023-05-31 12:28:57,C000171,S0003,P00078,1,6.2,6.2,False,insurance
T00004132,2023-11-08 09:25:58,C000328,S0020,P00135,5,12.78,63.9,False,cash
T00004133,2023-11-11 00:14:55,C000108,S0007,P00028,1,8.91,8.91,True,mobile
T00004134,2023-05-22 22:04:28,C000434,S0017,P00176,1,19.12,19.12,False,card
T00004135,2023-04-30 19:50:51,C000018,S0010,P00114,1,16.15,16.15,False,card
T00004136,2023-07-13 04:23:55,C000448,S0019,P00072,1,11.12,11.12,False,insurance
T00004137,2023-11-28 22:06:11,C000363,S0002,P00174,2,5.7,11.4,False,card
T00004138,2023-12-22 10:56:26,C000253,S0018,P00017,1,26.74,26.74,True,cash
T00004139,2023-03-24 13:00:42,C000462,S0005,P00123,4,1.61,6.44,False,card
T00004140,2023-03-09 21:07:05,C000088,S0001,P00117,1,11.45,11.45,False,cash
T00004141,2023-09-15 06:22:59,C000361,S0002,P00160,1,4.79,4.79,False,insurance
T00004142,2023-04-20 17:02:09,C000087,S0006,P00038,1,22.57,22.57,False,cash
T00004143,2023-03-14 17:07:25,C000271,S0008,P00032,3,14.04,42.12,False,cash
T00004144,2023-01-12 07:25:26,C000350,S0010,P00082,1,6.85,6.85,False,card
T00004145,2023-05-27 18:27:31,C000025,S0018,P00146,1,6.49,6.49,True,card
T00004146,2023-05-23 15:05:39,C000172,S0010,P00031,1,1.57,1.57,True,cash
T00004147,2023-07-24 22:52:38,C000387,S0006,P00052,1,3.18,3.18,False,insurance
T00004148,2023-03-14 20:48:09,C000050,S0004,P00078,5,4.85,24.25,True,insurance
T00004149,2023-09-18 00:42:06,C000249,S0010,P00080,1,17.28,17.28,False,mobile
T00004150,2023-09-05 12:47:07,C000368,S0005,P00045,2,4.65,9.3,False,mobile
T00004151,2023-06-18 07:04:47,C000078,S0002,P00012,1,10.44,10.44,False,cash
T00004152,2023-03-08 00:01:27,C000070,S0001,P00103,1,11.0,11.0,False,card
T00004153,2023-07-04 12:46:06,C000077,S0008,P00175,1,6.62,6.62,True,card
T00004154,2023-09-03 15:09:51,C000120,S0013,P00017,4,34.5,138.0,False,cash
T00004155,2023-05-16 16:02:49,C000191,S0007,P00054,1,4.14,4.14,False,insurance
T00004156,2023-04-06 21:43:17,C000015,S0013,P00110,1,8.55,8.55,False,insurance
T00004157,2023-07-04 08:50:11,C000248,S0007,P00189,1,8.14,8.14,False,mobile
T00004158,2023-05-10 07:10:59,C000025,S0014,P00179,1,2.49,2.49,False,mobile
T00004159,2023-05-26 18:52:52,C000069,S0004,P00045,5,4.45,22.25,False,insurance
T00004160,2023-05-07 23:38:48,C000198,S0001,P00187,1,1.3,1.3,False,mobile
T00004161,2023-04-21 11:04:11,C000488,S0005,P00122,1,13.58,13.58,False,insurance
T00004162,2023-09-18 21:32:36,C000270,S0018,P00001,3,9.88,29.64,False,card
T00004163,2023-06-17 12:40:30,C000460,S0001,P00198,1,3.12,3.12,False,insurance
T00004164,2023-06-19 19:25:30,C000469,S0006,P00011,3,5.71,17.13,False,card
T00004165,2023-08-26 17:21:27,C000466,S0008,P00139,1,3.97,3.97,False,cash
T00004166,2023-05-12 12:18:26,C000295,S0017,P00130,3,17.21,51.63,False,insurance
T00004167,2023-02-06 18:37:59,C000403,S0016,P00035,1,5.83,5.83,False,insurance
T00004168,2023-11-07 08:30:44,C000473,S0015,P00010,1,5.38,5.38,False,card
T00004169,2023-01-21 06:38:19,C000380,S0011,P00104,4,14.62,58.48,True,insurance
T00004170,2023-07-28 04:33:38,C000018,S0014,P00039,1,4.29,4.29,False,cash
T00004171,2023-04-07 18:13:02,C000350,S0015,P00058,1,12.87,12.87,True,mobile
T00004172,2023-03-19 20:01:34,C000183,S0005,P00190,1,5.54,5.54,True,card
T00004173,2023-01-16 06:31:52,C000029,S0008,P00045,2,4.6,9.2,False,cash
T00004174,2023-11-24 15:11:51,C000044,S0001,P00015,1,10.3,10.3,False,cash
T00004175,2023-06-06 05:32:10,C000194,S0016,P00097,1,7.65,7.65,False,mobile
T00004176,2023-05-05 17:23:35,C000012,S0013,P00091,1,3.06,3.06,False,card
T00004177,2023-09-27 19:22:21,C000295,S0014,P00152,1,2.55,2.55,False,cash
T00004178,2023-01-15 04:31:25,C000062,S0015,P00140,1,11.18,11.18,False,cash
T00004179,2023-07-25 11:54:54,C000389,S0017,P00015,1,10.18,10.18,False,cash
T00004180,2023-06-30 00:49:39,C000267,S0004,P00015,4,10.74,42.96,False,insurance
T00004181,2023-07-21 10:49:55,C000347,S0010,P00072,1,9.07,9.07,True,cash
T00004182,2023-02-15 02:43:22,C000418,S0008,P00117,3,11.14,33.42,False,cash
T00004183,2023-12-13 17:22:56,C000497,S0014,P00127,1,28.55,28.55,False,mobile
T00004184,2023-03-28 19:14:34,C000383,S0012,P00162,1,3.32,3.32,False,card
T00004185,2023-09-04 22:56:36,C000220,S0009,P00169,1,60.95,60.95,False,insurance
T00004186,2023-09-29 22:45:38,C000475,S0001,P00089,1,3.17,3.17,False,card
T00004187,2023-05-06 05:02:32,C000464,S0016,P00076,1,3.6,3.6,False,cash
T00004188,2023-02-17 14:14:52,C000124,S0005,P00121,1,5.6,5.6,False,cash
T00004189,2023-04-18 23:42:36,C000082,S0001,P00100,1,10.81,10.81,False,card
T00004190,2023-10-21 17:27:53,C000180,S0001,P00049,1,2.21,2.21,True,insurance
T00004191,2023-11-26 23:08:31,C000398,S0003,P00077,1,6.9,6.9,False,cash
T00004192,2023-12-08 00:49:20,C000468,S0009,P00058,2,15.72,31.44,False,card
T00004193,2023-03-24 09:03:16,C000052,S0011,P00080,2,15.77,31.54,False,cash
T00004194,2023-08-09 18:39:52,C000161,S0014,P00136,1,4.87,4.87,False,cash
T00004195,2023-02-24 23:26:57,C000379,S0013,P00160,4,4.83,19.32,False,card
T00004196,2023-09-16 13:41:53,C000380,S0006,P00189,5,7.63,38.15,False,card
T00004197,2023-06-01 09:01:11,C000476,S0006,P00123,2,1.5,3.0,False,card
T00004198,2023-09-17 17:53:34,C000044,S0009,P00100,1,10.54,10.54,False,mobile
T00004199,2023-09-07 09:15:59,C000182,S0007,P00090,1,6.92,6.92,False,card
T00004200,2023-12-28 09:10:14,C000228,S0001,P00061,1,7.3,7.3,False,mobile
T00004201,2023-06-27 20:47:18,C000090,S0018,P00087,1,29.02,29.02,False,insurance
T00004202,2023-05-05 07:40:42,C000066,S0001,P00146,2,7.37,14.74,True,card
T00004203,2023-07-11 17:44:09,C000027,S0011,P00195,1,6.0,6.0,False,cash
T00004204,2023-03-01 06:42:53,C000090,S0012,P00048,1,15.51,15.51,False,insurance
T00004205,2023-02-10 16:20:17,C000127,S0015,P00094,3,6.52,19.56,True,card
T00004206,2023-07-08 23:26:42,C000236,S0003,P00055,1,2.17,2.17,False,mobile
T00004207,2023-10-28 10:44:57,C000145,S0004,P00075,1,7.58,7.58,False,cash
T00004208,2023-07-14 02:28:13,C000072,S0006,P00120,5,4.05,20.25,False,insurance
T00004209,2023-10-12 14:53:08,C000046,S0010,P00199,1,10.14,10.14,False,mobile
T00004210,2023-03-06 18:14:36,C000177,S0001,P00197,4,8.91,35.64,False,mobile
T00004211,2023-06-13 13:52:40,C000261,S0019,P00040,1,23.89,23.89,False,mobile
T00004212,2023-08-12 04:07:26,C000420,S0001,P00074,1,2.62,2.62,True,insurance
T00004213,2023-05-07 13:17:43,C000131,S0020,P00083,1,21.48,21.48,False,insurance
T00004214,2023-01-06 03:23:37,C000161,S0016,P00107,1,0.71,0.71,False,insurance
T00004215,2023-01-27 17:38:21,C000448,S0013,P00052,4,3.11,12.44,False,card
T00004216,2023-12-04 16:06:41,C000196,S0010,P00125,4,4.58,18.32,False,insurance
T00004217,2023-08-09 06:28:36,C000222,S0018,P00145,1,16.58,16.58,True,insurance
T00004218,2023-04-07 07:19:15,C000048,S0006,P00080,1,15.4,15.4,False,card
T00004219,2023-04-05 05:02:32,C000421,S0013,P00181,1,7.69,7.69,False,mobile
T00004220,2023-01-15 09:35:52,C000136,S0001,P00074,1,3.23,3.23,False,insurance
T00004221,2023-12-10 21:34:30,C000128,S0001,P00157,4,41.8,167.2,False,mobile
T00004222,2023-02-09 09:40:01,C000370,S0010,P00050,1,17.09,17.09,False,cash
T00004223,2023-10-04 10:36:55,C000436,S0010,P00087,1,32.91,32.91,False,cash
T00004224,2023-03-29 10:48:53,C000444,S0014,P00154,1,23.0,23.0,False,card
T00004225,2023-05-03 04:01:54,C000171,S0006,P00135,1,12.71,12.71,False,cash
T00004226,2023-04-10 16:50:39,C000260,S0012,P00052,1,3.18,3.18,False,cash
T00004227,2023-10-28 03:01:02,C000361,S0014,P00199,1,11.32,11.32,False,card
T00004228,2023-01-12 22:37:41,C000300,S0002,P00093,3,5.26,15.78,False,cash
T00004229,2023-05-09 05:35:50,C000372,S0020,P00037,1,1.27,1.27,False,insurance
T00004230,2023-04-12 16:26:37,C000469,S0017,P00095,2,3.39,6.78,False,mobile
T00004231,2023-04-10 08:32:22,C000281,S0006,P00028,1,12.29,12.29,False,insurance
T00004232,2023-03-12 05:32:20,C000080,S0010,P00095,5,2.51,12.55,True,cash
T00004233,2023-11-29 03:08:04,C000222,S0006,P00041,1,19.68,19.68,False,insurance
T00004234,2023-05-18 19:37:57,C000093,S0018,P00078,1,6.06,6.06,False,card
T00004235,2023-06-02 05:26:36,C000231,S0017,P00178,1,3.93,3.93,False,cash
T00004236,2023-05-21 04:49:31,C000202,S0001,P00101,1,8.53,8.53,False,insurance
T00004237,2023-12-23 19:10:44,C000090,S0019,P00191,1,6.15,6.15,False,insurance
T00004238,2023-05-04 09:34:18,C000090,S0020,P00123,2,1.22,2.44,True,cash
T00004239,2023-05-05 08:58:37,C000202,S0011,P00051,1,5.7,5.7,False,insurance
T00004240,2023-04-30 08:44:35,C000144,S0013,P00114,1,13.48,13.48,True,mobile
T00004241,2023-04-30 00:22:58,C000180,S0002,P00116,1,7.7,7.7,False,insurance
T00004242,2023-02-02 15:53:32,C000285,S0020,P00186,1,12.88,12.88,True,insurance
T00004243,2023-08-08 22:57:11,C000064,S0002,P00137,10,8.18,81.8,False,card
T00004244,2023-01-10 04:11:25,C000097,S0020,P00122,1,9.45,9.45,True,insurance
T00004245,2023-03-24 05:55:00,C000284,S0012,P00079,5,14.87,74.35,False,card
T00004246,2023-03-15 13:40:14,C000343,S0014,P00011,1,4.3,4.3,True,mobile
T00004247,2023-04-17 02:26:50,C000429,S0006,P00102,2,1.66,3.32,False,mobile
T00004248,2023-10-03 10:05:22,C000267,S0013,P00124,4,6.69,26.76,False,insurance
T00004249,2023-08-07 05:12:20,C000036,S0011,P00139,1,3.76,3.76,False,card
T00004250,2023-12-27 15:42:51,C000344,S0010,P00129,1,23.36,23.36,False,mobile
T00004251,2023-05-08 20:04:38,C000443,S0006,P00072,1,11.74,11.74,False,cash
T00004252,2023-12-04 23:36:17,C000442,S0015,P00089,1,2.51,2.51,True,mobile
T00004253,2023-01-17 08:21:45,C000078,S0019,P00200,3,7.7,23.1,False,mobile
T00004254,2023-07-03 12:51:37,C000248,S0012,P00130,1,16.99,16.99,False,mobile
T00004255,2023-10-18 18:44:26,C000220,S0001,P00091,1,2.74,2.74,False,insurance
T00004256,2023-07-13 14:00:48,C000433,S0010,P00091,1,2.93,2.93,False,card
T00004257,2023-12-06 17:23:54,C000253,S0002,P00142,3,9.99,29.97,False,insurance
T00004258,2023-04-25 12:11:04,C000183,S0014,P00042,3,16.26,48.78,False,insurance
T00004259,2023-01-13 03:11:41,C000356,S0019,P00154,1,23.74,23.74,False,card
T00004260,2023-10-09 17:08:06,C000368,S0007,P00169,1,43.12,43.12,True,mobile
T00004261,2023-01-25 18:05:00,C000491,S0004,P00037,1,1.54,1.54,False,mobile
T00004262,2023-10-06 08:54:52,C000003,S0018,P00158,2,4.8,9.6,True,card
T00004263,2023-09-24 23:08:00,C000268,S0012,P00149,1,7.6,7.6,False,mobile
T00004264,2023-11-04 07:33:48,C000126,S0020,P00051,3,4.51,13.53,True,mobile
T00004265,2023-06-24 07:53:53,C000142,S0007,P00116,3,6.75,20.25,False,cash
T00004266,2023-11-22 23:07:41,C000271,S0008,P00001,1,8.91,8.91,False,card
T00004267,2023-03-03 19:38:58,C000481,S0011,P00160,1,4.92,4.92,False,cash
T00004268,2023-06-08 02:28:30,C000194,S0015,P00093,2,3.9,7.8,True,insurance
T00004269,2023-02-14 08:20:43,C000188,S0002,P00172,1,7.68,7.68,False,card
T00004270,2023-10-07 03:25:30,C000330,S0007,P00023,1,43.1,43.1,False,card
T00004271,2023-09-17 23:52:58,C000301,S0009,P00158,1,5.52,5.52,False,card
T00004272,2023-10-21 12:41:58,C000298,S0009,P00038,1,24.8,24.8,False,cash
T00004273,2023-10-06 05:18:08,C000396,S0007,P00116,1,6.96,6.96,False,mobile
T00004274,2023-04-23 06:42:12,C000407,S0014,P00173,5,15.17,75.85,True,cash
T00004275,2023-01-25 18:37:42,C000305,S0018,P00127,5,29.6,148.0,False,insurance
T00004276,2023-12-05 05:51:37,C000253,S0016,P00126,4,6.98,27.92,False,mobile
T00004277,2023-06-29 09:15:36,C000020,S0014,P00033,1,6.95,6.95,False,insurance
T00004278,2023-02-04 08:10:02,C000259,S0016,P00174,5,5.27,26.35,False,mobile
T00004279,2023-12-04 10:50:07,C000307,S0002,P00059,1,3.54,3.54,True,insurance
T00004280,2023-12-28 21:56:08,C000003,S0009,P00123,1,1.49,1.49,False,card
T00004281,2023-06-12 03:52:07,C000496,S0018,P00039,1,4.23,4.23,False,card
T00004282,2023-10-08 07:30:45,C000252,S0014,P00093,1,5.37,5.37,False,insurance
T00004283,2023-01-14 05:05:58,C000377,S0018,P00101,2,8.9,17.8,False,insurance
T00004284,2023-02-03 22:48:52,C000263,S0003,P00121,1,5.9,5.9,False,cash
T00004285,2023-04-11 16:04:54,C000171,S0013,P00004,1,5.02,5.02,False,cash
T00004286,2023-08-27 20:49:20,C000090,S0008,P00048,1,10.63,10.63,True,insurance
T00004287,2023-02-18 13:34:53,C000062,S0002,P00158,1,4.02,4.02,True,insurance
T00004288,2023-01-13 10:35:28,C000339,S0005,P00114,1,15.76,15.76,False,cash
T00004289,2023-09-01 10:22:57,C000041,S0016,P00006,1,5.59,5.59,False,insurance
T00004290,2023-10-08 08:21:12,C000437,S0016,P00027,1,6.76,6.76,False,insurance
T00004291,2023-09-27 01:45:44,C000215,S0009,P00075,2,6.45,12.9,False,cash
T00004292,2023-10-18 22:00:41,C000190,S0019,P00177,3,11.37,34.11,False,insurance
T00004293,2023-10-20 05:42:27,C000079,S0012,P00180,1,10.75,10.75,False,mobile
T00004294,2023-08-08 06:39:22,C000432,S0002,P00013,1,2.0,2.0,False,insurance
T00004295,2023-07-09 01:35:45,C000460,S0012,P00025,1,7.55,7.55,False,insurance
T00004296,2023-11-08 21:31:57,C000206,S0003,P00159,1,4.88,4.88,True,card
T00004297,2023-05-07 16:21:41,C000326,S0005,P00177,1,12.06,12.06,False,mobile
T00004298,2023-02-05 15:06:30,C000493,S0018,P00009,2,19.64,39.28,False,mobile
T00004299,2023-10-01 17:08:53,C000494,S0016,P00071,1,5.56,5.56,False,insurance
T00004300,2023-04-11 10:28:14,C000417,S0005,P00103,2,9.97,19.94,False,cash
T00004301,2023-12-23 07:16:02,C000373,S0012,P00094,1,8.81,8.81,False,insurance
T00004302,2023-05-31 18:15:17,C000024,S0006,P00030,1,10.38,10.38,True,card
T00004303,2023-11-07 01:15:48,C000414,S0008,P00082,1,6.95,6.95,False,mobile
T00004304,2023-01-16 10:54:45,C000312,S0013,P00101,4,8.76,35.04,False,insurance
T00004305,2023-08-28 23:02:23,C000103,S0015,P00166,3,4.61,13.83,False,insurance
T00004306,2023-06-13 03:36:57,C000022,S0007,P00093,1,4.89,4.89,False,insurance
T00004307,2023-06-18 09:17:33,C000407,S0008,P00036,1,27.88,27.88,False,insurance
T00004308,2023-04-07 12:54:17,C000334,S0002,P00009,1,17.88,17.88,True,card
T00004309,2023-12-20 12:20:51,C000405,S0017,P00034,1,8.66,8.66,False,mobile
T00004310,2023-05-23 22:55:59,C000060,S0014,P00139,1,3.44,3.44,False,insurance
T00004311,2023-11-06 13:47:29,C000354,S0007,P00132,3,8.45,25.35,False,card
T00004312,2023-06-04 17:41:48,C000399,S0016,P00104,1,21.26,21.26,False,insurance
T00004313,2023-01-18 13:44:16,C000443,S0013,P00021,3,7.97,23.91,False,mobile
T00004314,2023-11-17 02:32:28,C000405,S0012,P00179,2,2.23,4.46,False,card
T00004315,2023-03-09 09:07:03,C000111,S0010,P00032,1,12.11,12.11,False,card
T00004316,2023-04-09 09:41:55,C000049,S0020,P00013,1,1.37,1.37,True,insurance
T00004317,2023-11-10 10:37:48,C000020,S0015,P00062,1,10.08,10.08,True,cash
T00004318,2023-11-22 07:44:24,C000366,S0006,P00156,2,2.6,5.2,False,cash
T00004319,2023-11-30 16:46:00,C000276,S0008,P00156,3,2.55,7.65,False,cash
T00004320,2023-06-05 01:16:56,C000106,S0004,P00077,1,6.43,6.43,False,card
T00004321,2023-10-03 12:54:48,C000380,S0007,P00149,1,7.16,7.16,False,mobile
T00004322,2023-04-30 07:43:42,C000422,S0008,P00163,5,28.6,143.0,False,card
T00004323,2023-09-27 12:03:16,C000464,S0017,P00027,1,7.22,7.22,False,card
T00004324,2023-07-02 21:56:43,C000253,S0002,P00084,1,8.56,8.56,False,insurance
T00004325,2023-01-19 21:54:54,C000029,S0013,P00130,3,16.91,50.73,False,cash
T00004326,2023-06-02 01:24:19,C000439,S0014,P00040,1,23.65,23.65,False,card
T00004327,2023-06-20 06:03:27,C000007,S0015,P00184,2,6.06,12.12,False,cash
T00004328,2023-04-04 16:24:16,C000463,S0002,P00017,1,25.34,25.34,True,cash
T00004329,2023-05-17 07:21:59,C000117,S0014,P00062,1,10.1,10.1,True,card
T00004330,2023-07-02 23:24:24,C000270,S0009,P00133,1,7.23,7.23,True,mobile
T00004331,2023-01-19 02:11:46,C000365,S0015,P00170,1,24.87,24.87,False,card
T00004332,2023-02-25 06:08:23,C000211,S0016,P00138,1,1.23,1.23,False,insurance
T00004333,2023-10-07 02:37:04,C000215,S0005,P00062,1,13.33,13.33,False,insurance
T00004334,2023-05-09 02:27:36,C000088,S0017,P00165,1,4.98,4.98,True,card
T00004335,2023-08-10 10:51:02,C000236,S0015,P00101,2,9.18,18.36,False,insurance
T00004336,2023-07-25 22:44:36,C000476,S0003,P00181,1,8.39,8.39,False,insurance
T00004337,2023-07-20 15:26:35,C000453,S0010,P00159,1,5.92,5.92,False,card
T00004338,2023-05-31 11:32:04,C000221,S0013,P00181,1,7.95,7.95,False,card
T00004339,2023-06-25 22:14:24,C000389,S0001,P00010,5,5.24,26.2,False,cash
T00004340,2023-10-27 21:41:55,C000335,S0007,P00158,1,4.37,4.37,True,mobile
T00004341,2023-12-18 06:40:30,C000015,S0010,P00033,1,7.01,7.01,False,cash
T00004342,2023-04-04 10:43:16,C000240,S0014,P00021,3,7.37,22.11,False,mobile
T00004343,2023-09-01 16:31:35,C000343,S0016,P00157,1,35.76,35.76,False,card
T00004344,2023-12-19 23:55:29,C000284,S0002,P00100,4,11.54,46.16,False,cash
T00004345,2023-01-03 18:15:23,C000264,S0017,P00197,1,8.11,8.11,False,card
T00004346,2023-10-13 15:19:54,C000357,S0016,P00037,5,1.54,7.7,False,mobile
T00004347,2023-06-30 20:13:39,C000323,S0005,P00191,1,4.71,4.71,True,cash
T00004348,2023-12-19 04:53:34,C000128,S0008,P00015,1,11.21,11.21,False,card
T00004349,2023-07-30 11:44:43,C000166,S0013,P00182,1,11.38,11.38,True,mobile
T00004350,2023-11-02 01:57:40,C000202,S0014,P00188,1,2.33,2.33,False,card
T00004351,2023-03-02 10:18:11,C000335,S0016,P00073,1,37.6,37.6,False,mobile
T00004352,2023-02-21 17:25:11,C000227,S0008,P00057,2,14.13,28.26,False,mobile
T00004353,2023-12-04 06:36:10,C000011,S0005,P00073,1,37.53,37.53,False,insurance
T00004354,2023-07-11 15:09:19,C000408,S0003,P00191,1,5.86,5.86,False,insurance
T00004355,2023-07-23 05:40:49,C000480,S0001,P00033,4,6.11,24.44,False,mobile
T00004356,2023-03-03 20:55:56,C000148,S0013,P00004,3,5.01,15.03,False,mobile
T00004357,2023-03-24 12:42:55,C000365,S0003,P00185,2,16.71,33.42,False,cash
T00004358,2023-10-25 20:02:03,C000128,S0010,P00135,1,12.47,12.47,False,mobile
T00004359,2023-04-21 09:53:00,C000089,S0012,P00047,1,4.16,4.16,False,card
T00004360,2023-08-01 15:14:26,C000364,S0012,P00057,1,15.28,15.28,False,insurance
T00004361,2023-04-26 05:14:20,C000040,S0013,P00087,1,30.47,30.47,False,insurance
T00004362,2023-04-06 21:29:35,C000077,S0008,P00073,3,39.5,118.5,False,mobile
T00004363,2023-03-02 10:21:17,C000120,S0011,P00189,2,8.17,16.34,False,cash
T00004364,2023-12-05 08:58:36,C000429,S0004,P00121,5,6.07,30.35,False,insurance
T00004365,2023-12-09 04:23:09,C000468,S0015,P00131,1,6.67,6.67,False,mobile
T00004366,2023-02-11 22:15:55,C000162,S0008,P00032,1,14.2,14.2,False,cash
T00004367,2023-05-09 13:59:51,C000326,S0020,P00160,1,5.09,5.09,False,cash
T00004368,2023-07-25 05:54:07,C000161,S0015,P00129,1,26.07,26.07,False,mobile
T00004369,2023-05-20 12:23:17,C000258,S0015,P00082,1,6.42,6.42,False,mobile
T00004370,2023-09-20 11:00:37,C000005,S0003,P00126,1,6.68,6.68,False,mobile
T00004371,2023-04-05 17:22:10,C000458,S0013,P00025,1,7.78,7.78,False,cash
T00004372,2023-01-22 10:06:03,C000272,S0010,P00193,1,37.1,37.1,False,mobile
T00004373,2023-05-03 15:27:47,C000236,S0013,P00053,4,3.26,13.04,False,card
T00004374,2023-08-06 14:52:13,C000490,S0019,P00072,2,11.21,22.42,False,cash
T00004375,2023-03-07 18:03:46,C000484,S0011,P00032,4,14.43,57.72,False,mobile
T00004376,2023-10-24 23:42:47,C000138,S0011,P00131,1,7.03,7.03,False,mobile
T00004377,2023-01-05 11:00:20,C000474,S0017,P00070,1,1.98,1.98,True,cash
T00004378,2023-01-25 13:55:07,C000238,S0012,P00021,1,8.1,8.1,False,card
T00004379,2023-07-05 05:11:38,C000233,S0012,P00068,4,4.08,16.32,False,mobile
T00004380,2023-07-06 10:57:17,C000403,S0015,P00019,3,3.32,9.96,False,cash
T00004381,2023-04-18 08:06:40,C000281,S0018,P00121,1,5.82,5.82,False,card
T00004382,2023-04-05 02:45:20,C000356,S0007,P00031,1,2.28,2.28,False,cash
T00004383,2023-01-26 09:52:43,C000281,S0009,P00005,1,14.85,14.85,False,cash
T00004384,2023-08-30 07:18:29,C000493,S0002,P00106,5,6.17,30.85,False,insurance
T00004385,2023-05-18 23:10:27,C000137,S0012,P00113,3,5.05,15.15,False,insurance
T00004386,2023-02-13 04:45:55,C000459,S0007,P00159,1,6.31,6.31,False,mobile
T00004387,2023-05-26 12:59:34,C000435,S0018,P00029,3,9.52,28.56,False,cash
T00004388,2023-12-08 02:04:53,C000023,S0010,P00192,1,13.87,13.87,False,insurance
T00004389,2023-04-06 02:09:57,C000133,S0020,P00149,5,5.54,27.7,True,insurance
T00004390,2023-11-22 16:20:56,C000088,S0004,P00020,4,2.92,11.68,True,card
T00004391,2023-04-05 04:22:53,C000015,S0006,P00102,3,1.52,4.56,False,insurance
T00004392,2023-03-09 16:40:21,C000165,S0012,P00182,1,15.41,15.41,False,cash
T00004393,2023-04-05 20:58:19,C000309,S0017,P00191,4,6.43,25.72,False,cash
T00004394,2023-04-28 16:03:03,C000418,S0013,P00199,2,10.42,20.84,False,mobile
T00004395,2023-02-13 21:38:28,C000021,S0014,P00068,1,3.87,3.87,True,cash
T00004396,2023-08-02 21:34:45,C000209,S0008,P00075,1,7.73,7.73,False,cash
T00004397,2023-05-02 09:00:19,C000320,S0015,P00005,1,14.28,14.28,False,cash
T00004398,2023-09-19 08:59:33,C000466,S0019,P00163,1,21.74,21.74,True,insurance
T00004399,2023-06-28 17:17:08,C000292,S0017,P00110,1,8.16,8.16,False,mobile
T00004400,2023-06-11 03:02:35,C000389,S0006,P00190,1,6.98,6.98,False,mobile
T00004401,2023-06-21 10:36:35,C000497,S0002,P00140,5,10.6,53.0,False,mobile
T00004402,2023-02-26 21:21:39,C000339,S0001,P00100,2,11.21,22.42,False,cash
T00004403,2023-09-17 11:43:25,C000194,S0005,P00054,1,3.89,3.89,False,insurance
T00004404,2023-02-07 21:52:02,C000364,S0008,P00020,1,3.33,3.33,False,cash
T00004405,2023-09-20 15:16:34,C000313,S0016,P00024,2,5.17,10.34,False,cash
T00004406,2023-12-30 21:57:00,C000321,S0013,P00065,1,1.07,1.07,True,cash
T00004407,2023-10-06 02:17:17,C000384,S0008,P00101,2,5.86,11.72,True,insurance
T00004408,2023-06-15 17:57:22,C000039,S0005,P00132,1,8.56,8.56,False,cash
T00004409,2023-04-25 11:15:34,C000495,S0015,P00136,1,4.46,4.46,False,mobile
T00004410,2023-11-14 14:26:15,C000389,S0001,P00113,1,5.15,5.15,False,cash
T00004411,2023-04-04 14:49:20,C000492,S0003,P00083,1,18.29,18.29,False,cash
T00004412,2023-06-25 14:02:12,C000041,S0015,P00196,1,7.29,7.29,False,cash
T00004413,2023-10-08 14:20:55,C000172,S0020,P00126,1,5.61,5.61,True,cash
T00004414,2023-12-02 17:42:59,C000074,S0004,P00074,1,3.36,3.36,False,insurance
T00004415,2023-12-02 05:28:20,C000342,S0002,P00122,1,13.27,13.27,False,card
T00004416,2023-02-01 22:39:57,C000355,S0015,P00013,1,1.97,1.97,False,insurance
T00004417,2023-11-23 23:13:41,C000046,S0016,P00121,1,4.48,4.48,True,card
T00004418,2023-02-11 12:04:18,C000320,S0014,P00092,2,11.84,23.68,False,insurance
T00004419,2023-08-01 17:59:02,C000445,S0003,P00102,4,1.78,7.12,False,cash
T00004420,2023-12-05 09:16:01,C000149,S0001,P00086,1,1.95,1.95,False,card
T00004421,2023-08-27 08:23:14,C000009,S0015,P00101,1,8.72,8.72,False,insurance
T00004422,2023-12-11 21:17:58,C000114,S0009,P00099,4,24.02,96.08,False,mobile
T00004423,2023-05-06 08:06:09,C000359,S0014,P00106,1,6.91,6.91,False,insurance
T00004424,2023-04-25 13:22:18,C000236,S0015,P00073,1,39.29,39.29,False,mobile
T00004425,2023-04-29 17:49:09,C000268,S0016,P00151,1,55.62,55.62,False,cash
T00004426,2023-05-10 06:43:13,C000005,S0009,P00078,2,5.8,11.6,False,card
T00004427,2023-09-06 12:59:36,C000417,S0015,P00021,4,7.8,31.2,False,card
T00004428,2023-06-14 16:36:19,C000186,S0001,P00193,1,36.11,36.11,False,cash
T00004429,2023-09-26 10:11:05,C000067,S0005,P00116,1,7.03,7.03,False,cash
T00004430,2023-06-01 11:35:18,C000139,S0003,P00115,1,3.08,3.08,False,card
T00004431,2023-04-23 00:17:17,C000302,S0008,P00171,3,17.57,52.71,False,insurance
T00004432,2023-03-11 04:14:06,C000417,S0003,P00189,1,9.17,9.17,False,cash
T00004433,2023-07-20 14:02:18,C000448,S0003,P00133,4,9.21,36.84,False,mobile
T00004434,2023-11-24 00:12:27,C000146,S0011,P00151,1,54.48,54.48,False,mobile
T00004435,2023-11-09 15:55:50,C000056,S0004,P00031,1,2.56,2.56,False,card
T00004436,2023-04-03 04:53:42,C000131,S0017,P00023,3,43.06,129.18,False,cash
T00004437,2023-06-23 20:36:44,C000202,S0011,P00054,1,3.82,3.82,False,card
T00004438,2023-09-14 17:15:35,C000150,S0003,P00024,3,5.27,15.81,False,insurance
T00004439,2023-08-11 22:08:15,C000444,S0006,P00145,2,20.07,40.14,False,card
T00004440,2023-01-25 10:40:19,C000431,S0006,P00075,3,7.32,21.96,False,card
T00004441,2023-08-04 03:29:07,C000088,S0004,P00152,3,2.35,7.05,True,card
T00004442,2023-01-15 02:31:53,C000347,S0005,P00164,1,12.64,12.64,False,cash
T00004443,2023-02-12 09:44:08,C000188,S0004,P00033,1,4.65,4.65,True,cash
T00004444,2023-08-26 22:59:22,C000094,S0007,P00095,1,3.38,3.38,False,insurance
T00004445,2023-02-07 07:51:13,C000263,S0005,P00105,4,4.38,17.52,False,cash
T00004446,2023-05-04 09:38:33,C000406,S0012,P00187,3,1.43,4.29,False,insurance
T00004447,2023-08-03 04:29:34,C000012,S0002,P00085,1,22.95,22.95,False,cash
T00004448,2023-08-27 14:05:36,C000090,S0004,P00112,1,6.69,6.69,False,cash
T00004449,2023-06-12 05:54:15,C000240,S0015,P00083,1,18.5,18.5,False,card
T00004450,2023-02-04 05:22:09,C000065,S0001,P00016,1,6.99,6.99,False,insurance
T00004451,2023-10-18 20:58:39,C000332,S0005,P00043,1,13.24,13.24,False,cash
T00004452,2023-12-12 17:54:06,C000118,S0005,P00047,2,3.97,7.94,False,mobile
T00004453,2023-11-20 11:51:26,C000347,S0011,P00093,1,4.31,4.31,True,insurance
T00004454,2023-09-30 11:01:21,C000269,S0003,P00140,2,11.82,23.64,False,card
T00004455,2023-05-27 09:47:13,C000037,S0017,P00162,2,2.88,5.76,False,mobile
T00004456,2023-11-15 23:04:14,C000089,S0007,P00015,1,10.91,10.91,False,insurance
T00004457,2023-06-27 16:41:48,C000350,S0018,P00017,2,33.51,67.02,False,cash
T00004458,2023-02-19 16:12:24,C000412,S0018,P00085,1,25.22,25.22,False,card
T00004459,2023-11-06 14:22:59,C000337,S0020,P00179,4,2.18,8.72,False,card
T00004460,2023-04-27 12:55:34,C000479,S0011,P00067,2,5.66,11.32,True,mobile
T00004461,2023-12-08 16:29:53,C000128,S0020,P00138,1,1.25,1.25,False,cash
T00004462,2023-05-15 01:51:16,C000254,S0015,P00200,1,7.86,7.86,False,insurance
T00004463,2023-11-13 11:02:00,C000249,S0009,P00147,1,7.31,7.31,False,cash
T00004464,2023-07-15 12:44:25,C000276,S0007,P00065,4,1.65,6.6,False,mobile
T00004465,2023-06-20 03:09:34,C000287,S0004,P00086,2,1.87,3.74,False,card
T00004466,2023-04-19 01:26:35,C000136,S0006,P00112,1,7.52,7.52,False,mobile
T00004467,2023-11-01 04:42:02,C000287,S0002,P00170,4,25.58,102.32,False,mobile
T00004468,2023-01-23 01:40:12,C000269,S0005,P00097,2,8.38,16.76,False,cash
T00004469,2023-06-20 16:04:31,C000366,S0017,P00128,2,5.76,11.52,False,insurance
T00004470,2023-05-15 06:31:17,C000450,S0002,P00186,1,16.78,16.78,False,card
T00004471,2023-07-17 19:04:05,C000252,S0005,P00018,3,4.45,13.35,False,cash
T00004472,2023-04-03 15:44:34,C000262,S0014,P00091,1,2.79,2.79,False,mobile
T00004473,2023-08-30 21:52:35,C000482,S0008,P00173,3,19.55,58.65,False,card
T00004474,2023-05-21 11:24:30,C000290,S0002,P00054,3,3.64,10.92,False,insurance
T00004475,2023-03-10 11:30:44,C000372,S0005,P00080,3,15.66,46.98,False,cash
T00004476,2023-03-13 16:38:19,C000245,S0003,P00010,2,4.69,9.38,False,mobile
T00004477,2023-09-11 12:40:13,C000352,S0016,P00121,3,6.33,18.99,False,card
T00004478,2023-04-06 07:55:36,C000246,S0008,P00012,2,10.72,21.44,False,cash
T00004479,2023-04-22 20:09:44,C000102,S0020,P00195,1,7.13,7.13,False,insurance
T00004480,2023-08-17 05:03:20,C000496,S0013,P00116,1,6.67,6.67,False,insurance
T00004481,2023-05-01 00:59:32,C000149,S0018,P00072,1,11.03,11.03,False,insurance
T00004482,2023-05-22 06:54:43,C000341,S0007,P00165,1,4.69,4.69,True,mobile
T00004483,2023-03-30 23:45:52,C000500,S0001,P00028,2,12.18,24.36,False,card
T00004484,2023-05-06 17:16:09,C000348,S0012,P00154,1,20.65,20.65,False,cash
T00004485,2023-09-10 04:07:19,C000231,S0011,P00039,4,3.42,13.68,True,insurance
T00004486,2023-07-14 08:11:59,C000433,S0002,P00199,2,10.8,21.6,False,mobile
T00004487,2023-12-30 02:27:18,C000089,S0017,P00155,2,3.02,6.04,False,mobile
T00004488,2023-10-08 22:58:26,C000382,S0020,P00188,1,2.31,2.31,False,mobile
T00004489,2023-01-07 03:02:37,C000326,S0014,P00162,1,3.21,3.21,False,cash
T00004490,2023-05-18 21:47:26,C000408,S0001,P00194,4,3.03,12.12,False,mobile
T00004491,2023-04-16 12:08:09,C000182,S0018,P00005,2,14.41,28.82,False,insurance
T00004492,2023-08-02 20:34:13,C000317,S0018,P00140,1,7.71,7.71,True,card
T00004493,2023-04-07 16:46:57,C000155,S0004,P00010,2,4.89,9.78,False,card
T00004494,2023-12-18 16:44:47,C000462,S0007,P00160,1,5.35,5.35,False,card
T00004495,2023-04-19 23:20:55,C000393,S0012,P00156,1,2.47,2.47,False,cash
T00004496,2023-07-10 00:01:06,C000459,S0008,P00124,1,6.64,6.64,False,insurance
T00004497,2023-02-14 17:45:15,C000173,S0001,P00189,1,8.18,8.18,False,cash
T00004498,2023-11-28 03:59:30,C000147,S0008,P00002,3,3.58,10.74,False,insurance
T00004499,2023-11-28 21:55:26,C000075,S0008,P00131,1,7.61,7.61,False,mobile
T00004500,2023-10-16 21:31:27,C000170,S0018,P00051,10,5.57,55.7,False,insurance
T00004501,2023-05-08 23:49:38,C000201,S0012,P00119,1,6.55,6.55,False,card
T00004502,2023-01-22 08:57:59,C000496,S0009,P00186,1,15.83,15.83,False,mobile
T00004503,2023-09-16 18:59:55,C000303,S0019,P00044,1,47.37,47.37,False,insurance
T00004504,2023-06-06 04:36:28,C000357,S0011,P00148,1,7.8,7.8,False,mobile
T00004505,2023-12-27 11:55:04,C000163,S0006,P00017,3,38.22,114.66,False,cash
T00004506,2023-09-12 04:30:35,C000341,S0006,P00022,1,6.41,6.41,False,mobile
T00004507,2023-07-16 01:30:26,C000461,S0015,P00037,3,1.57,4.71,False,cash
T00004508,2023-12-26 03:54:55,C000332,S0014,P00021,1,7.89,7.89,False,insurance
T00004509,2023-10-19 08:54:34,C000204,S0019,P00194,2,3.19,6.38,False,mobile
T00004510,2023-06-16 20:22:31,C000388,S0001,P00149,1,6.79,6.79,False,cash
T00004511,2023-01-07 20:42:44,C000218,S0007,P00194,10,3.16,31.6,False,card
T00004512,2023-02-03 18:34:25,C000189,S0019,P00061,1,7.01,7.01,False,card
T00004513,2023-06-11 12:19:04,C000386,S0020,P00173,2,20.31,40.62,False,mobile
T00004514,2023-07-24 13:42:44,C000295,S0019,P00180,1,10.79,10.79,False,card
T00004515,2023-01-11 23:24:27,C000326,S0016,P00070,1,2.69,2.69,False,mobile
T00004516,2023-02-16 01:39:40,C000041,S0012,P00123,1,1.14,1.14,True,cash
T00004517,2023-09-14 08:43:22,C000188,S0017,P00102,1,1.66,1.66,False,card
T00004518,2023-10-01 13:16:30,C000449,S0020,P00104,4,19.54,78.16,False,cash
T00004519,2023-01-11 20:25:55,C000427,S0015,P00051,1,5.27,5.27,True,cash
T00004520,2023-07-04 19:03:59,C000156,S0005,P00149,1,7.71,7.71,False,cash
T00004521,2023-01-30 11:23:36,C000100,S0018,P00024,3,4.0,12.0,True,mobile
T00004522,2023-09-21 07:53:47,C000272,S0001,P00174,5,5.44,27.2,False,card
T00004523,2023-10-31 14:27:55,C000010,S0004,P00094,1,9.68,9.68,False,mobile
T00004524,2023-11-13 10:44:42,C000240,S0017,P00132,3,5.76,17.28,True,insurance
T00004525,2023-08-06 17:39:20,C000319,S0020,P00129,1,26.45,26.45,False,cash
T00004526,2023-08-17 22:29:24,C000088,S0012,P00163,2,30.44,60.88,False,cash
T00004527,2023-12-04 06:41:56,C000038,S0003,P00050,3,16.53,49.59,False,mobile
T00004528,2023-08-11 22:16:12,C000081,S0003,P00002,5,3.82,19.1,False,insurance
T00004529,2023-06-12 10:39:09,C000389,S0015,P00194,1,3.04,3.04,False,cash
T00004530,2023-10-02 15:55:34,C000066,S0010,P00179,1,2.05,2.05,False,mobile
T00004531,2023-08-04 01:34:17,C000037,S0013,P00027,1,5.96,5.96,False,card
T00004532,2023-11-03 15:41:13,C000073,S0002,P00196,4,7.1,28.4,False,mobile
T00004533,2023-07-10 23:47:04,C000170,S0013,P00147,1,7.38,7.38,False,card
T00004534,2023-11-13 08:03:14,C000236,S0020,P00027,1,6.63,6.63,False,card
T00004535,2023-01-17 07:56:00,C000235,S0016,P00077,1,7.03,7.03,False,insurance
T00004536,2023-01-14 06:15:15,C000329,S0017,P00133,1,8.88,8.88,False,mobile
T00004537,2023-02-06 01:12:04,C000182,S0009,P00100,1,12.07,12.07,False,mobile
T00004538,2023-07-22 10:52:42,C000079,S0007,P00199,1,11.99,11.99,False,insurance
T00004539,2023-09-16 01:36:49,C000382,S0004,P00182,5,15.72,78.6,False,insurance
T00004540,2023-03-20 17:19:43,C000361,S0019,P00002,1,3.7,3.7,False,insurance
T00004541,2023-02-26 16:36:43,C000007,S0007,P00111,1,5.39,5.39,True,mobile
T00004542,2023-11-10 03:58:54,C000030,S0010,P00023,4,43.91,175.64,False,mobile
T00004543,2023-10-01 04:42:42,C000091,S0017,P00077,1,6.97,6.97,False,insurance
T00004544,2023-08-25 00:24:08,C000294,S0005,P00046,1,5.07,5.07,False,insurance
T00004545,2023-06-27 18:22:49,C000189,S0008,P00181,3,7.78,23.34,False,cash
T00004546,2023-06-02 23:03:49,C000392,S0002,P00103,5,9.15,45.75,False,insurance
T00004547,2023-01-08 11:19:51,C000043,S0005,P00123,3,1.09,3.27,True,mobile
T00004548,2023-03-10 11:16:42,C000163,S0020,P00116,1,7.11,7.11,False,mobile
T00004549,2023-11-23 12:07:45,C000020,S0003,P00018,3,3.71,11.13,True,cash
T00004550,2023-05-04 09:42:37,C000371,S0018,P00019,1,3.31,3.31,False,insurance
T00004551,2023-09-14 10:53:02,C000191,S0016,P00172,10,5.17,51.7,True,insurance
T00004552,2023-09-14 04:12:07,C000448,S0001,P00075,1,7.36,7.36,False,insurance
T00004553,2023-04-23 15:06:41,C000061,S0011,P00067,3,7.56,22.68,False,cash
T00004554,2023-03-16 09:17:06,C000421,S0019,P00152,1,1.74,1.74,True,mobile
T00004555,2023-09-09 18:24:01,C000327,S0017,P00097,1,7.86,7.86,False,mobile
T00004556,2023-02-04 01:32:26,C000188,S0006,P00183,1,7.95,7.95,False,mobile
T00004557,2023-06-30 02:46:23,C000440,S0019,P00041,1,20.64,20.64,False,cash
T00004558,2023-11-20 05:49:10,C000067,S0013,P00187,1,1.4,1.4,False,cash
T00004559,2023-09-16 22:10:22,C000283,S0004,P00174,1,5.52,5.52,False,card
T00004560,2023-10-06 04:08:30,C000193,S0011,P00112,1,6.74,6.74,False,insurance
T00004561,2023-01-31 07:25:30,C000008,S0017,P00112,1,5.11,5.11,True,mobile
T00004562,2023-03-14 17:24:30,C000166,S0009,P00131,2,7.7,15.4,False,cash
T00004563,2023-04-11 03:15:27,C000307,S0017,P00197,1,8.51,8.51,False,card
T00004564,2023-04-17 09:38:01,C000168,S0004,P00141,1,2.16,2.16,True,card
T00004565,2023-03-12 15:29:44,C000319,S0001,P00117,1,11.6,11.6,False,cash
T00004566,2023-12-20 20:00:19,C000284,S0015,P00038,4,22.5,90.0,False,card
T00004567,2023-03-02 01:02:33,C000003,S0002,P00078,1,5.98,5.98,False,insurance
T00004568,2023-09-15 18:41:59,C000051,S0011,P00115,1,2.45,2.45,True,insurance
T00004569,2023-08-02 13:51:42,C000361,S0016,P00097,2,5.3,10.6,True,mobile
T00004570,2023-08-11 05:31:13,C000225,S0006,P00164,1,13.16,13.16,False,card
T00004571,2023-03-20 03:12:29,C000481,S0016,P00067,3,7.6,22.8,False,mobile
T00004572,2023-04-22 23:26:33,C000450,S0016,P00017,3,35.18,105.54,False,insurance
T00004573,2023-08-09 18:22:12,C000308,S0007,P00007,2,10.81,21.62,False,cash
T00004574,2023-04-19 21:09:26,C000161,S0009,P00144,1,15.62,15.62,False,cash
T00004575,2023-09-10 15:46:58,C000147,S0007,P00172,2,8.29,16.58,False,card
T00004576,2023-01-15 09:16:42,C000147,S0005,P00163,1,29.36,29.36,False,card
T00004577,2023-01-27 12:09:36,C000095,S0007,P00128,3,4.99,14.97,False,mobile
T00004578,2023-09-23 04:01:04,C000424,S0009,P00191,1,6.49,6.49,False,cash
T00004579,2023-08-13 12:00:29,C000303,S0014,P00134,1,3.73,3.73,False,insurance
T00004580,2023-01-16 17:10:43,C000014,S0004,P00124,1,6.37,6.37,False,mobile
T00004581,2023-11-24 06:00:25,C000103,S0003,P00115,1,2.91,2.91,False,cash
T00004582,2023-01-02 18:26:01,C000323,S0002,P00134,1,3.5,3.5,False,insurance
T00004583,2023-12-14 19:42:24,C000202,S0018,P00137,1,6.1,6.1,True,insurance
T00004584,2023-09-23 12:52:09,C000495,S0011,P00166,4,4.1,16.4,True,cash
T00004585,2023-12-26 16:23:27,C000037,S0006,P00066,1,6.39,6.39,False,cash
T00004586,2023-12-12 09:21:41,C000465,S0010,P00192,2,13.11,26.22,False,insurance
T00004587,2023-04-24 23:27:58,C000287,S0012,P00010,4,4.17,16.68,True,card
T00004588,2023-03-18 18:31:53,C000420,S0015,P00182,2,13.05,26.1,False,insurance
T00004589,2023-06-21 16:14:55,C000441,S0011,P00177,3,10.8,32.4,False,card
T00004590,2023-03-29 09:35:04,C000290,S0012,P00021,2,7.86,15.72,False,card
T00004591,2023-06-26 22:05:29,C000262,S0009,P00133,3,8.41,25.23,False,insurance
T00004592,2023-11-14 12:46:26,C000314,S0010,P00041,1,19.12,19.12,False,card
T00004593,2023-06-08 18:05:16,C000253,S0014,P00123,1,1.4,1.4,False,mobile
T00004594,2023-02-03 15:09:13,C000448,S0012,P00175,1,10.41,10.41,False,mobile
T00004595,2023-04-29 04:05:13,C000412,S0011,P00121,3,5.59,16.77,False,card
T00004596,2023-10-14 07:03:51,C000044,S0016,P00087,1,30.79,30.79,False,mobile
T00004597,2023-07-09 21:41:43,C000029,S0009,P00174,2,5.82,11.64,False,cash
T00004598,2023-07-23 21:47:37,C000314,S0015,P00141,3,3.12,9.36,False,insurance
T00004599,2023-06-06 22:32:05,C000086,S0017,P00042,1,16.81,16.81,False,insurance
T00004600,2023-04-17 13:42:58,C000372,S0006,P00065,1,1.64,1.64,False,card
T00004601,2023-08-06 17:35:41,C000194,S0006,P00170,2,25.04,50.08,False,mobile
T00004602,2023-08-19 10:39:41,C000467,S0007,P00172,2,6.26,12.52,True,mobile
T00004603,2023-11-23 21:58:38,C000393,S0009,P00142,1,8.56,8.56,False,insurance
T00004604,2023-08-13 20:56:18,C000142,S0017,P00035,4,3.85,15.4,True,card
T00004605,2023-12-29 04:24:09,C000221,S0007,P00029,1,10.93,10.93,False,cash
T00004606,2023-10-28 20:58:37,C000294,S0010,P00180,1,11.72,11.72,False,insurance
T00004607,2023-01-29 15:54:05,C000039,S0020,P00168,1,16.13,16.13,False,card
T00004608,2023-05-23 18:00:45,C000365,S0004,P00127,4,31.65,126.6,False,card
T00004609,2023-05-21 00:35:41,C000238,S0003,P00085,10,18.3,183.0,True,insurance
T00004610,2023-01-02 02:23:19,C000084,S0018,P00168,1,16.74,16.74,False,insurance
T00004611,2023-03-07 18:38:57,C000464,S0011,P00134,4,4.04,16.16,False,cash
T00004612,2023-05-09 04:07:28,C000350,S0020,P00120,1,3.84,3.84,False,cash
T00004613,2023-02-23 19:52:02,C000047,S0020,P00086,1,1.32,1.32,True,insurance
T00004614,2023-04-15 15:21:51,C000216,S0002,P00068,1,4.36,4.36,False,cash
T00004615,2023-04-10 23:48:21,C000100,S0020,P00187,1,1.45,1.45,False,mobile
T00004616,2023-03-05 12:45:23,C000057,S0007,P00089,1,2.93,2.93,True,insurance
T00004617,2023-02-06 20:00:47,C000186,S0009,P00148,1,5.93,5.93,True,card
T00004618,2023-10-06 02:58:07,C000357,S0020,P00012,1,10.07,10.07,False,insurance
T00004619,2023-10-28 03:01:54,C000368,S0006,P00191,1,5.99,5.99,False,card
T00004620,2023-06-30 15:34:42,C000167,S0017,P00043,2,14.2,28.4,False,card
T00004621,2023-08-13 00:41:38,C000214,S0015,P00082,3,6.15,18.45,False,card
T00004622,2023-12-01 14:31:46,C000017,S0003,P00199,2,7.58,15.16,True,cash
T00004623,2023-11-03 17:30:25,C000355,S0017,P00029,1,10.13,10.13,False,card
T00004624,2023-01-12 20:43:39,C000446,S0005,P00130,1,16.45,16.45,False,mobile
T00004625,2023-12-13 21:01:09,C000141,S0018,P00111,1,6.42,6.42,False,cash
T00004626,2023-01-25 09:07:11,C000140,S0020,P00157,1,35.11,35.11,False,insurance
T00004627,2023-01-10 16:08:03,C000463,S0012,P00063,1,11.39,11.39,False,card
T00004628,2023-05-27 18:59:53,C000477,S0003,P00166,1,4.71,4.71,False,insurance
T00004629,2023-09-29 11:46:18,C000491,S0011,P00124,1,7.16,7.16,False,mobile
T00004630,2023-01-30 05:18:09,C000238,S0013,P00037,1,1.37,1.37,False,card
T00004631,2023-04-17 15:33:12,C000154,S0001,P00086,1,2.15,2.15,False,insurance
T00004632,2023-04-06 15:12:20,C000028,S0020,P00010,1,5.0,5.0,False,insurance
T00004633,2023-05-25 15:31:23,C000014,S0011,P00116,4,7.22,28.88,False,cash
T00004634,2023-12-25 21:57:21,C000063,S0020,P00171,1,13.06,13.06,True,cash
T00004635,2023-05-01 15:14:11,C000234,S0009,P00160,1,3.83,3.83,True,cash
T00004636,2023-03-18 01:28:16,C000227,S0002,P00182,2,15.76,31.52,False,mobile
T00004637,2023-02-14 12:32:26,C000014,S0009,P00077,1,5.79,5.79,True,mobile
T00004638,2023-03-14 02:45:23,C000019,S0013,P00182,1,15.47,15.47,False,mobile
T00004639,2023-02-18 11:05:44,C000357,S0003,P00156,1,1.91,1.91,True,mobile
T00004640,2023-07-28 19:19:30,C000332,S0006,P00147,2,5.85,11.7,True,mobile
T00004641,2023-06-03 01:32:36,C000272,S0001,P00119,2,7.3,14.6,False,cash
T00004642,2023-07-01 06:30:47,C000035,S0007,P00010,1,5.49,5.49,False,cash
T00004643,2023-10-30 21:38:01,C000271,S0019,P00155,2,3.03,6.06,False,mobile
T00004644,2023-07-31 06:42:32,C000258,S0019,P00002,3,3.57,10.71,False,cash
T00004645,2023-02-26 11:33:42,C000466,S0002,P00040,1,24.97,24.97,False,mobile
T00004646,2023-05-18 03:09:34,C000236,S0020,P00030,2,14.96,29.92,False,cash
T00004647,2023-04-24 18:41:49,C000312,S0016,P00004,3,4.1,12.3,True,cash
T00004648,2023-10-28 22:35:46,C000499,S0006,P00017,1,36.25,36.25,False,cash
T00004649,2023-04-22 18:09:32,C000426,S0002,P00199,1,11.86,11.86,False,cash
T00004650,2023-02-20 10:38:23,C000093,S0015,P00105,4,4.22,16.88,False,cash
T00004651,2023-09-25 21:44:44,C000044,S0012,P00030,2,11.85,23.7,False,cash
T00004652,2023-06-05 22:26:17,C000420,S0011,P00165,1,7.17,7.17,False,insurance
T00004653,2023-02-04 21:27:25,C000113,S0014,P00031,4,2.22,8.88,False,mobile
T00004654,2023-09-09 01:45:34,C000368,S0007,P00014,3,3.42,10.26,False,cash
T00004655,2023-03-18 15:01:44,C000391,S0013,P00116,1,5.18,5.18,True,mobile
T00004656,2023-11-13 00:54:49,C000179,S0014,P00001,1,9.49,9.49,False,mobile
T00004657,2023-10-31 00:22:21,C000274,S0007,P00070,1,2.55,2.55,False,card
T00004658,2023-05-15 12:34:39,C000203,S0018,P00178,1,2.86,2.86,True,cash
T00004659,2023-07-22 05:40:54,C000385,S0009,P00015,1,10.77,10.77,False,card
T00004660,2023-07-26 15:49:32,C000401,S0018,P00126,1,7.06,7.06,False,insurance
T00004661,2023-08-26 20:20:18,C000210,S0008,P00178,1,4.05,4.05,False,cash
T00004662,2023-01-26 04:00:23,C000208,S0017,P00040,1,23.67,23.67,False,cash
T00004663,2023-04-29 05:52:14,C000074,S0007,P00114,4,18.23,72.92,False,insurance
T00004664,2023-03-03 23:54:27,C000393,S0013,P00159,2,6.58,13.16,False,insurance
T00004665,2023-09-11 21:19:45,C000073,S0020,P00009,1,19.46,19.46,False,card
T00004666,2023-01-26 03:59:27,C000471,S0009,P00034,1,6.35,6.35,True,mobile
T00004667,2023-07-08 04:09:43,C000174,S0014,P00092,3,11.11,33.33,False,mobile
T00004668,2023-09-22 22:46:03,C000010,S0007,P00146,1,8.83,8.83,False,cash
T00004669,2023-12-12 05:01:32,C000017,S0009,P00066,1,5.79,5.79,False,cash
T00004670,2023-04-15 20:29:31,C000070,S0006,P00017,1,33.81,33.81,False,card
T00004671,2023-01-03 21:39:10,C000050,S0019,P00009,1,20.37,20.37,False,cash
T00004672,2023-09-21 10:38:20,C000057,S0013,P00179,1,2.18,2.18,False,cash
T00004673,2023-01-01 13:30:41,C000114,S0019,P00056,1,10.76,10.76,False,card
T00004674,2023-01-25 04:03:19,C000472,S0008,P00138,1,1.3,1.3,False,cash
T00004675,2023-12-27 12:57:12,C000290,S0009,P00103,1,9.65,9.65,True,card
T00004676,2023-11-10 23:13:04,C000236,S0012,P00088,1,4.15,4.15,False,mobile
T00004677,2023-09-15 13:03:59,C000169,S0018,P00066,1,6.92,6.92,False,card
T00004678,2023-11-01 03:11:31,C000027,S0017,P00192,1,13.77,13.77,False,card
T00004679,2023-01-28 10:16:12,C000389,S0005,P00007,3,10.2,30.6,False,insurance
T00004680,2023-02-02 08:52:53,C000245,S0007,P00082,1,7.02,7.02,False,cash
T00004681,2023-04-20 12:02:32,C000112,S0020,P00142,1,7.46,7.46,True,insurance
T00004682,2023-01-09 15:32:12,C000488,S0001,P00177,1,11.88,11.88,False,mobile
T00004683,2023-11-20 08:18:02,C000398,S0014,P00142,1,9.76,9.76,False,card
T00004684,2023-01-21 11:44:20,C000148,S0005,P00053,4,3.07,12.28,False,mobile
T00004685,2023-07-18 00:44:02,C000059,S0012,P00003,5,5.6,28.0,False,mobile
T00004686,2023-11-07 17:18:48,C000469,S0014,P00095,1,3.72,3.72,False,card
T00004687,2023-09-25 12:50:29,C000402,S0016,P00134,1,3.94,3.94,False,mobile
T00004688,2023-03-27 10:22:11,C000253,S0007,P00121,2,5.94,11.88,False,cash
T00004689,2023-06-21 04:49:58,C000290,S0010,P00033,1,5.46,5.46,True,insurance
T00004690,2023-07-19 13:42:57,C000307,S0015,P00157,1,43.64,43.64,False,card
T00004691,2023-10-07 12:34:28,C000469,S0007,P00098,3,6.24,18.72,False,card
T00004692,2023-06-05 03:40:10,C000269,S0017,P00192,1,14.08,14.08,False,card
T00004693,2023-04-14 18:04:33,C000191,S0012,P00162,1,2.37,2.37,True,cash
T00004694,2023-10-17 13:42:40,C000065,S0007,P00184,4,5.25,21.0,False,insurance
T00004695,2023-11-19 16:16:56,C000010,S0013,P00189,5,7.68,38.4,False,insurance
T00004696,2023-06-27 23:00:56,C000398,S0003,P00007,1,11.81,11.81,False,cash
T00004697,2023-01-11 04:47:22,C000421,S0003,P00101,4,8.34,33.36,False,cash
T00004698,2023-07-02 05:46:23,C000049,S0019,P00093,3,5.3,15.9,False,insurance
T00004699,2023-11-20 16:51:00,C000356,S0013,P00012,1,10.16,10.16,False,cash
T00004700,2023-12-27 00:42:26,C000077,S0002,P00165,4,5.94,23.76,True,insurance
T00004701,2023-05-26 23:26:41,C000229,S0016,P00167,2,6.41,12.82,True,insurance
T00004702,2023-02-24 15:31:54,C000119,S0011,P00193,1,36.41,36.41,False,card
T00004703,2023-07-28 06:24:54,C000180,S0015,P00104,1,18.88,18.88,False,card
T00004704,2023-10-30 09:01:47,C000239,S0020,P00144,4,16.54,66.16,False,cash
T00004705,2023-12-10 23:33:48,C000420,S0010,P00073,1,41.9,41.9,False,cash
T00004706,2023-01-19 20:05:08,C000050,S0014,P00008,4,38.12,152.48,False,mobile
T00004707,2023-04-16 18:14:19,C000231,S0004,P00199,5,11.06,55.3,False,mobile
T00004708,2023-06-23 20:44:23,C000022,S0012,P00182,1,16.32,16.32,False,mobile
T00004709,2023-02-05 18:21:06,C000372,S0005,P00003,1,5.23,5.23,False,card
T00004710,2023-11-19 15:01:16,C000436,S0017,P00016,1,6.55,6.55,False,mobile
T00004711,2023-02-10 19:55:02,C000451,S0007,P00153,3,3.27,9.81,False,insurance
T00004712,2023-08-31 03:18:33,C000454,S0014,P00059,1,4.83,4.83,False,cash
T00004713,2023-12-01 09:08:48,C000191,S0003,P00025,1,7.67,7.67,False,insurance
T00004714,2023-09-07 10:02:06,C000465,S0018,P00081,3,8.88,26.64,False,mobile
T00004715,2023-10-05 19:22:30,C000308,S0003,P00126,1,7.11,7.11,False,insurance
T00004716,2023-04-06 20:20:23,C000206,S0005,P00189,1,7.4,7.4,False,mobile
T00004717,2023-10-29 04:46:32,C000291,S0018,P00046,1,4.6,4.6,False,insurance
T00004718,2023-06-02 08:40:10,C000176,S0016,P00058,1,16.32,16.32,False,card
T00004719,2023-01-23 07:42:10,C000041,S0011,P00120,1,2.62,2.62,True,mobile
T00004720,2023-05-14 10:27:08,C000228,S0005,P00193,4,36.22,144.88,False,mobile
T00004721,2023-05-08 08:12:20,C000161,S0010,P00112,1,5.02,5.02,True,mobile
T00004722,2023-07-09 19:19:40,C000076,S0018,P00123,1,1.43,1.43,False,insurance
T00004723,2023-04-07 09:31:55,C000211,S0008,P00001,1,7.76,7.76,True,mobile
T00004724,2023-06-18 06:01:23,C000234,S0019,P00173,1,19.52,19.52,False,mobile
T00004725,2023-06-05 18:44:33,C000275,S0020,P00067,4,7.65,30.6,False,cash
T00004726,2023-04-29 23:47:02,C000002,S0003,P00102,1,1.38,1.38,True,mobile
T00004727,2023-09-11 10:15:21,C000117,S0008,P00129,1,23.55,23.55,False,insurance
T00004728,2023-04-22 04:40:43,C000309,S0007,P00003,2,4.94,9.88,False,insurance
T00004729,2023-10-06 17:51:49,C000162,S0014,P00164,1,9.06,9.06,True,mobile
T00004730,2023-04-02 07:27:03,C000430,S0002,P00177,1,12.05,12.05,False,card
T00004731,2023-11-11 19:33:14,C000338,S0017,P00168,1,17.48,17.48,False,cash
T00004732,2023-05-13 21:03:10,C000339,S0018,P00087,1,27.55,27.55,False,mobile
T00004733,2023-01-15 19:31:30,C000432,S0016,P00008,2,35.35,70.7,False,insurance
T00004734,2023-02-24 13:53:19,C000257,S0004,P00067,1,7.86,7.86,False,mobile
T00004735,2023-10-21 11:27:48,C000391,S0015,P00007,2,10.12,20.24,False,insurance
T00004736,2023-11-14 10:42:12,C000345,S0016,P00176,3,14.75,44.25,True,card
T00004737,2023-03-19 03:51:23,C000113,S0013,P00042,1,15.45,15.45,False,cash
T00004738,2023-08-08 04:06:54,C000163,S0012,P00131,1,7.2,7.2,False,cash
T00004739,2023-07-29 01:29:31,C000437,S0004,P00128,1,5.24,5.24,False,insurance
T00004740,2023-02-18 16:45:29,C000483,S0002,P00190,1,6.72,6.72,False,cash
T00004741,2023-06-14 12:37:51,C000224,S0010,P00006,1,5.33,5.33,False,card
T00004742,2023-09-10 13:33:19,C000170,S0012,P00180,2,8.98,17.96,True,mobile
T00004743,2023-12-19 00:48:42,C000076,S0002,P00102,1,1.37,1.37,True,cash
T00004744,2023-11-05 13:12:52,C000346,S0011,P00084,2,8.75,17.5,False,mobile
T00004745,2023-02-05 14:40:27,C000331,S0017,P00171,1,15.2,15.2,True,cash
T00004746,2023-03-28 11:06:42,C000146,S0018,P00016,1,5.91,5.91,False,card
T00004747,2023-06-08 23:06:37,C000299,S0010,P00197,1,8.74,8.74,False,mobile
T00004748,2023-02-24 19:38:48,C000149,S0016,P00071,1,5.97,5.97,False,insurance
T00004749,2023-07-27 17:31:52,C000468,S0002,P00056,1,9.82,9.82,True,mobile
T00004750,2023-01-04 03:16:49,C000372,S0013,P00081,1,7.14,7.14,True,mobile
T00004751,2023-02-11 07:43:38,C000214,S0005,P00157,1,38.99,38.99,False,insurance
T00004752,2023-01-18 04:46:44,C000168,S0018,P00125,1,4.81,4.81,False,mobile
T00004753,2023-04-18 13:22:52,C000077,S0015,P00060,1,9.66,9.66,False,mobile
T00004754,2023-10-05 11:01:40,C000450,S0018,P00069,1,5.93,5.93,False,card
T00004755,2023-03-06 12:39:01,C000020,S0008,P00106,1,6.43,6.43,False,mobile
T00004756,2023-12-26 08:03:36,C000151,S0020,P00087,4,29.23,116.92,False,cash
T00004757,2023-04-09 02:43:13,C000460,S0001,P00128,1,3.88,3.88,True,mobile
T00004758,2023-01-17 08:04:28,C000315,S0002,P00134,1,3.82,3.82,False,mobile
T00004759,2023-05-03 02:52:04,C000120,S0014,P00008,2,37.49,74.98,False,insurance
T00004760,2023-09-30 07:08:53,C000127,S0011,P00088,2,4.14,8.28,False,cash
T00004761,2023-02-08 19:42:48,C000034,S0005,P00071,1,5.77,5.77,False,card
T00004762,2023-01-27 03:47:16,C000470,S0008,P00107,1,0.69,0.69,False,cash
T00004763,2023-11-06 03:52:00,C000349,S0006,P00156,1,2.48,2.48,False,card
T00004764,2023-08-04 12:52:21,C000175,S0009,P00042,1,15.56,15.56,False,insurance
T00004765,2023-05-05 22:35:24,C000080,S0018,P00022,1,6.51,6.51,False,cash
T00004766,2023-10-03 05:04:25,C000132,S0013,P00077,1,6.44,6.44,False,cash
T00004767,2023-11-04 08:01:37,C000071,S0020,P00173,2,18.99,37.98,False,insurance
T00004768,2023-05-11 18:00:34,C000160,S0015,P00197,1,9.09,9.09,False,card
T00004769,2023-07-24 06:28:59,C000329,S0015,P00033,1,6.52,6.52,False,mobile
T00004770,2023-01-04 23:31:32,C000413,S0006,P00163,1,30.36,30.36,False,mobile
T00004771,2023-04-22 10:22:23,C000260,S0004,P00110,1,7.78,7.78,False,mobile
T00004772,2023-08-05 15:34:27,C000401,S0018,P00132,1,7.87,7.87,False,mobile
T00004773,2023-03-13 17:52:18,C000091,S0002,P00200,1,8.59,8.59,False,cash
T00004774,2023-12-27 19:30:48,C000356,S0014,P00112,5,7.37,36.85,False,insurance
T00004775,2023-12-20 11:54:20,C000213,S0007,P00122,1,13.14,13.14,False,insurance
T00004776,2023-04-04 18:32:45,C000165,S0010,P00163,5,32.94,164.7,False,mobile
T00004777,2023-05-25 06:37:37,C000089,S0004,P00101,1,8.46,8.46,False,cash
T00004778,2023-03-10 23:23:45,C000130,S0008,P00050,2,15.08,30.16,False,insurance
T00004779,2023-07-03 10:30:31,C000413,S0020,P00200,1,6.95,6.95,False,insurance
T00004780,2023-02-15 02:36:59,C000384,S0010,P00171,1,15.59,15.59,False,card
T00004781,2023-05-23 07:19:21,C000464,S0007,P00016,1,7.29,7.29,False,card
T00004782,2023-07-22 02:42:47,C000197,S0011,P00057,2,15.18,30.36,False,card
T00004783,2023-08-11 17:04:34,C000350,S0006,P00082,1,7.04,7.04,False,insurance
T00004784,2023-08-06 02:32:40,C000038,S0002,P00016,1,7.39,7.39,False,card
T00004785,2023-03-22 14:19:10,C000277,S0007,P00153,2,3.23,6.46,False,mobile
T00004786,2023-10-16 09:16:41,C000417,S0019,P00010,3,4.67,14.01,False,cash
T00004787,2023-09-09 19:07:08,C000046,S0014,P00039,1,3.44,3.44,True,card
T00004788,2023-10-02 02:50:53,C000362,S0011,P00064,5,8.1,40.5,False,card
T00004789,2023-06-20 07:10:15,C000353,S0013,P00051,2,5.85,11.7,False,insurance
T00004790,2023-11-21 21:14:33,C000181,S0020,P00170,1,17.83,17.83,True,insurance
T00004791,2023-05-22 21:47:58,C000276,S0015,P00181,4,8.24,32.96,False,insurance
T00004792,2023-10-21 07:13:49,C000112,S0019,P00147,1,7.58,7.58,False,card
T00004793,2023-03-16 02:01:53,C000462,S0013,P00166,1,4.75,4.75,False,insurance
T00004794,2023-04-01 00:07:31,C000419,S0011,P00023,1,33.91,33.91,True,cash
T00004795,2023-07-11 17:38:35,C000396,S0003,P00193,1,32.76,32.76,True,insurance
T00004796,2023-07-22 08:08:42,C000421,S0009,P00011,2,5.62,11.24,False,insurance
T00004797,2023-09-29 14:56:33,C000463,S0012,P00084,1,8.73,8.73,False,card
T00004798,2023-04-19 06:11:27,C000269,S0018,P00090,1,6.85,6.85,False,cash
T00004799,2023-11-14 15:28:27,C000443,S0018,P00197,4,9.3,37.2,False,mobile
T00004800,2023-05-01 01:00:18,C000066,S0005,P00140,4,11.01,44.04,False,cash
T00004801,2023-07-14 10:37:32,C000361,S0003,P00036,1,28.29,28.29,False,cash
T00004802,2023-12-06 05:27:58,C000202,S0020,P00193,1,30.88,30.88,True,insurance
T00004803,2023-07-16 08:12:52,C000396,S0003,P00014,1,3.8,3.8,False,insurance
T00004804,2023-09-06 05:02:34,C000077,S0003,P00048,2,16.09,32.18,False,insurance
T00004805,2023-11-27 17:44:45,C000190,S0008,P00192,1,14.59,14.59,False,insurance
T00004806,2023-12-21 18:01:19,C000409,S0019,P00084,1,8.51,8.51,False,card
T00004807,2023-07-01 18:49:14,C000091,S0020,P00172,1,7.52,7.52,False,cash
T00004808,2023-06-01 18:08:52,C000323,S0014,P00041,1,20.49,20.49,False,cash
T00004809,2023-03-13 16:23:15,C000153,S0001,P00199,2,10.56,21.12,False,mobile
T00004810,2023-07-15 15:03:17,C000060,S0013,P00186,1,18.16,18.16,False,insurance
T00004811,2023-12-01 06:36:18,C000360,S0008,P00038,10,21.58,215.8,False,insurance
T00004812,2023-06-27 07:26:25,C000280,S0011,P00035,5,5.89,29.45,False,mobile
T00004813,2023-05-07 20:18:13,C000261,S0010,P00105,3,4.27,12.81,False,cash
T00004814,2023-02-09 01:15:35,C000015,S0020,P00036,2,29.95,59.9,False,insurance
T00004815,2023-05-22 20:42:11,C000084,S0002,P00157,1,40.45,40.45,False,insurance
T00004816,2023-03-28 03:49:43,C000383,S0015,P00089,1,3.17,3.17,False,insurance
T00004817,2023-12-22 12:34:21,C000455,S0002,P00027,4,6.48,25.92,False,card
T00004818,2023-07-12 01:25:53,C000445,S0019,P00036,1,31.05,31.05,False,cash
T00004819,2023-01-25 12:34:55,C000468,S0004,P00197,1,7.71,7.71,False,card
T00004820,2023-11-06 16:05:42,C000113,S0019,P00117,2,12.41,24.82,False,mobile
T00004821,2023-12-06 01:15:06,C000292,S0015,P00070,1,2.92,2.92,False,mobile
T00004822,2023-10-05 17:35:53,C000373,S0004,P00042,1,12.83,12.83,True,card
T00004823,2023-02-15 01:53:54,C000208,S0007,P00075,1,5.74,5.74,True,insurance
T00004824,2023-02-05 18:37:19,C000423,S0007,P00016,1,6.43,6.43,False,card
T00004825,2023-03-14 01:33:35,C000060,S0002,P00128,1,4.81,4.81,False,mobile
T00004826,2023-10-01 09:55:42,C000324,S0005,P00195,1,7.45,7.45,False,cash
T00004827,2023-10-06 13:50:47,C000186,S0001,P00170,3,24.69,74.07,False,mobile
T00004828,2023-11-01 23:26:25,C000410,S0001,P00103,1,7.31,7.31,True,card
T00004829,2023-02-05 06:49:12,C000213,S0010,P00164,1,9.83,9.83,True,card
T00004830,2023-02-25 18:28:26,C000056,S0004,P00051,1,3.93,3.93,True,mobile
T00004831,2023-11-24 16:49:47,C000498,S0008,P00152,1,2.54,2.54,False,insurance
T00004832,2023-12-05 01:30:38,C000322,S0020,P00006,1,5.36,5.36,False,card
T00004833,2023-09-22 03:43:25,C000416,S0019,P00062,2,13.42,26.84,False,mobile
T00004834,2023-02-08 14:20:59,C000410,S0017,P00079,2,15.91,31.82,False,cash
T00004835,2023-01-25 23:28:18,C000165,S0018,P00199,1,11.25,11.25,False,insurance
T00004836,2023-01-21 05:36:29,C000314,S0009,P00197,1,9.14,9.14,False,cash
T00004837,2023-09-09 19:58:34,C000380,S0016,P00160,1,5.48,5.48,False,mobile
T00004838,2023-11-04 22:22:06,C000409,S0016,P00150,1,20.7,20.7,False,cash
T00004839,2023-08-18 21:54:25,C000014,S0001,P00064,1,7.65,7.65,False,cash
T00004840,2023-04-06 09:43:33,C000492,S0007,P00076,2,3.56,7.12,False,card
T00004841,2023-10-03 16:12:17,C000025,S0008,P00050,1,16.22,16.22,False,mobile
T00004842,2023-01-22 12:33:39,C000114,S0020,P00167,1,7.98,7.98,False,mobile
T00004843,2023-10-29 11:08:12,C000294,S0018,P00100,1,11.68,11.68,False,cash
T00004844,2023-11-21 15:29:29,C000445,S0018,P00155,2,2.87,5.74,False,mobile
T00004845,2023-09-19 11:30:38,C000191,S0013,P00103,1,11.16,11.16,False,cash
T00004846,2023-11-17 01:15:12,C000373,S0007,P00036,2,25.58,51.16,False,mobile
T00004847,2023-08-02 08:50:10,C000423,S0011,P00129,1,23.4,23.4,False,cash
T00004848,2023-06-20 11:37:58,C000306,S0008,P00178,2,4.95,9.9,False,cash
T00004849,2023-04-28 09:02:22,C000278,S0012,P00012,1,10.88,10.88,False,insurance
T00004850,2023-12-02 12:03:06,C000157,S0014,P00110,1,8.57,8.57,False,card
T00004851,2023-09-11 19:22:58,C000392,S0016,P00144,1,17.03,17.03,False,mobile
T00004852,2023-03-11 08:09:35,C000112,S0004,P00154,1,21.59,21.59,False,insurance
T00004853,2023-12-15 08:06:14,C000056,S0001,P00188,3,1.94,5.82,False,insurance
T00004854,2023-01-22 13:12:47,C000281,S0008,P00005,1,14.01,14.01,False,card
T00004855,2023-08-02 20:35:25,C000476,S0017,P00021,1,7.09,7.09,False,cash
T00004856,2023-03-11 08:35:08,C000075,S0015,P00110,1,8.0,8.0,False,card
T00004857,2023-08-30 19:43:01,C000022,S0007,P00178,2,3.02,6.04,True,insurance
T00004858,2023-05-31 04:55:54,C000299,S0006,P00150,1,20.35,20.35,False,card
T00004859,2023-06-09 02:45:02,C000121,S0003,P00120,1,3.9,3.9,False,cash
T00004860,2023-09-02 10:35:54,C000033,S0017,P00066,1,6.59,6.59,False,mobile
T00004861,2023-10-03 05:28:17,C000389,S0010,P00167,1,8.9,8.9,False,card
T00004862,2023-05-19 08:03:06,C000498,S0014,P00170,2,26.45,52.9,False,insurance
T00004863,2023-12-30 03:37:21,C000455,S0011,P00088,1,4.28,4.28,False,card
T00004864,2023-07-01 10:39:13,C000290,S0001,P00141,1,2.75,2.75,False,card
T00004865,2023-02-28 09:09:40,C000055,S0001,P00101,1,9.02,9.02,False,insurance
T00004866,2023-01-03 07:53:55,C000028,S0007,P00184,1,5.56,5.56,False,insurance
T00004867,2023-03-15 16:12:45,C000188,S0019,P00056,2,11.57,23.14,False,insurance
T00004868,2023-09-09 13:23:40,C000032,S0015,P00018,1,4.44,4.44,False,card
T00004869,2023-07-16 08:31:42,C000190,S0002,P00125,1,3.13,3.13,True,insurance
T00004870,2023-05-03 23:17:14,C000313,S0004,P00175,5,9.91,49.55,False,mobile
T00004871,2023-06-25 05:17:44,C000155,S0020,P00034,1,8.0,8.0,False,insurance
T00004872,2023-11-02 01:51:32,C000387,S0004,P00111,1,6.0,6.0,True,mobile
T00004873,2023-07-28 01:14:01,C000301,S0012,P00152,1,2.86,2.86,False,mobile
T00004874,2023-01-22 03:31:47,C000491,S0019,P00124,1,6.64,6.64,False,card
T00004875,2023-01-18 20:42:39,C000192,S0017,P00181,1,8.04,8.04,False,insurance
T00004876,2023-06-25 11:11:35,C000162,S0011,P00057,3,14.97,44.91,False,insurance
T00004877,2023-05-28 03:45:33,C000258,S0009,P00157,1,45.73,45.73,False,card
T00004878,2023-11-06 13:58:48,C000283,S0019,P00169,3,51.34,154.02,True,card
T00004879,2023-08-01 04:53:53,C000223,S0018,P00133,1,7.95,7.95,False,insurance
T00004880,2023-10-03 11:56:45,C000055,S0019,P00010,10,4.55,45.5,True,mobile
T00004881,2023-08-02 00:13:54,C000075,S0011,P00018,1,4.08,4.08,False,insurance
T00004882,2023-05-06 16:21:32,C000132,S0004,P00096,1,6.53,6.53,False,insurance
T00004883,2023-08-28 06:28:10,C000312,S0018,P00082,1,6.76,6.76,False,mobile
T00004884,2023-08-15 04:48:02,C000370,S0011,P00132,3,8.14,24.42,False,mobile
T00004885,2023-09-20 03:48:26,C000477,S0007,P00172,1,7.91,7.91,False,card
T00004886,2023-03-10 21:12:33,C000449,S0018,P00017,1,35.19,35.19,False,cash
T00004887,2023-08-22 12:33:23,C000012,S0011,P00143,1,4.7,4.7,False,insurance
T00004888,2023-04-14 21:51:57,C000145,S0011,P00005,2,15.4,30.8,False,card
T00004889,2023-10-15 15:33:51,C000117,S0019,P00043,1,14.71,14.71,False,cash
T00004890,2023-10-18 15:54:46,C000494,S0006,P00032,4,12.83,51.32,False,mobile
T00004891,2023-08-16 09:54:32,C000166,S0016,P00135,1,9.08,9.08,True,cash
T00004892,2023-12-11 14:21:17,C000117,S0004,P00103,1,9.86,9.86,False,cash
T00004893,2023-07-15 15:40:01,C000111,S0009,P00074,1,3.27,3.27,False,mobile
T00004894,2023-01-10 03:36:15,C000224,S0009,P00176,2,17.97,35.94,False,cash
T00004895,2023-08-09 15:43:55,C000230,S0018,P00003,1,5.17,5.17,False,card
T00004896,2023-10-11 01:57:27,C000199,S0016,P00064,1,7.71,7.71,False,card
T00004897,2023-02-08 01:47:26,C000094,S0019,P00136,1,4.48,4.48,False,insurance
T00004898,2023-04-10 10:17:44,C000081,S0013,P00032,1,15.49,15.49,False,card
T00004899,2023-11-04 07:20:29,C000386,S0018,P00061,1,7.1,7.1,False,card
T00004900,2023-07-11 23:21:52,C000005,S0016,P00184,3,5.23,15.69,False,mobile
T00004901,2023-12-22 10:10:42,C000315,S0004,P00081,3,8.03,24.09,False,card
T00004902,2023-11-14 18:24:59,C000307,S0004,P00125,1,4.79,4.79,False,cash
T00004903,2023-07-21 23:01:39,C000086,S0017,P00080,1,14.6,14.6,False,cash
T00004904,2023-09-05 04:11:40,C000328,S0017,P00071,1,5.58,5.58,False,insurance
T00004905,2023-05-01 11:37:55,C000303,S0015,P00059,1,4.1,4.1,True,mobile
T00004906,2023-02-02 21:48:17,C000387,S0012,P00079,1,11.75,11.75,True,cash
T00004907,2023-05-26 03:22:22,C000151,S0003,P00151,5,51.71,258.55,False,cash
T00004908,2023-08-04 14:06:50,C000025,S0004,P00146,1,8.84,8.84,False,insurance
T00004909,2023-03-08 07:38:03,C000208,S0018,P00032,1,13.92,13.92,False,card
T00004910,2023-03-22 17:06:11,C000112,S0018,P00061,1,7.79,7.79,False,mobile
T00004911,2023-01-06 10:59:19,C000047,S0009,P00005,4,15.52,62.08,False,cash
T00004912,2023-09-25 04:22:07,C000389,S0006,P00197,2,6.94,13.88,True,cash
T00004913,2023-11-24 09:24:46,C000464,S0010,P00005,3,11.05,33.15,True,cash
T00004914,2023-10-29 04:31:24,C000407,S0020,P00147,2,6.98,13.96,False,insurance
T00004915,2023-05-19 07:39:15,C000399,S0013,P00169,1,58.17,58.17,False,mobile
T00004916,2023-08-05 00:26:02,C000273,S0016,P00044,1,45.59,45.59,False,insurance
T00004917,2023-12-16 17:35:08,C000033,S0013,P00124,1,5.97,5.97,False,cash
T00004918,2023-08-04 06:08:38,C000400,S0010,P00031,1,2.29,2.29,False,insurance
T00004919,2023-04-18 16:52:25,C000122,S0015,P00030,1,13.37,13.37,False,mobile
T00004920,2023-05-04 05:56:05,C000224,S0009,P00196,4,7.56,30.24,False,insurance
T00004921,2023-09-22 16:13:38,C000236,S0007,P00129,1,25.59,25.59,False,insurance
T00004922,2023-06-12 10:26:25,C000053,S0017,P00157,1,35.08,35.08,True,mobile
T00004923,2023-11-01 18:42:08,C000102,S0011,P00078,1,5.63,5.63,False,card
T00004924,2023-11-11 12:51:02,C000212,S0005,P00053,3,3.02,9.06,False,insurance
T00004925,2023-01-14 01:02:35,C000214,S0014,P00163,1,31.36,31.36,False,mobile
T00004926,2023-09-21 06:55:35,C000344,S0009,P00088,2,4.78,9.56,False,cash
T00004927,2023-05-15 15:57:57,C000165,S0003,P00019,1,3.36,3.36,False,cash
T00004928,2023-07-09 04:34:05,C000346,S0013,P00174,1,5.42,5.42,False,card
T00004929,2023-04-07 09:14:18,C000005,S0002,P00161,1,11.34,11.34,False,insurance
T00004930,2023-05-15 00:52:41,C000355,S0008,P00048,1,14.57,14.57,False,mobile
T00004931,2023-05-01 06:12:07,C000258,S0006,P00023,5,43.9,219.5,False,cash
T00004932,2023-01-19 08:07:02,C000052,S0016,P00073,1,27.27,27.27,True,card
T00004933,2023-10-12 22:17:26,C000449,S0015,P00081,1,8.56,8.56,False,insurance
T00004934,2023-02-22 01:18:45,C000037,S0002,P00038,1,25.31,25.31,False,cash
T00004935,2023-05-17 18:58:29,C000288,S0005,P00180,3,9.47,28.41,True,card
T00004936,2023-03-12 06:16:05,C000002,S0007,P00049,2,2.27,4.54,True,mobile
T00004937,2023-02-28 11:05:01,C000371,S0013,P00106,1,6.66,6.66,False,mobile
T00004938,2023-05-16 21:52:43,C000162,S0016,P00030,2,14.28,28.56,False,cash
T00004939,2023-12-01 10:20:19,C000194,S0001,P00127,1,32.53,32.53,False,insurance
T00004940,2023-12-10 16:02:20,C000100,S0015,P00050,1,15.75,15.75,False,mobile
T00004941,2023-05-19 22:31:59,C000378,S0020,P00145,10,19.76,197.6,False,insurance
T00004942,2023-07-03 21:01:12,C000356,S0001,P00096,1,5.99,5.99,False,mobile
T00004943,2023-12-25 19:03:48,C000475,S0013,P00029,4,10.3,41.2,False,card
T00004944,2023-03-27 11:33:49,C000072,S0008,P00120,1,3.79,3.79,False,insurance
T00004945,2023-12-10 20:57:53,C000443,S0004,P00019,1,3.43,3.43,False,cash
T00004946,2023-02-08 11:49:59,C000485,S0002,P00181,1,9.2,9.2,False,insurance
T00004947,2023-03-24 05:03:44,C000361,S0004,P00028,2,12.4,24.8,False,insurance
T00004948,2023-05-04 03:26:13,C000209,S0001,P00098,1,4.94,4.94,True,card
T00004949,2023-01-14 11:58:03,C000486,S0010,P00116,2,7.02,14.04,False,cash
T00004950,2023-10-24 22:13:23,C000499,S0007,P00143,1,4.52,4.52,False,insurance
T00004951,2023-11-08 08:54:50,C000400,S0006,P00009,1,20.35,20.35,False,cash
T00004952,2023-05-20 12:52:57,C000399,S0016,P00032,4,11.53,46.12,True,insurance
T00004953,2023-11-01 10:40:03,C000486,S0006,P00082,2,6.5,13.0,False,insurance
T00004954,2023-10-09 04:36:39,C000201,S0019,P00140,1,9.17,9.17,True,insurance
T00004955,2023-10-19 17:04:44,C000020,S0008,P00037,1,0.92,0.92,True,insurance
T00004956,2023-10-20 04:25:51,C000178,S0014,P00151,1,54.92,54.92,False,mobile
T00004957,2023-07-28 17:56:28,C000134,S0002,P00004,1,4.62,4.62,False,mobile
T00004958,2023-02-10 08:07:48,C000262,S0007,P00103,1,9.75,9.75,False,card
T00004959,2023-12-03 03:34:40,C000238,S0015,P00159,1,4.58,4.58,True,mobile
T00004960,2023-08-10 13:15:06,C000263,S0004,P00176,1,19.18,19.18,False,mobile
T00004961,2023-11-25 01:26:41,C000116,S0015,P00051,10,5.38,53.8,False,card
T00004962,2023-12-16 02:39:48,C000119,S0016,P00068,1,4.45,4.45,False,card
T00004963,2023-03-10 03:03:07,C000125,S0018,P00153,4,3.08,12.32,False,insurance
T00004964,2023-03-12 01:37:38,C000396,S0003,P00029,1,8.53,8.53,True,card
T00004965,2023-01-19 13:02:51,C000433,S0015,P00195,2,6.84,13.68,False,cash
T00004966,2023-12-18 18:31:35,C000445,S0008,P00134,10,3.87,38.7,False,cash
T00004967,2023-12-03 01:58:21,C000116,S0003,P00112,5,6.68,33.4,False,card
T00004968,2023-12-06 03:41:56,C000459,S0003,P00084,1,8.33,8.33,False,cash
T00004969,2023-11-18 15:42:31,C000306,S0003,P00171,1,16.35,16.35,False,mobile
T00004970,2023-08-25 03:41:11,C000496,S0014,P00015,5,8.72,43.6,True,card
T00004971,2023-07-10 01:25:40,C000235,S0018,P00027,3,5.03,15.09,True,mobile
T00004972,2023-12-27 21:30:58,C000394,S0018,P00001,1,9.46,9.46,False,card
T00004973,2023-07-21 00:29:00,C000052,S0013,P00062,1,13.08,13.08,False,insurance
T00004974,2023-08-22 20:16:50,C000314,S0018,P00065,10,1.58,15.8,False,mobile
T00004975,2023-03-19 01:46:13,C000145,S0014,P00019,1,2.95,2.95,False,insurance
T00004976,2023-09-29 19:14:34,C000221,S0012,P00061,1,7.38,7.38,False,card
T00004977,2023-10-26 06:43:19,C000103,S0004,P00095,1,2.62,2.62,True,cash
T00004978,2023-09-04 23:37:07,C000144,S0003,P00105,1,4.18,4.18,False,mobile
T00004979,2023-07-01 11:46:12,C000169,S0004,P00093,2,5.27,10.54,False,cash
T00004980,2023-03-14 00:34:31,C000458,S0004,P00170,1,21.05,21.05,True,mobile
T00004981,2023-01-13 07:57:23,C000158,S0001,P00113,3,5.42,16.26,False,mobile
T00004982,2023-08-17 08:10:56,C000227,S0003,P00156,5,2.43,12.15,False,insurance
T00004983,2023-09-06 14:49:07,C000030,S0009,P00060,10,10.05,100.5,False,cash
T00004984,2023-10-09 05:34:03,C000376,S0011,P00189,1,7.98,7.98,False,card
T00004985,2023-12-12 23:32:08,C000433,S0011,P00195,2,5.16,10.32,True,card
T00004986,2023-07-01 00:56:51,C000285,S0011,P00167,1,7.53,7.53,False,cash
T00004987,2023-10-29 19:27:32,C000317,S0016,P00049,1,2.63,2.63,False,cash
T00004988,2023-09-18 17:31:11,C000456,S0019,P00040,1,20.11,20.11,True,insurance
T00004989,2023-04-11 21:36:10,C000080,S0013,P00062,3,12.96,38.88,False,mobile
T00004990,2023-11-04 14:58:26,C000227,S0001,P00004,1,4.63,4.63,False,cash
T00004991,2023-01-20 09:50:52,C000469,S0002,P00038,1,21.91,21.91,False,insurance
T00004992,2023-08-06 23:54:14,C000441,S0005,P00100,1,12.16,12.16,False,insurance
T00004993,2023-12-09 06:54:36,C000345,S0012,P00188,1,2.16,2.16,False,mobile
T00004994,2023-08-28 20:42:12,C000010,S0020,P00192,1,13.86,13.86,False,mobile
T00004995,2023-12-08 02:10:48,C000286,S0018,P00069,1,6.06,6.06,False,card
T00004996,2023-01-21 10:35:59,C000254,S0013,P00090,1,6.97,6.97,False,mobile
T00004997,2023-07-13 19:10:49,C000123,S0003,P00127,1,32.3,32.3,False,insurance
T00004998,2023-10-12 03:25:43,C000433,S0009,P00015,4,10.6,42.4,False,insurance
T00004999,2023-08-22 19:17:06,C000107,S0017,P00170,5,26.13,130.65,False,mobile
T00005000,2023-11-17 12:22:00,C000477,S0020,P00128,3,5.39,16.17,False,insurance
